,title,author,genre_1,genre_2,brank,rate,count,isbn
0,무엇인지 무엇이었는지 무엇일 수 있는지,최유수,"시/에세이, ","나라별 에세이, 한국에세이, ",951,9.8,27.0,9791195704613.0
1,오십 미터,허연,"시/에세이, ","한국시, 현대시, ",952,9.56,24.0,9788932028415.0
2,하늘과 바람과 별과 시,윤동주100년포럼,"시/에세이, ","한국시, 현대시, ",28,9.93,112.0,9791157956357.0
3,하늘과 바람과 별과 시,윤동주100년포럼,"시/에세이, ","한국시, 현대시, ",28,9.93,112.0,9788932922300.0
4,하늘과 바람과 별과 시,윤동주100년포럼,"시/에세이, ","한국시, 현대시, ",28,9.93,112.0,9788998046682.0
5,"간호사, 너 자신이 되어라",한화순,"시/에세이, 기술/공학, ","나라별 에세이, 한국에세이, 의학, 의학이야기, ",954,10.0,13.0,9788955967371.0
6,나를 깨우는 서늘한 말,노재현,"시/에세이, ","나라별 에세이, 한국에세이, ",955,8.57,6.0,9788927806998.0
7,라면을 끓이며,김훈,"시/에세이, ","나라별 에세이, 한국에세이, ",956,9.26,116.0,9788954637770.0
8,그대가 곁에 있어도 나는 그대가 그립다,류시화,"시/에세이, ","한국시, 현대시, ",957,9.35,34.0,9788970639475.0
9,희지의 세계,황인찬,"시/에세이, ","한국시, 현대시, ",958,9.39,20.0,9788937408342.0
10,행복일기: 기초편,최성애,"시/에세이, 시/에세이, 자기계발, ","테마에세이, 일기/편지, 나라별 에세이, 한국에세이, 성공/처세, 삶의지혜/조언, ",959,9.81,15.0,9788993834413.0
11,신이 말해 준 것,닐 도날드 월쉬,"시/에세이, 시/에세이, ","테마에세이, 명언/지혜, 나라별 에세이, 영미에세이, ",960,9.45,22.0,9791186686027.0
12,사는 게 뭐라고,사노 요코,"시/에세이, ","나라별 에세이, 일본에세이, ",961,8.99,128.0,9788960902299.0
13,이렇게 작지만 확실한 행복,무라카미 하루키,"시/에세이, ","나라별 에세이, 일본에세이, ",962,9.55,61.0,9788970129150.0
14,수선화에게,정호승,"시/에세이, ","한국시, 현대시, ",963,9.59,59.0,9791185014838.0
15,"당신, 전생에서 읽어드립니다",박진여,"시/에세이, ","나라별 에세이, 한국에세이, ",964,9.56,40.0,9788934970453.0
16,그래도 괜찮은 하루,구작가,"시/에세이, ","나라별 에세이, 한국에세이, ",965,9.71,174.0,9788959138876.0
17,이성복 아포리즘 (네 고통은 나뭇잎 하나 푸르게 하지 못한다),이성복,"시/에세이, ","나라별 에세이, 한국에세이, ",966,9.5,30.0,9788954629621.0
18,노동의 새벽,박노해,"시/에세이, ","한국시, 현대시, ",967,9.3,14.0,9788991418172.0
19,필 때도 질 때도 동백꽃처럼,이해인,"시/에세이, 시/에세이, ","한국시, 현대시, 나라별 에세이, 한국에세이, ",968,9.23,40.0,9788960902084.0
20,"짧은 이야기, 긴 생각",이어령,"시/에세이, ","나라별 에세이, 한국에세이, ",969,8.82,35.0,9788997536887.0
21,흔들리지 않고 피는 꽃이 어디 있으랴,도종환,"시/에세이, ","한국시, 현대시, ",970,9.63,102.0,9788925552774.0
22,항상 나를 가로막는 나에게,알프레드 아들러 (원저),"시/에세이, 인문, ","나라별 에세이, 독일에세이, 심리학, 교양심리, ",971,9.38,31.0,9791195012572.0
23,히말라야 환상방황,정유정,"시/에세이, 여행, ","나라별 에세이, 한국에세이, 여행에세이, ",972,9.33,46.0,9788956607726.0
24,꿈 포기하지 않으면 불가능은 없다,고승덕,"시/에세이, 시/에세이, 시/에세이, 정치/사회, ","나라별 에세이, 한국에세이, 인물/자전적에세이, 자전적에세이, 인물/자전적에세이, 정치가/법조인, 법학, 법학일반, ",973,10.0,6.0,9788996753025.0
25,말들이 돌아오는 시간,나희덕,"시/에세이, ","한국시, 현대시, ",974,9.07,15.0,9788932025308.0
26,포트레이트 인 재즈,무라카미 하루키,"시/에세이, 예술/대중문화, 예술/대중문화, ","나라별 에세이, 일본에세이, 음악, 음악이론, 음악, 대중음악, ",975,9.77,26.0,9788970128948.0
27,밤 열한 시,황경신,"시/에세이, ","나라별 에세이, 한국에세이, ",976,9.17,45.0,9788973816828.0
28,정원에서 보내는 시간,헤르만 헤세,"시/에세이, ","나라별 에세이, 독일에세이, ",977,9.4,26.0,9788901156392.0
29,행복의 충격,김화영,"시/에세이, ","나라별 에세이, 한국에세이, ",978,9.49,25.0,9788954618748.0
30,사람풍경,김형경,"시/에세이, ","나라별 에세이, 한국에세이, ",979,9.08,33.0,9788996773207.0
31,무신론자를 위한 종교,알랭 드 보통,"시/에세이, ","나라별 에세이, 기타국가에세이, ",980,8.91,34.0,9788986836431.0
32,느낌의 공동체,신형철,"시/에세이, ","나라별 에세이, 한국에세이, ",981,9.68,46.0,9788954614511.0
33,언더그라운드,무라카미 하루키,"시/에세이, ","나라별 에세이, 일본에세이, ",982,9.77,46.0,9788954613361.0
34,티베트의 즐거운 지혜,욘게이 밍규르 린포체,"시/에세이, 시/에세이, ","테마에세이, 명언/지혜, 나라별 에세이, 기타국가에세이, ",983,8.83,26.0,9788993838015.0
35,로르카 시 선집,페데리코 가르시아 로르카,"시/에세이, ","해외시, 기타나라/여러나라시, ",984,9.23,9.0,9788932403458.0
36,흙 속에 저 바람 속에,이어령,"시/에세이, ","나라별 에세이, 한국에세이, ",985,9.95,28.0,9788970128207.0
37,작은 기쁨,이해인,"시/에세이, ","한국시, 현대시, ",986,9.29,33.0,9788970635910.0
38,마음사전,김소연,"시/에세이, ","나라별 에세이, 한국에세이, ",987,9.27,123.0,9788960900271.0
39,지중해의 성자 다스칼로스 2,키리아코스C. 마르키데스,"시/에세이, ","나라별 에세이, 기타국가에세이, ",988,9.88,23.0,9788935702954.0
40,주기율표,프리모 레비,"시/에세이, ","나라별 에세이, 기타국가에세이, ",989,9.42,28.0,9788971992654.0
41,이것이 인간인가,프리모 레비,"시/에세이, ","나라별 에세이, 기타국가에세이, ",990,9.39,165.0,9788971992647.0
42,칼 같은 글쓰기,아니 에르노 외,"시/에세이, ","나라별 에세이, 프랑스에세이, ",991,9.72,12.0,9788954600446.0
43,새와 나무와 새똥 그리고 돌멩이,오규원,"시/에세이, ","한국시, 현대시, ",992,9.64,5.0,9788932016092.0
44,무탄트 메시지,말로 모건,"시/에세이, ","나라별 에세이, 영미에세이, ",993,9.17,53.0,9788935702251.0
45,도시농부,천혜빈,"시/에세이, ","나라별 에세이, 한국에세이, ",994,0.0,,9791159351426.0
46,새가 노래하는 집,송길자,"시/에세이, ","한국시, 현대시, ",995,0.0,,9791192907130.0
47,식물을 그리는 여자,백희순,"시/에세이, 시/에세이, ","테마에세이, 그림에세이, 나라별 에세이, 한국에세이, ",996,0.0,,9791193127339.0
48,늦게 가는 시계,이국형,"시/에세이, ","한국시, 현대시, ",997,0.0,,9791192079653.0
49,당신 참 멋있다,김현,"시/에세이, ","나라별 에세이, 한국에세이, ",998,10.0,1.0,9788967442590.0
50,술꾼의 정석,심현희,"시/에세이, ","나라별 에세이, 한국에세이, ",999,0.0,,9791185469225.0
51,잔잔한 물결처럼 잠시 쉬어가길,최성원,"시/에세이, ","나라별 에세이, 한국에세이, ",1000,0.0,,9791192644806.0
52,긴 호흡,메리 올리버,"시/에세이, ","해외시, 영미시, ",901,9.72,47.0,9788960906037.0
53,알아주든 말든,소노 아야코,"시/에세이, ","나라별 에세이, 일본에세이, ",902,10.0,11.0,9791186274521.0
54,낡은 옷을 벗어라,법정,"시/에세이, ","나라별 에세이, 한국에세이, ",903,9.62,44.0,9791189147082.0
55,아직 늦지 않았다,마쓰모토 세이초,"시/에세이, ","나라별 에세이, 일본에세이, ",904,10.0,1.0,9788976966438.0
56,이러지도 저러지도 못하는 당신에게,강주원,"시/에세이, ","나라별 에세이, 한국에세이, ",905,9.23,197.0,9791196656515.0
57,당신에게서 다 자란 개냄새가 나,나이석 외,"시/에세이, ","한국시, 현대시, ",906,10.0,1.0,9791196280680.0
58,너에게만 좋은 사람이 되고 싶어(리커버 한정판),유귀선,"시/에세이, ","나라별 에세이, 한국에세이, ",907,9.58,164.0,9791196814304.0
59,헤어짐이 어려운 너에게,박지영,"시/에세이, ","나라별 에세이, 한국에세이, ",908,10.0,10.0,9791196464127.0
60,사랑하기 좋은 계절에,이묵돌,"시/에세이, ","나라별 에세이, 한국에세이, ",909,9.77,59.0,9791162142899.0
61,노견일기 1,정우열,"시/에세이, 시/에세이, ","테마에세이, 그림에세이, 나라별 에세이, 한국에세이, ",910,10.0,31.0,9791196688301.0
62,나는 내가 잘됐으면 좋겠다,아이얼원,"시/에세이, ","나라별 에세이, 중국에세이, ",911,9.43,15.0,9791189279615.0
63,나 개 있음에 감사하오,강지혜 외,"시/에세이, ","한국시, 현대시, ",912,8.89,10.0,9791189467128.0
64,사랑은 살려달라고 하는 일 아니겠나,황학주,"시/에세이, ","한국시, 현대시, ",913,9.03,11.0,9788954656788.0
65,"찰리 브라운, 걱정이 없으면 걱정이 없겠네",찰스 M. 슐츠,"시/에세이, ","나라별 에세이, 영미에세이, ",914,9.38,23.0,9788925566634.0
66,마음의 결,태희,"시/에세이, 시/에세이, 자기계발, ","나라별 에세이, 한국에세이, 테마에세이, 사랑/연애에세이, 인간관계, 인간관계일반, ",915,9.45,248.0,9791196464110.0
67,밤은 길지라도 우리 내일은,고재종 외,"시/에세이, ","한국시, 현대시, ",916,7.5,1.0,9788936477028.0
68,"아무튼, 식물",임이랑,"시/에세이, ","나라별 에세이, 한국에세이, ",917,9.62,44.0,9791188605071.0
69,요리를 대하는 마음가짐,기타오지 로산진,"시/에세이, ","나라별 에세이, 일본에세이, ",918,9.0,3.0,9788967355920.0
70,우리가 아는 모든 언어,존 버거,"시/에세이, ","나라별 에세이, 영미에세이, ",919,9.63,11.0,9788930105835.0
71,허난설헌 시선,허난설헌,"시/에세이, ","한국시, 시조/한시(고전), ",920,9.31,10.0,9788971156964.0
72,우리 다른 이야기 하자,조해주,"시/에세이, ","한국시, 현대시, ",921,8.88,14.0,9791189467104.0
73,좋아하는 걸 좋아하는 게 취미,김신지,"시/에세이, ","나라별 에세이, 한국에세이, ",922,9.05,24.0,9791196541804.0
74,영원에 무늬가 있다면(A Pattern of Eternity),최유수,"시/에세이, ","나라별 에세이, 한국에세이, ",923,9.76,12.0,9791195704699.0
75,곰신일기,곰신지기,"시/에세이, ","나라별 에세이, 한국에세이, ",924,9.55,8.0,9791158731274.0
76,감옥으로부터의 사색,신영복,"시/에세이, 시/에세이, ","테마에세이, 일기/편지, 나라별 에세이, 한국에세이, ",925,9.77,121.0,9788971999110.0
77,하하 하이고,실키,"시/에세이, ","나라별 에세이, 한국에세이, ",926,10.0,13.0,9788932319445.0
78,예고 없이(미니북),민감성,"시/에세이, ","나라별 에세이, 한국에세이, ",927,6.25,2.0,9788969522870.0
79,한때 소중했던 것들(빛 에디션),이기주,"시/에세이, ","나라별 에세이, 한국에세이, ",928,9.4,425.0,9791158160807.0
80,혼자 있기 좋은 방,우지현,"시/에세이, ","나라별 에세이, 한국에세이, ",929,9.43,59.0,9791162203736.0
81,셰익스피어 소네트,윌리엄 셰익스피어,"시/에세이, ","해외시, 영미시, ",930,9.72,56.0,9788937475306.0
82,내가 정말 알아야 할 모든 것은 유치원에서 배웠다,로버트 풀검,"시/에세이, ","나라별 에세이, 영미에세이, ",931,9.2,45.0,9788925563800.0
83,너에게 난 나에게 넌 세트,동그라미 외,"시/에세이, ","나라별 에세이, 한국에세이, ",932,9.5,29.0,9788969522429.0
84,지지 않는다는 말,김연수,"시/에세이, ","나라별 에세이, 한국에세이, ",933,9.7,46.0,9791187119784.0
85,세계는 넓고 할 일은 많다,김우중,"시/에세이, 시/에세이, 시/에세이, 경제/경영, 경제/경영, ","나라별 에세이, 한국에세이, 인물/자전적에세이, 자전적에세이, 인물/자전적에세이, 기업가, 경영일반, 국내경영이야기, 경영일반, 국내기업가, ",934,9.93,29.0,9788997296682.0
86,김수영 전집 1: 시(김수영 사후 50주년 기념 결정판),이영준,"시/에세이, ","한국시, 현대시, ",935,9.8,58.0,9788937407147.0
87,단 하나의 눈송이,사이토 마리코,"시/에세이, ","해외시, 일본시, ",936,10.0,6.0,9791186372180.0
88,나는 당신이 살았으면 좋겠습니다,이수연,"시/에세이, ","나라별 에세이, 한국에세이, ",439,10.0,6.0,9791198024015.0
89,나는 당신이 살았으면 좋겠습니다,이수연,"시/에세이, ","나라별 에세이, 한국에세이, ",439,10.0,6.0,9791187192787.0
90,처음같이 이제와 항상 영원히,유안진,"시/에세이, 종교, ","나라별 에세이, 한국에세이, 가톨릭, 가톨릭일반, ",938,10.0,2.0,9788932114927.0
91,나는 누가 살다 간 여름일까,권대웅,"시/에세이, ","한국시, 현대시, ",939,9.43,26.0,9788954646628.0
92,그대를 듣는다,정재찬,"시/에세이, ","나라별 에세이, 한국에세이, ",940,9.62,33.0,9791160800333.0
93,온,안미옥,"시/에세이, ","한국시, 현대시, ",941,9.42,19.0,9788936424084.0
94,황무지,T. S. 엘리엇,"시/에세이, ","해외시, 영미시, ",942,9.74,33.0,9788937475177.0
95,"멈추면, 비로소 보이는 것들",혜민,"시/에세이, 시/에세이, ","테마에세이, 명상/치유에세이, 나라별 에세이, 한국에세이, ",943,9.48,363.0,9791187498100.0
96,서서히 서서히 그러나 반드시,김민준,"시/에세이, ","나라별 에세이, 한국에세이, ",944,9.81,57.0,9791195949526.0
97,인생은 혼자 떠나는 모험이다,김승진,"시/에세이, 여행, ","나라별 에세이, 한국에세이, 여행에세이, ",945,9.79,19.0,9788965703747.0
98,블로노트(Blonote),타블로,"시/에세이, ","나라별 에세이, 한국에세이, ",946,9.48,249.0,9791158160432.0
99,나 안 괜찮아,실키,"시/에세이, ","나라별 에세이, 한국에세이, ",947,9.67,61.0,9788932318134.0
100,유에서 유,오은,"시/에세이, ","한국시, 현대시, ",948,9.67,40.0,9788932028842.0
101,라오스에 대체 뭐가 있는데요?,무라카미 하루키,"시/에세이, 여행, ","나라별 에세이, 일본에세이, 여행에세이, ",949,9.34,212.0,9788954640466.0
102,사랑은 지옥에서 온 개,찰스 부코스키,"시/에세이, ","해외시, 독일시, ",950,9.29,24.0,9788937475122.0
103,알파벳만 알고 무작정 떠난 호주 워킹홀리데이,이경희,"시/에세이, 여행, ","나라별 에세이, 한국에세이, 테마여행, 워킹홀리데이, ",851,10.0,28.0,9791196535742.0
104,당신에게 시가 있다면 당신은 혼자가 아닙니다,류근 외,"시/에세이, ","한국시, 현대시, ",852,9.59,35.0,9791167140050.0
105,왜 아가리로만 할까?,박정한 외,"시/에세이, ","나라별 에세이, 한국에세이, ",853,9.53,55.0,9791159256486.0
106,귀여워서 또 보게 되는 물고기도감,임현,"시/에세이, 시/에세이, ","테마에세이, 그림에세이, 나라별 에세이, 한국에세이, ",854,9.88,33.0,9791188073696.0
107,일기시대,문보영,"시/에세이, ","나라별 에세이, 한국에세이, ",855,9.44,31.0,9788937419416.0
108,우리는 우리를 잊지 못하고( 여름에디션),김민철,"시/에세이, ","나라별 에세이, 한국에세이, ",856,9.85,51.0,9791191248111.0
109,아픔이 마중하는 세계에서,양창모,"시/에세이, ","나라별 에세이, 한국에세이, ",857,9.85,23.0,9791160404708.0
110,도움받는 기분,백은선,"시/에세이, ","한국시, 현대시, ",858,9.82,16.0,9788932038292.0
111,마흔에게 그림책이 들려준 말,최정은,"시/에세이, ","나라별 에세이, 한국에세이, ",859,10.0,3.0,9791189363109.0
112,당신이 오려면 여름이 필요해,민구,"시/에세이, ","한국시, 현대시, ",860,10.0,2.0,9791189467241.0
113,"아무튼, 클래식",김호경,"시/에세이, ","나라별 에세이, 한국에세이, ",861,9.77,11.0,9791188605187.0
114,나는 사별하였다,이정숙 외,"시/에세이, ","나라별 에세이, 한국에세이, ",862,9.85,18.0,9791186910290.0
115,그늘까지도 인생이니까,박용만,"시/에세이, 시/에세이, 시/에세이, 경제/경영, 경제/경영, ","나라별 에세이, 한국에세이, 인물/자전적에세이, 자전적에세이, 인물/자전적에세이, 기업가, 경영일반, 국내경영이야기, 경영일반, 국내기업가, ",863,9.59,37.0,9788960906648.0
116,소란스러운 세상 속 혼자를 위한 책,데비 텅,"시/에세이, 시/에세이, 만화, ","테마에세이, 그림에세이, 나라별 에세이, 영미에세이, 웹툰/카툰에세이, 웹툰일반, ",864,9.58,86.0,9791155813379.0
117,"좋아서 읽습니다, 그림책",좋아서하는그림책연구회 외,"시/에세이, ","나라별 에세이, 한국에세이, ",865,10.0,18.0,9791190776356.0
118,아무도 사랑하고 싶지 않던 밤,김남준,"시/에세이, ","나라별 에세이, 한국에세이, ",866,9.68,67.0,9788934991038.0
119,이건희 담대한 명언,김옥림,"시/에세이, 시/에세이, ","테마에세이, 명언/지혜, 나라별 에세이, 한국에세이, ",867,9.66,21.0,9791188794676.0
120,네가 혼자서 울지 않았으면 좋겠다,안상현,"시/에세이, ","나라별 에세이, 한국에세이, ",868,9.86,42.0,9791190931199.0
121,내가 죽고 싶다고 하자 삶이 농담을 시작했다,김현진,"시/에세이, ","나라별 에세이, 한국에세이, ",869,8.98,12.0,9791189336301.0
122,천 개의 아침,메리 올리버,"시/에세이, ","해외시, 영미시, ",870,9.66,40.0,9788960906518.0
123,피아노 이야기,러셀 셔먼,"시/에세이, 시/에세이, 예술/대중문화, ","나라별 에세이, 영미에세이, 인물/자전적에세이, 자전적에세이, 음악, 교양음악, ",871,9.35,17.0,9791191071184.0
124,일상적인 삶,장 그르니에,"시/에세이, ","나라별 에세이, 프랑스에세이, ",872,9.31,17.0,9788937402883.0
125,부지런한 사랑,이슬아,"시/에세이, ","나라별 에세이, 한국에세이, ",873,9.63,86.0,9788954675352.0
126,고양이를 버리다,무라카미 하루키,"시/에세이, ","나라별 에세이, 일본에세이, ",874,8.79,89.0,9788934992097.0
127,그렇게 말해줘서 고마워,김유진,"시/에세이, ","나라별 에세이, 한국에세이, ",875,9.75,85.0,9791190299145.0
128,떠난 후에 남겨진 것들,김새별 외,"시/에세이, ","나라별 에세이, 한국에세이, ",876,9.5,132.0,9788935213283.0
129,"아무튼, 달리기",김상민,"시/에세이, ","나라별 에세이, 한국에세이, ",877,9.79,26.0,9791186602553.0
130,죽고 싶지만 떡볶이는 먹고 싶어(합본),백세희,"시/에세이, ","나라별 에세이, 한국에세이, ",878,10.0,13.0,9791190474016.0
131,멀쩡한 어른 되긴 글렀군,최고운,"시/에세이, 시/에세이, ","테마에세이, 캐릭터에세이, 나라별 에세이, 한국에세이, ",879,9.51,28.0,9791190908573.0
132,좋은 감각은 필요합니다,마쓰우라 야타로,"시/에세이, ","나라별 에세이, 일본에세이, ",880,9.62,26.0,9791159350696.0
133,희한한 위로,강세형,"시/에세이, ","나라별 에세이, 한국에세이, ",881,9.84,61.0,9791190382229.0
134,일부러 틀리게 진심으로,김경인,"시/에세이, ","한국시, 현대시, ",882,9.61,10.0,9788954672177.0
135,당신은 언제 노래가 되지,허연,"시/에세이, ","한국시, 현대시, ",883,9.61,31.0,9788932037479.0
136,달리기가 나에게 알려준 것들,오세진,"시/에세이, ","나라별 에세이, 한국에세이, ",884,9.64,4.0,9791187383529.0
137,달리기와 존재하기,조지 쉬언,"시/에세이, ","나라별 에세이, 영미에세이, ",885,9.22,24.0,9788956993898.0
138,엄마도 엄마를 사랑했으면 좋겠어(1주년 기념 특별판),장해주,"시/에세이, ","나라별 에세이, 한국에세이, ",886,9.81,62.0,9788968332562.0
139,영화와 시,정지돈,"시/에세이, ","나라별 에세이, 한국에세이, ",887,8.7,16.0,9791196517182.0
140,편안하고 사랑스럽고 그래 세트(20만부 판매기념 영문수록 개정판),퍼엉,"시/에세이, 시/에세이, ","테마에세이, 그림에세이, 나라별 에세이, 한국에세이, ",888,10.0,5.0,9791190630825.0
141,나에게 시간을 주기로 했다,오리여인,"시/에세이, ","나라별 에세이, 한국에세이, ",889,9.67,112.0,9791190382182.0
142,생강빵과 진저브레드,김지현,"시/에세이, ","나라별 에세이, 한국에세이, ",890,9.26,63.0,9788934932659.0
143,생명의 차창에서,호시노 겐,"시/에세이, ","나라별 에세이, 일본에세이, ",891,10.0,9.0,9788937490989.0
144,"서툴지만, 잘 살고 싶다는 마음",이정현,"시/에세이, ","나라별 에세이, 한국에세이, ",892,8.75,12.0,9788968332500.0
145,김소월 시집 진달래 꽃,김소월,"시/에세이, ","한국시, 현대시, ",893,9.8,32.0,9788925568737.0
146,모월모일,박연준,"시/에세이, ","나라별 에세이, 한국에세이, ",894,9.54,83.0,9788954670920.0
147,제법 안온한 날들,남궁인,"시/에세이, ","나라별 에세이, 한국에세이, ",895,9.57,119.0,9788954670807.0
148,삶이 그대를 속일지라도,알렉산드르 푸시킨,"시/에세이, ","해외시, 기타나라/여러나라시, ",896,10.0,17.0,9791164451807.0
149,나의 비거니즘 만화,보선,"시/에세이, 시/에세이, ","테마에세이, 그림에세이, 나라별 에세이, 한국에세이, ",897,9.67,41.0,9791156758075.0
150,정본 백석 시집,백석,"시/에세이, ","한국시, 현대시, ",898,9.76,32.0,9788954670319.0
151,내일이 두려운 오늘의 너에게,조성용(흔글),"시/에세이, ","나라별 에세이, 한국에세이, ",899,9.72,57.0,9788969523839.0
152,가장 깊은 받아들임,제프 포스터,"시/에세이, ","나라별 에세이, 영미에세이, ",900,9.23,8.0,9788989590774.0
153,문장과 순간,박웅현,"시/에세이, ","나라별 에세이, 한국에세이, ",801,9.36,74.0,9791197977008.0
154,녹스,앤 카슨,"시/에세이, ","나라별 에세이, 영미에세이, ",802,10.0,7.0,9791186372975.0
155,천 개의 목격자,황민구,"시/에세이, ","나라별 에세이, 한국에세이, ",803,9.67,10.0,9791162144121.0
156,쇳밥일지,천현우,"시/에세이, ","나라별 에세이, 한국에세이, ",804,9.45,40.0,9788954688109.0
157,금요일엔 시골집으로 퇴근합니다,김미리,"시/에세이, ","나라별 에세이, 한국에세이, ",805,9.4,28.0,9791160808773.0
158,시를 쓰는 이유,슬릿스코프 편집부 외,"시/에세이, ","한국시, 현대시, ",806,10.0,2.0,9791197858307.0
159,아이스크림: 좋았던 것들이 하나씩 시시해져도,하현,"시/에세이, ","나라별 에세이, 한국에세이, ",807,10.0,13.0,9791192107646.0
160,마음이 힘들 땐 고양이를 세어 봐,토마쓰리,"시/에세이, 시/에세이, ","테마에세이, 그림에세이, 나라별 에세이, 한국에세이, ",808,10.0,17.0,9791162144077.0
161,한 개의 기쁨이 천 개의 슬픔을 이긴다: 삶과 태도에 관하여,조우성,"시/에세이, ","나라별 에세이, 한국에세이, ",809,9.87,65.0,9791165345105.0
162,한 개의 기쁨이 천 개의 슬픔을 이긴다: 일과 선택에 관하여,조우성,"시/에세이, ","나라별 에세이, 한국에세이, ",810,9.94,31.0,9791165345112.0
163,당신이라는 기적,정한경,"시/에세이, ","나라별 에세이, 한국에세이, ",811,9.9,81.0,9791191891119.0
164,울림,마틴 슐레스케,"시/에세이, ","나라별 에세이, 독일에세이, ",812,10.0,7.0,9791189722555.0
165,비움,오쇼 라즈니쉬,"시/에세이, 시/에세이, ","테마에세이, 명상/치유에세이, 나라별 에세이, 기타국가에세이, ",813,9.5,12.0,9791160272468.0
166,꽃말의 탄생,샐리 쿨타드,"시/에세이, ","나라별 에세이, 영미에세이, ",814,9.42,27.0,9791157688081.0
167,감히 아름다움,최재천,"시/에세이, ","나라별 에세이, 한국에세이, ",815,10.0,3.0,9791190944748.0
168,어금니 깨물기,김소연,"시/에세이, ","나라별 에세이, 한국에세이, ",816,9.85,18.0,9788960907423.0
169,어른의 일기,김애리,"시/에세이, ","나라별 에세이, 한국에세이, ",817,9.74,33.0,9791168270398.0
170,퇴사합니다. 독립하려고요,스몰브랜더 외,"시/에세이, ","나라별 에세이, 한국에세이, ",818,10.0,6.0,9791160808506.0
171,문재인의 위로,더휴먼 편집부,"시/에세이, 시/에세이, 시/에세이, 정치/사회, ","테마에세이, 포토에세이, 나라별 에세이, 한국에세이, 인물/자전적에세이, 정치가/법조인, 정치/외교, 정치가, ",819,9.72,212.0,9791164455676.0
172,멈춰서서 가만히,정명희,"시/에세이, ","나라별 에세이, 한국에세이, ",820,9.77,14.0,9791167740434.0
173,차일드 해럴드의 순례,조지 고든 바이런,"시/에세이, ","해외시, 영미시, ",821,10.0,3.0,9788937475573.0
174,내 영혼은 오래되었으나,허수경,"시/에세이, ","한국시, 현대시, ",822,10.0,4.0,9788954671354.0
175,백석 정본,백석,"시/에세이, 시/에세이, ","한국시, 현대시, 나라별 에세이, 한국에세이, ",823,9.72,29.0,9788954685795.0
176,소울 센텐스(SOUL SENTENCE),하상미,"시/에세이, ","나라별 에세이, 한국에세이, ",824,9.52,15.0,9791196205577.0
177,참회록,레프 톨스토이,"시/에세이, ","나라별 에세이, 기타국가에세이, ",825,10.0,1.0,9788954684873.0
178,엉망인 채 완전한 축제,술라이커 저우아드,"시/에세이, ","나라별 에세이, 영미에세이, ",826,10.0,9.0,9791155814314.0
179,지금 이대로 좋다(큰글자책),법륜,"시/에세이, ","나라별 에세이, 한국에세이, ",827,10.0,6.0,9791187297321.0
180,메이 머스크: 여자는 계획을 세운다,메이 머스크,"시/에세이, 시/에세이, ","나라별 에세이, 영미에세이, 인물/자전적에세이, 자전적에세이, ",828,9.23,13.0,9788954684156.0
181,어떤 나무들은,최승자,"시/에세이, ","나라별 에세이, 한국에세이, ",829,10.0,13.0,9791191859140.0
182,한 게으른 시인의 이야기,최승자,"시/에세이, ","나라별 에세이, 한국에세이, ",830,9.7,83.0,9791191859133.0
183,다정하기 싫어서 다정하게,김현,"시/에세이, ","나라별 에세이, 한국에세이, ",831,9.77,8.0,9788936478919.0
184,단어의 집,안희연,"시/에세이, ","나라별 에세이, 한국에세이, ",832,9.58,31.0,9791160406818.0
185,나는 왜 엄마가 힘들까(리커버 에디션),썸머,"시/에세이, 가정/육아, ","나라별 에세이, 한국에세이, 자녀교육, 부모교육, ",833,8.75,10.0,9791190365246.0
186,공룡 테라피,제임스 스튜어트,"시/에세이, ","나라별 에세이, 영미에세이, ",834,9.79,10.0,9791155814208.0
187,빛과 안개,최유수,"시/에세이, ","나라별 에세이, 한국에세이, ",835,0.0,,9791195704644.0
188,이제 그냥 즐기려고요,김태균,"시/에세이, ","나라별 에세이, 한국에세이, ",836,9.73,22.0,9791191401080.0
189,너는 물처럼 내게 밀려오라(리커버),이정하,"시/에세이, ","한국시, 현대시, ",837,10.0,2.0,9788974565398.0
190,"너무 빨리 지나가버린, 너무 늦게 깨달아버린 1",고든 리빙스턴,"시/에세이, ","나라별 에세이, 영미에세이, ",838,9.81,10.0,9788901253398.0
191,당신을 위한 것이나 당신의 것은 아닌,정지돈,"시/에세이, ","나라별 에세이, 한국에세이, ",839,9.71,18.0,9788954682510.0
192,우울,안소연 외 53명,"시/에세이, ","한국시, 현대시, ",840,10.0,2.0,9791197032172.0
193,나는 울트라 러너다,심재덕,"시/에세이, 시/에세이, 취미/실용/스포츠, ","나라별 에세이, 한국에세이, 인물/자전적에세이, 자전적에세이, 스포츠, 마라톤/달리기/걷기, ",841,10.0,1.0,9791155100974.0
194,인생은 실전이다,주언규 외,"시/에세이, ","나라별 에세이, 한국에세이, ",842,9.12,209.0,9791197549304.0
195,비에 도착하는 사람들은 모두 제시간에 온다,신용목,"시/에세이, ","한국시, 현대시, ",843,9.84,16.0,9788954681827.0
196,쓸 수 없는 문장들,안리타,"시/에세이, ","나라별 에세이, 한국에세이, ",844,10.0,7.0,9791196182991.0
197,수평으로 함께 잠겨보려고,강지이,"시/에세이, ","한국시, 현대시, ",845,9.84,17.0,9788936424626.0
198,이웃집 퀴어 이반지하,이반지하,"시/에세이, ","나라별 에세이, 한국에세이, ",846,9.69,19.0,9788954681308.0
199,어둠 속에서 빛나는 것들,신순규,"시/에세이, ","나라별 에세이, 한국에세이, ",847,9.64,38.0,9791158889746.0
200,우리 사이엔 오해가 있다,이슬아 외,"시/에세이, ","나라별 에세이, 한국에세이, ",848,9.37,46.0,9788954681025.0
201,찰리 브라운과 그의 친구들 이야기,앤드류 파라고,"시/에세이, ","나라별 에세이, 영미에세이, ",849,10.0,6.0,9791164454914.0
202,당신과 이렇게 살고 싶어요: 구딩 노부부처럼,긴숨,"시/에세이, 시/에세이, ","테마에세이, 그림에세이, 나라별 에세이, 한국에세이, ",850,10.0,13.0,9791161691657.0
203,백 일의 밤 백 편의 시,이영주,"시/에세이, ","한국시, 현대시, ",751,10.0,8.0,9788958079545.0
204,하늘과 바람과 별과 시(리커버 한정판) : 초호화 블랙 벨벳 금장 에디션,윤동주,"시/에세이, ","한국시, 현대시, ",752,10.0,2.0,9791164456727.0
205,"그대가 보고 싶어, 울었다",인썸,"시/에세이, ","나라별 에세이, 한국에세이, ",753,9.95,32.0,9791198224217.0
206,그냥 믿어주는 일,미야모토 테루,"시/에세이, ","나라별 에세이, 일본에세이, ",754,9.38,5.0,9791189336585.0
207,홍당무는 이제 안녕,이정화,"시/에세이, ","나라별 에세이, 한국에세이, ",755,10.0,29.0,9791192742038.0
208,작은 신,김개미,"시/에세이, ","한국시, 현대시, ",756,8.33,5.0,9788954691543.0
209,생텍쥐페리의 문장들,생텍쥐페리,"시/에세이, ","나라별 에세이, 프랑스에세이, ",757,10.0,4.0,9788960908062.0
210,태양의 풍속,김기림,"시/에세이, ","한국시, 현대시, ",758,10.0,5.0,9788932922263.0
211,이제 시작해도 괜찮아,정회일,"시/에세이, ","나라별 에세이, 한국에세이, ",759,10.0,18.0,9791191360660.0
212,요즘 사는 맛 2,고수리 외,"시/에세이, ","나라별 에세이, 한국에세이, ",760,9.38,20.0,9791168126022.0
213,영어 때문에 나만큼 아파봤니?,김재흠,"시/에세이, ","나라별 에세이, 한국에세이, ",761,9.85,25.0,9791192486659.0
214,체육복을 읽는 아침,이원재,"시/에세이, ","나라별 에세이, 한국에세이, ",762,10.0,7.0,9791196769482.0
215,디 에센셜: 김수영(보급판),김수영,"시/에세이, ","한국시, 현대시, ",763,9.38,6.0,9788937442988.0
216,넌 안녕하니,소노 아야코,"시/에세이, ","나라별 에세이, 일본에세이, ",764,9.56,12.0,9791192753034.0
217,거침없이 내성적인,이자켓,"시/에세이, ","한국시, 현대시, ",765,9.17,7.0,9788932041322.0
218,김호연의 작업실,김호연,"시/에세이, ","나라별 에세이, 한국에세이, ",766,10.0,16.0,9791161692371.0
219,소설가라는 이상한 직업,장강명,"시/에세이, ","나라별 에세이, 한국에세이, ",767,9.45,43.0,9791198159601.0
220,"하늘과 바람과 별과 시(윤동주 유고시집, 1955년 정음사 오리지널 초판본)",윤동주,"시/에세이, ","한국시, 현대시, ",768,10.0,10.0,9791164455881.0
221,그저께 보낸 메일,김광규,"시/에세이, ","한국시, 현대시, ",769,9.17,5.0,9788932041186.0
222,이 다정함이 모여 아주 조금만 더 행복해지길,새벽 세시,"시/에세이, ","나라별 에세이, 한국에세이, ",770,9.93,26.0,9791190299763.0
223,페이크 fake,알앤써니,"시/에세이, ","나라별 에세이, 한국에세이, ",771,10.0,16.0,9791197856945.0
224,행복을 담아줄게,나란,"시/에세이, ","나라별 에세이, 한국에세이, ",772,9.55,23.0,9791191891249.0
225,암시랑토앙케,정양,"시/에세이, ","한국시, 현대시, ",773,10.0,1.0,9791188071562.0
226,빛의 체인,전수오,"시/에세이, ","한국시, 현대시, ",774,10.0,6.0,9788937409271.0
227,"사서, 고생",김선영,"시/에세이, ","나라별 에세이, 한국에세이, ",775,10.0,8.0,9791192776200.0
228,엄마가 호호호 웃으면 마음 끝이 아렸다,박태이,"시/에세이, ","나라별 에세이, 한국에세이, ",776,10.0,8.0,9791190408318.0
229,길을 묻다,이길여,"시/에세이, 시/에세이, ","나라별 에세이, 한국에세이, 인물/자전적에세이, 자전적에세이, ",777,9.81,12.0,9788946422292.0
230,우리는 매일 한 뼘씩 자라날 거야,현이,"시/에세이, ","나라별 에세이, 한국에세이, ",778,9.67,18.0,9791164161379.0
231,우리가 명함이 없지 일을 안 했냐,경향신문 젠더기획팀,"시/에세이, 역사/문화, ","나라별 에세이, 한국에세이, 세계사, 교양세계사, ",779,9.55,14.0,9791160809350.0
232,슬픔이 주는 기쁨(리커버),알랭 드 보통,"시/에세이, ","나라별 에세이, 영미에세이, ",780,9.88,14.0,9788986836851.0
233,우리의 노래는 이미,홍인혜,"시/에세이, ","한국시, 현대시, ",781,7.5,2.0,9791189467746.0
234,쓰는 직업,곽아람,"시/에세이, ","나라별 에세이, 한국에세이, ",782,9.82,9.0,9788960907850.0
235,"우동, 건축 그리고 일본",남택,"시/에세이, ","나라별 에세이, 한국에세이, ",783,5.71,4.0,9788965235422.0
236,당신의 연애에 답한다,전메리,"시/에세이, 시/에세이, ","테마에세이, 사랑/연애에세이, 나라별 에세이, 한국에세이, ",784,10.0,1.0,9791191292954.0
237,젖은 풍경은 잘 말리기,이기리,"시/에세이, ","한국시, 현대시, ",785,10.0,2.0,9788932040998.0
238,그리움이 나를 밀고 간다,헤르만 헤세,"시/에세이, 시/에세이, ","인물/자전적에세이, 자전적에세이, 나라별 에세이, 독일에세이, ",786,0.0,,9788976045614.0
239,이게 다 외로워서 그래,오마르(양해민),"시/에세이, ","나라별 에세이, 한국에세이, ",787,9.61,23.0,9791130695235.0
240,"아름다운 삶, 사랑 그리고 마무리",헬렌 니어링,"시/에세이, ","나라별 에세이, 영미에세이, ",788,10.0,2.0,9791163142720.0
241,"하루가 끝나면, 따뜻하게 안아주세요",봄사무소(박새봄),"시/에세이, 시/에세이, ","테마에세이, 그림에세이, 나라별 에세이, 한국에세이, ",789,10.0,6.0,9791138335256.0
242,내가 이유인 것 같아서,이우성,"시/에세이, ","한국시, 현대시, ",790,9.38,5.0,9788932040646.0
243,목소리가 하는 일,심규혁,"시/에세이, ","나라별 에세이, 한국에세이, ",791,0.0,,9791195341436.0
244,매일을 헤엄치는 법(스노우 에디션),이연,"시/에세이, 시/에세이, ","테마에세이, 그림에세이, 나라별 에세이, 한국에세이, ",792,10.0,7.0,9791156759980.0
245,아무것도 아닌 것이 행복이다,크리슈나무르티,"시/에세이, 시/에세이, ","테마에세이, 명상/치유에세이, 나라별 에세이, 기타국가에세이, ",793,10.0,1.0,9791189004446.0
246,"내가 좋아하는 것들, 명상",용수,"시/에세이, 시/에세이, ","테마에세이, 명상/치유에세이, 나라별 에세이, 한국에세이, ",794,10.0,4.0,9791188613274.0
247,소공포,배시은,"시/에세이, ","한국시, 현대시, ",795,9.17,5.0,9788937409240.0
248,카메라를 끄고 씁니다,양영희,"시/에세이, ","나라별 에세이, 한국에세이, ",796,9.74,15.0,9788960907775.0
249,당신에게 위로가 되었으면 좋겠습니다,정서아,"시/에세이, ","나라별 에세이, 한국에세이, ",797,10.0,5.0,9791198033604.0
250,음식은 맛있고 인생은 깊어갑니다,최갑수,"시/에세이, ","나라별 에세이, 한국에세이, ",798,10.0,5.0,9791197842627.0
251,당신은 반드시 잘될 겁니다,최대호,"시/에세이, ","나라별 에세이, 한국에세이, ",799,9.44,13.0,9791192579191.0
252,"곰돌이 푸, 서두르지 않아도 괜찮아",곰돌이 푸,"시/에세이, 시/에세이, ","테마에세이, 캐릭터에세이, 나라별 에세이, 영미에세이, ",800,9.46,937.0,9788925563367.0
253,순례자,파울로 코엘료,"시/에세이, ","나라별 에세이, 기타국가에세이, ",701,9.33,111.0,9788954616003.0
254,보통의 존재,이석원,"시/에세이, ","나라별 에세이, 한국에세이, ",702,9.13,442.0,9788993928037.0
255,뒹구는 돌은 언제 잠 깨는가,이성복,"시/에세이, ","한국시, 현대시, ",703,9.42,33.0,9788932001036.0
256,지중해의 성자 다스칼로스 1,키리아코스C. 마르키데스,"시/에세이, ","나라별 에세이, 기타국가에세이, ",704,9.81,30.0,9788935702947.0
257,쉽게 읽는 백범일지,김구,"시/에세이, 시/에세이, 시/에세이, 역사/문화, 역사/문화, ","테마에세이, 일기/편지, 나라별 에세이, 한국에세이, 인물/자전적에세이, 역사인물, 한국사, 한국역사인물, 역사인물, 한국역사인물, ",705,9.74,42.0,9788971992296.0
258,악의 꽃,샤를 보들레르,"시/에세이, ","해외시, 프랑스시, ",680,9.73,38.0,9788937475078.0
259,악의 꽃,샤를 보들레르,"시/에세이, ","해외시, 프랑스시, ",680,9.73,38.0,9788932014524.0
260,아는 것으로부터의 자유,지두 크리슈나무르티,"시/에세이, 시/에세이, ","테마에세이, 명상/치유에세이, 나라별 에세이, 기타국가에세이, ",707,9.4,38.0,9788987480480.0
261,새들도 세상을 뜨는 구나,황지우,"시/에세이, ","한국시, 현대시, ",708,9.04,16.0,9788932001876.0
262,친애하는 아침에게,윤성용,"시/에세이, ","나라별 에세이, 한국에세이, ",709,0.0,,9791198030740.0
263,"교사이지만, 직장인입니다",유영미,"시/에세이, 인문, ","나라별 에세이, 한국에세이, 교육학, 교육에세이, ",710,0.0,,9791186463673.0
264,작가의 서재: 일본 유명 작가들의 서재탐닉기,시마무라 호게쓰 외,"시/에세이, 시/에세이, ","나라별 에세이, 일본에세이, 인물/자전적에세이, 여러인물/인터뷰, ",711,0.0,,9791185153575.0
265,비로 만든 사람,신용목,"시/에세이, ","한국시, 현대시, ",712,0.0,,9791191859553.0
266,세상 아름다운 것들은 고양이,하래연,"시/에세이, 시/에세이, ","테마에세이, 동물등장에세이, 나라별 에세이, 한국에세이, ",713,10.0,1.0,9791198268082.0
267,껍데기를 잃은 달팽이,나봄,"시/에세이, ","나라별 에세이, 한국에세이, ",714,10.0,3.0,9791198240316.0
268,낭만실조,유형길,"시/에세이, ","나라별 에세이, 한국에세이, ",715,10.0,1.0,9791185401775.0
269,다정한 비인간,한유아 외,"시/에세이, ","나라별 에세이, 한국에세이, ",716,0.0,,9791190944786.0
270,왜 남자들은 기를 쓰고 불행하게 살까?,김정대,"시/에세이, 정치/사회, ","나라별 에세이, 한국에세이, 사회학, 여성학/남성학, ",717,0.0,,9788991428430.0
271,꽃으로 피는 시간,허정아,"시/에세이, ","한국시, 현대시, ",718,10.0,3.0,9791168551558.0
272,날 찾아 떠나는 길,육근철,"시/에세이, ","한국시, 현대시, ",719,10.0,1.0,9791158589325.0
273,인격예술,윤영미,"시/에세이, 시/에세이, 예술/대중문화, ","테마에세이, 그림에세이, 나라별 에세이, 한국에세이, 미술, 서예, ",720,10.0,2.0,9791191029727.0
274,처방전 없음,홍종원,"시/에세이, ","나라별 에세이, 한국에세이, ",721,10.0,12.0,9791198068422.0
275,연애의 실험,이기진,"시/에세이, 시/에세이, ","테마에세이, 그림에세이, 나라별 에세이, 한국에세이, ",722,10.0,1.0,9791197915208.0
276,우린 평생 전학생으로 사는 운명이니까.,케이시,"시/에세이, ","나라별 에세이, 한국에세이, ",723,10.0,6.0,9791197906749.0
277,동해산문,한흑구,"시/에세이, ","나라별 에세이, 한국에세이, ",724,0.0,,9791197961076.0
278,스즈메의 문단속 3년 후 나에게: Q & A a day 3,더모던 편집부,"시/에세이, ","나라별 에세이, 일본에세이, ",725,10.0,1.0,9791164456963.0
279,나이 듦의 신세계,김인숙,"시/에세이, 시/에세이, ","테마에세이, 노년에세이, 나라별 에세이, 한국에세이, ",726,10.0,7.0,9791191455762.0
280,어느 4월의 자살 산책,최하늘,"시/에세이, ","나라별 에세이, 한국에세이, ",727,10.0,3.0,9791191384468.0
281,바다로 가면,김서하,"시/에세이, ","한국시, 현대시, ",728,0.0,,9791163542100.0
282,도쿄와 생각,이광호,"시/에세이, 여행, ","나라별 에세이, 한국에세이, 여행에세이, ",729,10.0,4.0,9791189885229.0
283,아니 에르노,아니 에르노,"시/에세이, 시/에세이, ","인물/자전적에세이, 자전적에세이, 나라별 에세이, 프랑스에세이, ",730,0.0,,9788932923369.0
284,조금 느린 당신에게 작게 읽기를 권합니다,김은,"시/에세이, ","나라별 에세이, 한국에세이, ",731,10.0,3.0,9791197888540.0
285,99가지 기분과 나머지,강주,"시/에세이, ","한국시, 현대시, ",732,0.0,,9791192379067.0
286,"그냥, 오늘을 살 거야",밤토끼 외,"시/에세이, ","나라별 에세이, 한국에세이, ",733,10.0,6.0,9791196472986.0
287,살다 보면 그런 날도 있지,달큼글,"시/에세이, ","나라별 에세이, 한국에세이, ",734,10.0,2.0,9791191369403.0
288,내가 토슈즈를 신은 이유,미스티 코플랜드,"시/에세이, 시/에세이, 시/에세이, 예술/대중문화, ","인물/자전적에세이, 자전적에세이, 나라별 에세이, 영미에세이, 인물/자전적에세이, 예술가, 예술일반, 예술가이야기, ",735,10.0,16.0,9791191925104.0
289,어린이의 여행법,이지나,"시/에세이, ","나라별 에세이, 한국에세이, ",736,10.0,12.0,9791191462210.0
290,어쩌다 외교관,신봉길,"시/에세이, 시/에세이, ","나라별 에세이, 한국에세이, 인물/자전적에세이, 자전적에세이, ",737,9.79,11.0,9791160546347.0
291,어쩌다 외교관의 뉴욕 랩소디,은파(김인태),"시/에세이, ","나라별 에세이, 한국에세이, ",738,10.0,7.0,9788956769585.0
292,"지금, 여기서 행복하기",조연경,"시/에세이, ","나라별 에세이, 한국에세이, ",739,10.0,1.0,9791192073309.0
293,끼니들,김수경,"시/에세이, ","나라별 에세이, 한국에세이, ",740,9.77,10.0,9791191018257.0
294,인챈트먼트,캐서린 메이,"시/에세이, ","나라별 에세이, 영미에세이, ",741,10.0,2.0,9791198278210.0
295,마당 있는 집에서 잘 살고 있습니다,김진경,"시/에세이, ","나라별 에세이, 한국에세이, ",742,9.88,19.0,9791164845545.0
296,꽃잎을 적신 이슬을 모아,강원석,"시/에세이, ","한국시, 현대시, ",743,10.0,1.0,9791168752320.0
297,모래는 뭐래,정끝별,"시/에세이, ","한국시, 현대시, ",744,10.0,2.0,9788936424893.0
298,낭만 고고학,김선,"시/에세이, ","나라별 에세이, 한국에세이, ",745,10.0,11.0,9788969340405.0
299,글멍(스페셜 에디션),예예,"시/에세이, 시/에세이, ","테마에세이, 그림에세이, 나라별 에세이, 한국에세이, ",746,10.0,4.0,9788984018532.0
300,버거운 세상 속 부서진 나를 위한 책,데비 텅,"시/에세이, 시/에세이, 시/에세이, ","테마에세이, 그림에세이, 나라별 에세이, 영미에세이, 인물/자전적에세이, 자전적에세이, ",747,10.0,5.0,9791155815960.0
301,서울 이야기,김남일,"시/에세이, 여행, ","나라별 에세이, 한국에세이, 테마여행, 예술여행, ",748,10.0,3.0,9788956254494.0
302,도쿄 이야기,김남일,"시/에세이, 여행, ","나라별 에세이, 한국에세이, 테마여행, 예술여행, ",749,0.0,,9788956254524.0
303,"아무튼, 정리",주한나,"시/에세이, ","나라별 에세이, 한국에세이, ",750,7.5,2.0,9791193044025.0
304,지금 이 순간이 나의 집입니다,틱낫한,"시/에세이, 시/에세이, ","테마에세이, 명상/치유에세이, 나라별 에세이, 기타국가에세이, ",651,7.5,3.0,9788974796563.0
305,"라이언, 내 곁에 있어줘",전승환,"시/에세이, ","나라별 에세이, 한국에세이, ",652,9.46,291.0,9788950979836.0
306,"보노보노, 오늘 하루는 어땠어?",이가라시 미키오,"시/에세이, ","나라별 에세이, 일본에세이, ",653,9.46,49.0,9791130620596.0
307,태도의 말들: 사소한 것이 언제나 더 중요하다,엄지혜,"시/에세이, ","나라별 에세이, 한국에세이, ",654,9.43,116.0,9791189683030.0
308,개미,위베르 니쌍,"시/에세이, ","나라별 에세이, 프랑스에세이, ",655,9.55,8.0,9788932313290.0
309,뿌리가 튼튼한 사람이 되고 싶어,신미경,"시/에세이, ","나라별 에세이, 한국에세이, ",656,9.52,152.0,9791189271275.0
310,365 매일 읽는 긍정의 한 줄,린다 피콘,"시/에세이, 시/에세이, ","테마에세이, 명언/지혜, 나라별 에세이, 영미에세이, ",657,9.45,21.0,9791188041190.0
311,캣콜링,이소호,"시/에세이, ","한국시, 현대시, ",658,9.64,36.0,9788937408748.0
312,사흘만 볼 수 있다면,헬렌 켈러,"시/에세이, 시/에세이, ","나라별 에세이, 영미에세이, 인물/자전적에세이, 자전적에세이, ",659,10.0,28.0,9791187332299.0
313,"아무튼, 발레",최민영,"시/에세이, ","나라별 에세이, 한국에세이, ",660,9.54,27.0,9791186602430.0
314,애도 일기(리커버 에디션),롤랑 바르트,"시/에세이, ","나라별 에세이, 프랑스에세이, ",661,9.54,53.0,9788901228068.0
315,자기만의 방(미니미니북)(초판본),버지니아 울프,"시/에세이, ","나라별 에세이, 영미에세이, ",662,9.38,7.0,9791189581824.0
316,하루키를 읽다가 술집으로,조승원,"시/에세이, ","나라별 에세이, 한국에세이, ",663,10.0,24.0,9788954652988.0
317,"아무튼, 외국어",조지영,"시/에세이, ","나라별 에세이, 한국에세이, ",664,9.28,50.0,9791186602409.0
318,오케이 라이프(리커버 에디션),오송민,"시/에세이, ","나라별 에세이, 한국에세이, ",665,9.56,30.0,9788998599447.0
319,예언자,칼릴 지브란,"시/에세이, ","나라별 에세이, 기타국가에세이, ",666,9.6,66.0,9791186686294.0
320,빅매직,엘리자베스 길버트,"시/에세이, ","나라별 에세이, 영미에세이, ",667,9.14,44.0,9788937434969.0
321,삶의 의미를 찾아서,빅터 프랭클,"시/에세이, 인문, ","나라별 에세이, 독일에세이, 심리학, 교양심리, ",668,9.4,15.0,9788936811150.0
322,"아무튼, 계속",김교석,"시/에세이, ","나라별 에세이, 한국에세이, ",669,9.68,47.0,9791186602348.0
323,이상 시집,이상,"시/에세이, ","한국시, 현대시, ",670,9.32,15.0,9791157953103.0
324,나는 왜 너가 아니고 나인가,시애틀 추장,"시/에세이, ","나라별 에세이, 영미에세이, ",671,9.87,70.0,9791186900345.0
325,힘 빼기의 기술,김하나,"시/에세이, ","나라별 에세이, 한국에세이, ",672,9.2,89.0,9788952778901.0
326,당신이 빛이라면,백가희,"시/에세이, ","나라별 에세이, 한국에세이, ",673,8.88,33.0,9791195949571.0
327,보노보노처럼 살다니 다행이야,김신회,"시/에세이, ","나라별 에세이, 한국에세이, ",674,9.2,954.0,9791130611853.0
328,나태주 대표시 선집: 이제 너 없이도 너를 좋아할 수 있다,나태주,"시/에세이, ","한국시, 현대시, ",675,9.77,26.0,9788962913842.0
329,자유로울 것,임경선,"시/에세이, ","나라별 에세이, 한국에세이, ",676,9.19,136.0,9788959134717.0
330,하늘과 바람과 별과 시(현대어판)(초판본)(1955년 정음사 오리지널 표지디자인),윤동주,"시/에세이, ","한국시, 현대시, ",677,9.83,37.0,9791159034169.0
331,파크애비뉴의 영장류,웬즈데이 마틴,"시/에세이, ","나라별 에세이, 영미에세이, ",678,9.17,27.0,9788964359310.0
332,뜻밖의 바닐라,이혜미,"시/에세이, ","한국시, 현대시, ",679,9.29,11.0,9788932029122.0
333,처음처럼,신영복,"시/에세이, ","나라별 에세이, 한국에세이, ",681,9.58,67.0,9788971997116.0
334,겨울 가면 봄이 오듯 사랑은 또 온다,노희경,"시/에세이, ","나라별 에세이, 한국에세이, ",682,8.89,56.0,9788994197913.0
335,눈 감으면 보이는 것들,신순규,"시/에세이, ","나라별 에세이, 한국에세이, ",683,9.8,18.0,9791158880194.0
336,불안의 책,페르난두 페소아,"시/에세이, ","나라별 에세이, 기타국가에세이, ",684,9.53,60.0,9788954625760.0
337,섬,장 그르니에,"시/에세이, ","나라별 에세이, 프랑스에세이, ",408,9.46,135.0,9788937402852.0
338,섬,장 그르니에,"시/에세이, ","나라별 에세이, 프랑스에세이, ",408,9.46,135.0,9788970638805.0
339,사랑의 몽타주,최유수,"시/에세이, 시/에세이, ","테마에세이, 사랑/연애에세이, 나라별 에세이, 한국에세이, ",686,10.0,15.0,9791195704620.0
340,나는 여행기를 이렇게 쓴다,무라카미 하루키,"시/에세이, ","나라별 에세이, 일본에세이, ",687,9.32,14.0,9788970129181.0
341,나는 토끼처럼 귀를 기울이고 당신을 들었다,황경신,"시/에세이, ","나라별 에세이, 한국에세이, ",688,8.8,43.0,9788973814466.0
342,서로 사랑하면 언제라도 봄,이해인,"시/에세이, ","한국시, 현대시, ",689,9.57,57.0,9788970638614.0
343,"지금 사랑하지 않는 자, 모두 유죄",노희경,"시/에세이, ","나라별 에세이, 한국에세이, ",690,9.25,30.0,9788994197739.0
344,나와 너,마르틴 부버,"시/에세이, ","나라별 에세이, 영미에세이, ",691,9.67,14.0,9788931000948.0
345,나는 다른 대륙에서 온 작은 새,잘랄 앗 딘 알 루미,"시/에세이, ","나라별 에세이, 기타국가에세이, ",692,7.92,6.0,9788989897910.0
346,내 인생의 해답,캐롤 볼트,"시/에세이, ","나라별 에세이, 영미에세이, ",693,9.13,93.0,9788996550105.0
347,가문비나무의 노래(리커버 에디션)(표지 2종 랜덤 발송),마틴 슐레스케,"시/에세이, 예술/대중문화, ","나라별 에세이, 독일에세이, 사진/영상, 사진에세이, ",694,10.0,30.0,9788994361147.0
348,그 섬에 내가 있었네,김영갑,"시/에세이, 시/에세이, ","테마에세이, 포토에세이, 나라별 에세이, 한국에세이, ",695,9.69,19.0,9788960781696.0
349,이윽고 슬픈 외국어,무라카미 하루키,"시/에세이, ","나라별 에세이, 일본에세이, ",696,9.72,37.0,9788970128887.0
350,사랑하였으므로 행복하였네라,유치환,"시/에세이, ","한국시, 현대시, ",697,9.5,10.0,9788998047757.0
351,나는 죽을 때까지 재미있게 살고싶다,김선경,"시/에세이, ","나라별 에세이, 한국에세이, ",698,9.1,95.0,9788901154091.0
352,약해지지 마,시바타 도요,"시/에세이, ","해외시, 일본시, ",699,9.27,54.0,9788961091558.0
353,엄마와 딸,신달자,"시/에세이, ","나라별 에세이, 한국에세이, ",700,9.09,29.0,9788937486364.0
354,기적일지도 몰라,최희서,"시/에세이, ","나라별 에세이, 한국에세이, ",601,9.77,9.0,9791197873010.0
355,이해할 수 없는 점이 마음에 듭니다,조말선,"시/에세이, ","한국시, 현대시, ",602,10.0,1.0,9788954687270.0
356,밤의 끝을 알리는,심규선,"시/에세이, ","나라별 에세이, 한국에세이, ",603,10.0,17.0,9791166832796.0
357,한때 내게 삶이었던,안리타,"시/에세이, ","나라별 에세이, 한국에세이, ",604,10.0,2.0,9791196182960.0
358,쇼펜하우어 지금 이 순간을 즐겨라,쇼펜하우어,"시/에세이, ","나라별 에세이, 독일에세이, ",605,9.69,13.0,9791167090119.0
359,꿈꾸는 소리 하고 자빠졌네,송경동,"시/에세이, ","한국시, 현대시, ",606,8.75,5.0,9788936424756.0
360,헤어진 이들은 홍콩에서 다시 만난다,주성철,"시/에세이, ","나라별 에세이, 한국에세이, ",607,9.83,28.0,9788934961895.0
361,"더 잘하고 싶어서, 더 잘 살고 싶어서",양경민(글토크),"시/에세이, ","나라별 에세이, 한국에세이, ",608,9.85,36.0,9791191825312.0
362,쉽게 사랑하고 어렵게 미워하고 싶지만,구슬기,"시/에세이, ","나라별 에세이, 한국에세이, ",609,10.0,3.0,9791192159010.0
363,작은 것들을 위한 시: BTS 노래산문,나태주,"시/에세이, ","나라별 에세이, 한국에세이, ",610,9.56,71.0,9791170400677.0
364,문장수집가 2: SMALL SUCCESS,아틀리에 드 에디토,"시/에세이, ","나라별 에세이, 한국에세이, ",611,9.58,8.0,9791189096304.0
365,좋은 건 다 네 앞에 있어,성전,"시/에세이, ","나라별 에세이, 한국에세이, ",612,10.0,17.0,9791162851012.0
366,너라는 선물,전대진,"시/에세이, ","나라별 에세이, 한국에세이, ",613,10.0,29.0,9791166831829.0
367,그리움의 정원에서,크리스티앙 보뱅,"시/에세이, ","나라별 에세이, 프랑스에세이, ",614,9.64,73.0,9791190533096.0
368,아무런 대가 없이 건네는 다정,하태완,"시/에세이, ","나라별 에세이, 한국에세이, ",615,9.63,55.0,9791191825169.0
369,뉘앙스,성동혁,"시/에세이, ","나라별 에세이, 한국에세이, ",616,9.72,21.0,9791190382540.0
370,오늘은 더 좋은 날이 될 거예요,김재식,"시/에세이, ","나라별 에세이, 한국에세이, ",617,10.0,15.0,9791158512309.0
371,정견,김연수,"시/에세이, 시/에세이, ","테마에세이, 명상/치유에세이, 나라별 에세이, 한국에세이, ",618,10.0,6.0,9791195496181.0
372,헤맨다고 모두 길을 잃는 것은 아니다,김달,"시/에세이, ","나라별 에세이, 한국에세이, ",619,9.63,84.0,9791191825046.0
373,시가 인생을 가르쳐 준다,나태주,"시/에세이, ","한국시, 현대시, ",620,8.75,6.0,9791166830983.0
374,"어느 날, 죽음이 만나자고 했다.",정상훈,"시/에세이, ","나라별 에세이, 한국에세이, ",621,9.67,25.0,9788901251493.0
375,풍덩!,우지현,"시/에세이, ","나라별 에세이, 한국에세이, ",622,9.88,23.0,9791191583984.0
376,더 성숙한 내가 되는 법,김유신,"시/에세이, 자기계발, ","나라별 에세이, 한국에세이, 인간관계, 인간관계일반, ",623,9.19,32.0,9791197080852.0
377,아주 사적인 궁궐 산책,김서울,"시/에세이, ","나라별 에세이, 한국에세이, ",624,9.5,10.0,9791130637655.0
378,욕구들,캐럴라인 냅,"시/에세이, ","나라별 에세이, 영미에세이, ",625,9.38,62.0,9791164051069.0
379,가시를 거두세요,광우,"시/에세이, ","나라별 에세이, 한국에세이, ",626,9.64,57.0,9791165343330.0
380,그러라 그래,양희은,"시/에세이, ","나라별 에세이, 한국에세이, ",627,9.72,608.0,9788934984979.0
381,재와 사랑의 미래,김연덕,"시/에세이, ","한국시, 현대시, ",628,9.69,9.0,9788937409035.0
382,슬픔이 질병이라면 나는 이미 죽었을 텐데,김제인,"시/에세이, ","나라별 에세이, 한국에세이, ",629,10.0,17.0,9791191369090.0
383,다정한 신뢰,김지훈,"시/에세이, ","나라별 에세이, 한국에세이, ",630,9.68,17.0,9791196484293.0
384,"괜찮은 척 말고, 애쓰지도 말고",홍창진,"시/에세이, ","나라별 에세이, 한국에세이, ",631,9.85,75.0,9791191505009.0
385,다다다,김영하,"시/에세이, ","나라별 에세이, 한국에세이, ",632,9.7,46.0,9791191114102.0
386,비에도 지지 않고,미야자와 겐지,"시/에세이, 시/에세이, ","테마에세이, 그림에세이, 나라별 에세이, 일본에세이, ",633,9.39,51.0,9791197072901.0
387,태어났음의 불편함,에밀 시오랑,"시/에세이, ","나라별 에세이, 프랑스에세이, ",634,9.0,9.0,9788932320496.0
388,친애하는 나의 집에게,하재영,"시/에세이, ","나라별 에세이, 한국에세이, ",635,9.4,50.0,9791197024160.0
389,완벽한 아이,모드 쥘리앵,"시/에세이, ","나라별 에세이, 프랑스에세이, ",636,9.72,330.0,9791191114058.0
390,HEAT(히트),스윙스,"시/에세이, 시/에세이, 예술/대중문화, ","나라별 에세이, 한국에세이, 인물/자전적에세이, 대중연예인, 음악, 대중음악, ",637,9.86,76.0,9791188469659.0
391,"나태주, 시간의 쉼표",나태주,"시/에세이, 취미/실용/스포츠, ","한국시, 현대시, 취미관련상품, 캘린더, ",638,9.85,36.0,9791164389551.0
392,"서른, 잔치는 끝났다",최영미,"시/에세이, ","한국시, 현대시, ",639,10.0,9.0,9791196714260.0
393,숲의 소실점을 향해,양안다,"시/에세이, ","한국시, 현대시, ",640,9.44,18.0,9788937408915.0
394,나는 나,캐럴 피어슨,"시/에세이, 시/에세이, 인문, ","테마에세이, 명상/치유에세이, 나라별 에세이, 영미에세이, 심리학, 교양심리, ",641,9.4,72.0,9791186686508.0
395,노견일기 3,정우열,"시/에세이, 시/에세이, 시/에세이, ","테마에세이, 그림에세이, 테마에세이, 동물등장에세이, 나라별 에세이, 한국에세이, ",642,9.63,14.0,9791196688325.0
396,내 옆에 있는 사람,이병률,"시/에세이, 여행, ","나라별 에세이, 한국에세이, 여행에세이, ",643,9.75,26.0,9791158161071.0
397,책 대 담배,조지 오웰,"시/에세이, ","나라별 에세이, 영미에세이, ",644,8.85,13.0,9788937429651.0
398,노견일기 2,정우열,"시/에세이, 시/에세이, ","테마에세이, 그림에세이, 나라별 에세이, 한국에세이, ",645,10.0,12.0,9791196688318.0
399,여자로 살아가는 우리들에게,요조 외,"시/에세이, ","나라별 에세이, 한국에세이, ",646,9.67,168.0,9788954658355.0
400,정원가의 열두 달,카렐 차페크,"시/에세이, ","나라별 에세이, 기타국가에세이, ",647,9.7,63.0,9791195760947.0
401,신과 나눈 이야기 3,닐 도날드 월쉬,"시/에세이, ","나라별 에세이, 영미에세이, ",648,9.74,48.0,9788955825046.0
402,죽고 싶지만 떡볶이는 먹고 싶어 2,백세희,"시/에세이, ","나라별 에세이, 한국에세이, ",649,9.07,85.0,9791196394578.0
403,타인의 시선을 의식해 힘든 나에게,글배우,"시/에세이, ","나라별 에세이, 한국에세이, ",650,9.35,288.0,9788950980726.0
404,이왕이면 집을 사기로 했습니다,이보현,"시/에세이, ","나라별 에세이, 한국에세이, ",551,0.0,,9791160806977.0
405,이 여름이 우리의 첫사랑이니까,최백규,"시/에세이, ","한국시, 현대시, ",552,10.0,8.0,9791166835728.0
406,좋은 말만 하기 운동 본부,이영주,"시/에세이, ","한국시, 현대시, ",553,10.0,3.0,9791167901989.0
407,서울 시(10주년 기념 세트),하상욱,"시/에세이, ","한국시, 현대시, ",554,0.0,,9788927879848.0
408,오늘도 그리러 갑니다,오창환,"시/에세이, 시/에세이, ","테마에세이, 그림에세이, 나라별 에세이, 한국에세이, ",555,10.0,3.0,9791197741289.0
409,나만 아는 풀꽃 향기,나태주 외,"시/에세이, 시/에세이, ","테마에세이, 일기/편지, 나라별 에세이, 한국에세이, ",556,10.0,11.0,9791166835582.0
410,사랑이라고 쓰고 나니 다음엔 아무것도 못 쓰겠다,최여정,"시/에세이, 시/에세이, ","테마에세이, 사랑/연애에세이, 나라별 에세이, 한국에세이, ",557,10.0,5.0,9791188949489.0
411,"나는 간호사, 사람입니다",김현아,"시/에세이, ","나라별 에세이, 한국에세이, ",558,10.0,1.0,9791198070630.0
412,사물의 철학,함돈균,"시/에세이, 인문, ","나라별 에세이, 한국에세이, 철학, 철학에세이, ",559,10.0,1.0,9791191859508.0
413,덜 불행하고 더 행복해질 너에게,산배,"시/에세이, ","나라별 에세이, 한국에세이, ",560,10.0,3.0,9791198075512.0
414,"피아노에 몹시 진심입니다만,",임승수,"시/에세이, ","나라별 에세이, 한국에세이, ",561,10.0,3.0,9791155251621.0
415,"안도 다다오, 건축을 살다",미야케 리이치,"시/에세이, 기술/공학, 기술/공학, ","나라별 에세이, 일본에세이, 건축/인테리어, 교양건축/건축이야기, 건축/인테리어, 건축가, ",562,10.0,6.0,9788932923239.0
416,님의 침묵,한용운,"시/에세이, ","한국시, 현대시, ",563,10.0,6.0,9788932922133.0
417,사슴,백석,"시/에세이, ","한국시, 현대시, ",565,10.0,1.0,9788932922164.0
418,고맙소,서수용,"시/에세이, 시/에세이, ","나라별 에세이, 한국에세이, 인물/자전적에세이, 자전적에세이, ",566,9.43,15.0,9791164403202.0
419,충분히 슬퍼할 것,하리,"시/에세이, 시/에세이, ","테마에세이, 그림에세이, 나라별 에세이, 한국에세이, ",567,9.91,20.0,9788925577005.0
420,당신과 아침에 싸우면 밤에는 입맞출 겁니다,유래혁,"시/에세이, 시/에세이, ","테마에세이, 포토에세이, 나라별 에세이, 한국에세이, ",568,9.58,24.0,9791191891263.0
421,조금 더 헤매어도 괜찮아,김열매 외,"시/에세이, ","나라별 에세이, 한국에세이, ",569,10.0,6.0,9791164845347.0
422,세계 방방곡곡 여행 일기,마스다 미리,"시/에세이, 시/에세이, ","테마에세이, 그림에세이, 나라별 에세이, 일본에세이, ",570,9.33,17.0,9791192025124.0
423,평범한 날들을 근사하게 기록하는 법,로라 패쉬비,"시/에세이, ","나라별 에세이, 영미에세이, ",571,10.0,7.0,9791159351358.0
424,모든 이별에 앞서가라,라이너 마리아 릴케 외,"시/에세이, ","해외시, 독일시, ",572,10.0,10.0,9788936464905.0
425,강가의 아틀리에,장욱진,"시/에세이, ","나라별 에세이, 한국에세이, ",573,9.0,13.0,9788930105873.0
426,제주탐묘생활,이신아,"시/에세이, 시/에세이, ","테마에세이, 동물등장에세이, 나라별 에세이, 한국에세이, ",574,10.0,5.0,9791191179163.0
427,윤동주 시집 컬러 일러스트,윤동주,"시/에세이, ","한국시, 현대시, ",575,10.0,12.0,9791160051247.0
428,고도원 정신,고도원 외,"시/에세이, ","나라별 에세이, 한국에세이, ",576,9.71,43.0,9791167140586.0
429,내 마음 마주하기,문서환,"시/에세이, ","나라별 에세이, 한국에세이, ",577,0.0,,9791192073323.0
430,질문은 조금만,이충걸,"시/에세이, ","나라별 에세이, 한국에세이, ",578,9.9,22.0,9791160409451.0
431,잃어버린 것에 대하여,최백호,"시/에세이, ","나라별 에세이, 한국에세이, ",579,10.0,25.0,9791162851326.0
432,MBTI의 모든 것,나우진 외,"시/에세이, 인문, 자기계발, ","나라별 에세이, 한국에세이, 심리학, 교양심리, 성공/처세, 자기관리/처세, ",580,10.0,29.0,9791160023893.0
433,작가의 루틴: 소설 쓰는 하루,김중혁 외,"시/에세이, ","나라별 에세이, 한국에세이, ",581,10.0,7.0,9791166834196.0
434,얼굴,의자,"시/에세이, 시/에세이, ","테마에세이, 그림에세이, 나라별 에세이, 한국에세이, ",582,0.0,,9791165021269.0
435,그린라이트,매튜 맥커너히,"시/에세이, 예술/대중문화, ","나라별 에세이, 영미에세이, 영화, 영화인, ",583,9.38,11.0,9791196895075.0
436,이젠 네가 피어날 차례야,바리수,"시/에세이, 시/에세이, ","테마에세이, 그림에세이, 나라별 에세이, 한국에세이, ",584,10.0,6.0,9791162144299.0
437,마음이 머무는 그림책 한 문장,그림책사랑교사모임,"시/에세이, 인문, ","나라별 에세이, 한국에세이, 독서/글쓰기, 독서, ",585,0.0,,9791197681158.0
438,오늘 하지 않아도 되는 걱정은 오늘 하지 않습니다,데니스 홍,"시/에세이, ","나라별 에세이, 한국에세이, ",586,9.83,23.0,9791168340688.0
439,제 만년필 좀 살려주시겠습니까?,김덕래,"시/에세이, ","나라별 에세이, 한국에세이, ",587,9.06,11.0,9791155311387.0
440,피아노 치는 할머니가 될래,이나가키 에미코,"시/에세이, ","나라별 에세이, 일본에세이, ",588,9.9,18.0,9788925577302.0
441,무뎌진 감정이 말을 걸어올 때,김소영,"시/에세이, 인문, ","나라별 에세이, 한국에세이, 독서/글쓰기, 독서, ",589,9.58,60.0,9791198042804.0
442,너를 위해 매일 기도하는 누군가가,김지훈,"시/에세이, 종교, ","나라별 에세이, 한국에세이, 기독교(개신교), 기도/설교/전도, ",590,10.0,2.0,9791191877038.0
443,The Black Book 검은 감정,설레다,"시/에세이, 시/에세이, ","테마에세이, 그림에세이, 나라별 에세이, 한국에세이, ",591,9.86,52.0,9791160809060.0
444,어디선가 눈물은 발원하여,정현종,"시/에세이, ","한국시, 현대시, ",592,10.0,14.0,9788932040547.0
445,여름의 사실,전욱진,"시/에세이, ","한국시, 현대시, ",593,9.58,6.0,9788936424817.0
446,위라클(WERACLE),박위,"시/에세이, ","나라별 에세이, 한국에세이, ",594,10.0,29.0,9788977824768.0
447,땅콩일기 2,쩡찌,"시/에세이, 시/에세이, ","테마에세이, 그림에세이, 나라별 에세이, 한국에세이, ",595,10.0,23.0,9791189467678.0
448,단정한 반복이 나를 살릴 거야,봉현,"시/에세이, ","나라별 에세이, 한국에세이, ",596,8.88,12.0,9791191248685.0
449,게임 기획자의 일,최영근,"시/에세이, 컴퓨터/IT, ","나라별 에세이, 한국에세이, 게임, 게임기획, ",597,0.0,,9788932040011.0
450,여름 키코,주하림,"시/에세이, ","한국시, 현대시, ",598,10.0,7.0,9788954698122.0
451,소비단식 일기,서박하,"시/에세이, 경제/경영, ","나라별 에세이, 한국에세이, 재테크/금융, 재테크, ",599,9.22,32.0,9791160808544.0
452,매일을 헤엄치는 법,이연,"시/에세이, 시/에세이, ","테마에세이, 그림에세이, 나라별 에세이, 한국에세이, ",600,9.46,61.0,9791156759720.0
453,제주에서 혼자 살고 술은 약해요,이원하,"시/에세이, ","한국시, 현대시, ",501,9.56,74.0,9788954671323.0
454,경찰관속으로,원도,"시/에세이, 시/에세이, ","나라별 에세이, 한국에세이, 인물/자전적에세이, 자전적에세이, ",502,9.62,34.0,9791196295561.0
455,혼자가 혼자에게,이병률,"시/에세이, ","나라별 에세이, 한국에세이, ",503,9.48,393.0,9791158161026.0
456,쓸 만한 인간,박정민,"시/에세이, ","나라별 에세이, 한국에세이, ",504,9.56,246.0,9791189856502.0
457,반과거,장승리,"시/에세이, ","한국시, 현대시, ",505,10.0,3.0,9788932035574.0
458,누구나 시 하나쯤 가슴에 품고 산다,김선경,"시/에세이, ","한국시, 현대시, ",506,9.61,128.0,9791196509446.0
459,지구별 여행자,류시화,"시/에세이, ","나라별 에세이, 한국에세이, ",507,9.78,72.0,9791186686454.0
460,있으려나 서점,요시타케 신스케,"시/에세이, 시/에세이, ","테마에세이, 그림에세이, 나라별 에세이, 일본에세이, ",508,9.71,382.0,9788934981237.0
461,"스누피, 나도 내가 참 좋은걸",찰스 M. 슐츠,"시/에세이, ","나라별 에세이, 영미에세이, ",509,9.17,37.0,9788925566627.0
462,밤의 사색,헤르만 헤세,"시/에세이, ","나라별 에세이, 독일에세이, ",510,9.67,40.0,9791189653231.0
463,널 보러 왔어,알베르토 몬디 외,"시/에세이, ","나라별 에세이, 기타국가에세이, ",511,9.39,26.0,9791188949151.0
464,살아온 기적 살아갈 기적(100쇄 기념 에디션),장영희,"시/에세이, ","나라별 에세이, 한국에세이, ",512,9.66,60.0,9788946421011.0
465,구겨진 편지는 고백하지 않는다,안리타,"시/에세이, ","나라별 에세이, 한국에세이, ",513,8.8,15.0,9791188694440.0
466,여자 둘이 살고 있습니다,김하나 외,"시/에세이, ","나라별 에세이, 한국에세이, ",514,9.77,260.0,9791189709815.0
467,삶이 내게 말을 걸어올 때,파커 J. 파머,"시/에세이, ","나라별 에세이, 영미에세이, ",515,9.17,24.0,9788956993478.0
468,연인들은 부지런히 서로를 잊으리라,박서영,"시/에세이, ","한국시, 현대시, ",516,9.53,35.0,9788954654845.0
469,"걷는 사람, 하정우",하정우,"시/에세이, ","나라별 에세이, 한국에세이, ",517,9.52,815.0,9788954653817.0
470,태도에 관하여,임경선,"시/에세이, ","나라별 에세이, 한국에세이, ",518,9.47,152.0,9791160402001.0
471,나는 울 때마다 엄마 얼굴이 된다,이슬아,"시/에세이, 시/에세이, ","테마에세이, 그림에세이, 나라별 에세이, 한국에세이, ",519,9.47,85.0,9788954653381.0
472,i에게,김소연,"시/에세이, ","한국시, 현대시, ",520,10.0,46.0,9791189467067.0
473,사랑해도 혼나지 않는 꿈이었다,시요일,"시/에세이, ","한국시, 현대시, ",521,9.52,30.0,9791186621905.0
474,오늘은 좀 매울지도 몰라,강창래,"시/에세이, 요리, ","나라별 에세이, 한국에세이, 요리에세이, ",522,9.5,48.0,9788954650946.0
475,인생에서 너무 늦은 때란 없습니다,애나 메리 로버트슨 모지스,"시/에세이, 시/에세이, ","나라별 에세이, 영미에세이, 인물/자전적에세이, 자전적에세이, ",523,9.46,212.0,9791187498186.0
476,정지용 시집(미니북)(초판북),정지용,"시/에세이, ","한국시, 현대시, ",524,8.93,4.0,9791159035364.0
477,빨강머리 앤이 하는 말,백영옥,"시/에세이, ","나라별 에세이, 한국에세이, ",525,9.37,916.0,9788950965693.0
478,나는 내 것이 아름답다,최순우,"시/에세이, ","나라별 에세이, 한국에세이, ",526,10.0,5.0,9788956253381.0
479,전쟁은 여자의 얼굴을 하지 않았다,스베틀라나 알렉시예비치,"시/에세이, ","나라별 에세이, 기타국가에세이, ",527,9.45,121.0,9788954637954.0
480,오래된 미래,헬레나 노르베리 호지,"시/에세이, 정치/사회, ","나라별 에세이, 영미에세이, 사회학, 사회학일반, ",528,9.55,63.0,9788927806615.0
481,자전거여행 2,김훈,"시/에세이, ","나라별 에세이, 한국에세이, ",529,9.93,22.0,9788954626217.0
482,"요가난다, 영혼의 자서전",파라마한사 요가난다,"시/에세이, 시/에세이, ","테마에세이, 명상/치유에세이, 나라별 에세이, 기타국가에세이, ",530,9.75,59.0,9788990840288.0
483,나는 천국을 보았다,이븐 알렉산더,"시/에세이, ","나라별 에세이, 영미에세이, ",531,8.54,66.0,9788934962588.0
484,좋은 이별,김형경,"시/에세이, ","나라별 에세이, 한국에세이, ",532,9.03,40.0,9788996773245.0
485,무라카미 하루키 잡문집,무라카미 하루키,"시/에세이, ","나라별 에세이, 일본에세이, ",533,9.26,118.0,9788994343501.0
486,지선아 사랑해,이지선,"시/에세이, 시/에세이, ","나라별 에세이, 한국에세이, 인물/자전적에세이, 자전적에세이, ",534,9.78,35.0,9788954611664.0
487,무소유,김세중,"시/에세이, 시/에세이, ","테마에세이, 명상/치유에세이, 나라별 에세이, 한국에세이, ",535,9.35,28.0,9788993335231.0
488,작은 위로,이해인,"시/에세이, ","한국시, 현대시, ",536,10.0,10.0,9788970635903.0
489,내가 섞이지 않은 나무,윤관,"시/에세이, ","한국시, 현대시, ",537,0.0,,9791186963555.0
490,여름 맥주 영화,유성관,"시/에세이, 예술/대중문화, ","나라별 에세이, 한국에세이, 영화, 영화이야기, ",538,0.0,,9791195611966.0
491,다정한 날들에 안겨,염서정,"시/에세이, ","나라별 에세이, 한국에세이, ",539,10.0,2.0,9791197710742.0
492,음식의 말들,김도은,"시/에세이, ","나라별 에세이, 한국에세이, ",540,0.0,,9791167700643.0
493,그리는 마음,전소영,"시/에세이, 시/에세이, ","테마에세이, 그림에세이, 나라별 에세이, 한국에세이, ",541,10.0,5.0,9791191592337.0
494,우리의 영혼은 멈추지 않고,이화정,"시/에세이, ","한국시, 현대시, ",542,10.0,1.0,9791192858050.0
495,소방관들을 위한 특별한 한 끼,강제규,"시/에세이, ","나라별 에세이, 한국에세이, ",543,10.0,2.0,9791192441115.0
496,나를 깨워줘,김기준,"시/에세이, ","나라별 에세이, 한국에세이, ",544,10.0,3.0,9791157285068.0
497,너와 함께라면 어디든 좋아,인디고,"시/에세이, 시/에세이, ","테마에세이, 그림에세이, 나라별 에세이, 한국에세이, ",545,10.0,2.0,9791162144480.0
498,Wishing From Afar 고대하다 연연하다 성찰하다,이소정 외,"시/에세이, ","한국시, 현대시, ",546,10.0,7.0,9791155719336.0
499,당신이 꽃 옆에 서기 전에는,유기환,"시/에세이, ","한국시, 현대시, ",547,0.0,,9791192004167.0
500,오늘이 전부인 것처럼,백란현 외,"시/에세이, ","인물/자전적에세이, 여러인물/인터뷰, ",548,10.0,2.0,9791168369429.0
501,"시는 언제나, 르네 샤르",이찬규,"시/에세이, ","한국시, 현대시, ",549,10.0,2.0,9788976826985.0
502,그 남자의 휴식,손병규,"시/에세이, ","한국시, 현대시, ",550,0.0,,9791192822068.0
503,재롱 잔치,재롱이 누나,"시/에세이, 시/에세이, 시/에세이, ","테마에세이, 동물등장에세이, 테마에세이, 포토에세이, 나라별 에세이, 한국에세이, ",451,9.73,88.0,9788946422360.0
504,품위 있게 나이 든다는 것,김옥림,"시/에세이, ","나라별 에세이, 한국에세이, ",452,8.75,5.0,9791192073279.0
505,모든 순간이 너였다,하태완,"시/에세이, ","나라별 에세이, 한국에세이, ",453,9.61,36.0,9791191825770.0
506,조용헌의 봄여름가을겨울,조용헌,"시/에세이, ","나라별 에세이, 한국에세이, ",454,9.17,3.0,9791169256032.0
507,매화는 내 딸 매실은 내 아들 1,홍쌍리,"시/에세이, ","한국시, 현대시, ",455,10.0,3.0,9791157956814.0
508,무기력하지만 하고 싶은 것은 많습니다,양경민(글토크),"시/에세이, ","나라별 에세이, 한국에세이, ",456,9.58,19.0,9791191825794.0
509,저는 많이 보고 있어요,안미옥,"시/에세이, ","한국시, 현대시, ",457,9.92,25.0,9788954690812.0
510,조화로운 삶,헬렌 니어링 외,"시/에세이, ","나라별 에세이, 영미에세이, ",458,10.0,2.0,9791163142805.0
511,아이들 타임,조시현,"시/에세이, ","한국시, 현대시, ",459,9.5,7.0,9788932041230.0
512,검은 머리 짐승 사전,신이인,"시/에세이, ","한국시, 현대시, ",460,10.0,7.0,9788937409295.0
513,아무도 빌려주지 않는 인생책,가우르 고팔 다스,"시/에세이, ","나라별 에세이, 기타국가에세이, ",461,10.0,12.0,9791190382946.0
514,"회사가 나아요, 가게가 나아요?",로히,"시/에세이, 경제/경영, ","나라별 에세이, 한국에세이, 유통/창업, 창업, ",462,10.0,7.0,9791198167514.0
515,살아갈 날들을 위한 공부,레프 톨스토이,"시/에세이, ","나라별 에세이, 기타국가에세이, ",463,9.72,111.0,9788992378093.0
516,밤을 채우는 감각들,에밀리 디킨슨 외,"시/에세이, ","해외시, 영미시, ",464,10.0,10.0,9788937475993.0
517,나는 오늘의 내가 좋아,윤혜지,"시/에세이, ","나라별 에세이, 한국에세이, ",465,9.89,88.0,9791191891126.0
518,하얀 사슴 연못(2023 제68회 현대문학상 수상시집),황유원 외,"시/에세이, ","한국시, 현대시, ",466,10.0,6.0,9791167901460.0
519,사랑의 장면들,오수영,"시/에세이, ","나라별 에세이, 한국에세이, ",467,10.0,2.0,9791197455889.0
520,구원,정성주 외 53명,"시/에세이, ","한국시, 현대시, ",468,10.0,5.0,9791197032196.0
521,당신에게 좋은 소식을 전해줄게요,권글(권혁탁),"시/에세이, ","나라별 에세이, 한국에세이, ",469,9.72,21.0,9791192372228.0
522,문학의 숲을 거닐다,장영희,"시/에세이, ","나라별 에세이, 한국에세이, ",470,10.0,6.0,9788946422179.0
523,"두려움 없이, 당신 자신이 되세요",아니타 무르자니,"시/에세이, 시/에세이, ","테마에세이, 명상/치유에세이, 나라별 에세이, 기타국가에세이, ",471,9.89,18.0,9791188244874.0
524,오래되고 멋진 클래식 레코드,무라카미 하루키,"시/에세이, ","나라별 에세이, 일본에세이, ",472,9.52,79.0,9788954685672.0
525,세상의 끝과 부재중 통화,설은아,"시/에세이, ","나라별 에세이, 한국에세이, ",473,9.66,43.0,9791190382595.0
526,쉽게 행복해지는 사람,댄싱스네일,"시/에세이, 시/에세이, ","테마에세이, 그림에세이, 나라별 에세이, 한국에세이, ",474,9.46,26.0,9791168122338.0
527,순수한 앎의 빛,루퍼트 스파이라,"시/에세이, 시/에세이, ","테마에세이, 명상/치유에세이, 나라별 에세이, 영미에세이, ",475,9.0,3.0,9788989590934.0
528,푸른 밤,존 디디온,"시/에세이, ","나라별 에세이, 영미에세이, ",476,6.25,3.0,9791161110813.0
529,우리는 아직 무엇이든 될 수 있다,김진영,"시/에세이, ","나라별 에세이, 한국에세이, ",477,9.25,12.0,9791160807974.0
530,카페에서 공부하는 할머니,심혜경,"시/에세이, ","나라별 에세이, 한국에세이, ",478,9.35,58.0,9791165218119.0
531,계절 산문,박준,"시/에세이, ","나라별 에세이, 한국에세이, ",479,9.88,71.0,9791158161439.0
532,이토록 찬란한 어둠,김문정,"시/에세이, ","나라별 에세이, 한국에세이, ",480,9.94,32.0,9788965964865.0
533,상대적이며 절대적인 지식의 백과사전,베르나르 베르베르,"시/에세이, 인문, ","나라별 에세이, 프랑스에세이, 인문학일반, 인문교양, ",481,9.71,206.0,9788932921365.0
534,일기,황정은,"시/에세이, ","나라별 에세이, 한국에세이, ",482,9.85,55.0,9788936438586.0
535,다정소감,김혼비,"시/에세이, ","나라별 에세이, 한국에세이, ",483,9.22,92.0,9791197504136.0
536,나는 너의 불안이 길지 않았으면 좋겠어,윤글,"시/에세이, ","나라별 에세이, 한국에세이, ",484,9.7,31.0,9791191369175.0
537,우리는 달빛에도 걸을 수 있다,고수리,"시/에세이, ","나라별 에세이, 한국에세이, ",485,10.0,13.0,9791190382441.0
538,나라는 식물을 키워보기로 했다,김은주,"시/에세이, 시/에세이, ","나라별 에세이, 한국에세이, 테마에세이, 그림에세이, ",486,9.7,110.0,9788968333255.0
539,단정한 실패,정우성,"시/에세이, 건강, ","나라별 에세이, 한국에세이, 운동/트레이닝, 요가, ",487,10.0,4.0,9788937419386.0
540,악의 꽃(초판본)(1857년 오리지널 초판본 표지디자인),샤를 보들레르,"시/에세이, ","해외시, 프랑스시, ",488,9.56,63.0,9791164454938.0
541,"사라지는, 살아지는",안리타,"시/에세이, ","나라별 에세이, 한국에세이, ",489,10.0,2.0,9791196182915.0
542,무라카미 T,무라카미 하루키,"시/에세이, ","나라별 에세이, 일본에세이, ",490,9.14,106.0,9788934989981.0
543,작은 파티 드레스,크리스티앙 보뱅,"시/에세이, ","나라별 에세이, 프랑스에세이, ",491,9.72,48.0,9791190533034.0
544,평범한 결혼생활,임경선,"시/에세이, ","나라별 에세이, 한국에세이, ",492,8.4,56.0,9791197346576.0
545,오늘은 이만 좀 쉴게요(10만 부 기념 스페셜 에디션),손힘찬(오가타 마리토),"시/에세이, 시/에세이, ","나라별 에세이, 한국에세이, 테마에세이, 그림에세이, ",493,9.58,130.0,9791191043181.0
546,기록하기로 했습니다.,김신지,"시/에세이, ","나라별 에세이, 한국에세이, ",494,9.54,73.0,9791160805390.0
547,무엇을 위해 살죠?,박진영,"시/에세이, 시/에세이, 시/에세이, 예술/대중문화, ","나라별 에세이, 한국에세이, 인물/자전적에세이, 자전적에세이, 인물/자전적에세이, 대중연예인, 음악, 대중음악, ",495,8.41,125.0,9791190492973.0
548,리타의 정원(리커버),안리타,"시/에세이, 시/에세이, ","테마에세이, 명상/치유에세이, 나라별 에세이, 한국에세이, ",496,8.75,6.0,9791188694624.0
549,당신의 질문에 전생은 이렇게 대답합니다,박진여,"시/에세이, ","나라별 에세이, 한국에세이, ",497,9.56,40.0,9788934992899.0
550,민어의 노래,김옥종,"시/에세이, ","한국시, 현대시, ",498,10.0,1.0,9788960787193.0
551,내일은 내일의 해가 뜨겠지만 오늘 밤은 어떡하나요,연정,"시/에세이, ","나라별 에세이, 한국에세이, ",499,9.91,22.0,9791196654795.0
552,평일도 인생이니까,김신지,"시/에세이, ","나라별 에세이, 한국에세이, ",500,9.68,61.0,9788925569048.0
553,한여름 손잡기,권누리,"시/에세이, ","한국시, 현대시, ",401,9.63,20.0,9791186372890.0
554,땅콩일기,쩡찌,"시/에세이, 시/에세이, ","테마에세이, 그림에세이, 나라별 에세이, 한국에세이, ",402,9.74,57.0,9791189467340.0
555,오늘보다 더 사랑할 수 없는,송재은,"시/에세이, ","나라별 에세이, 한국에세이, ",403,0.0,,9791191514063.0
556,지쳤거나 좋아하는 게 없거나(리커버 에디션),글배우,"시/에세이, ","나라별 에세이, 한국에세이, ",404,9.74,171.0,9791197472558.0
557,내 생애 단 한 번,장영희,"시/에세이, ","나라별 에세이, 한국에세이, ",405,10.0,18.0,9788946421851.0
558,가지 말라는데 가고 싶은 길이 있다(나태주 스페셜 에디션),나태주,"시/에세이, ","한국시, 현대시, ",406,9.89,50.0,9791166830303.0
559,시가 나에게 살라고 한다,나태주,"시/에세이, ","한국시, 명시모음, ",407,9.49,43.0,9791190927963.0
560,아무도 알아주지 않는 우리의 특별함,이충걸,"시/에세이, ","나라별 에세이, 한국에세이, ",409,8.63,14.0,9791190492263.0
561,너와 함께라면 인생도 여행이다,나태주,"시/에세이, ","한국시, 현대시, ",410,9.38,204.0,9791170400097.0
562,참 애썼다 그것으로 되었다(10만부 판매 기념 한정판),정영욱,"시/에세이, ","나라별 에세이, 한국에세이, ",411,9.54,242.0,9791162141885.0
563,유배지에서 보낸 편지,정약용,"시/에세이, 시/에세이, 인문, ","테마에세이, 일기/편지, 나라별 에세이, 한국에세이, 한국문학론, 한국고전문학, ",412,10.0,24.0,9788936477844.0
564,줄리언 반스의 아주 사적인 미술 산책,줄리언 반스,"시/에세이, ","나라별 에세이, 영미에세이, ",413,9.34,101.0,9791130625829.0
565,윤동주 전 시집,윤동주,"시/에세이, ","한국시, 현대시, ",414,9.81,148.0,9791157952830.0
566,신과 나눈 이야기 2,닐 도날드 월쉬,"시/에세이, ","나라별 에세이, 영미에세이, ",415,9.45,40.0,9788955825169.0
567,내가 본 것을 당신도 볼 수 있다면,정우성,"시/에세이, ","나라별 에세이, 한국에세이, ",416,9.23,58.0,9788998602963.0
568,나는 당신을 편애합니다,손현녕,"시/에세이, ","나라별 에세이, 한국에세이, ",417,9.07,18.0,9791188694471.0
569,고양이 서점,사쿠마 가오루,"시/에세이, 시/에세이, ","테마에세이, 그림에세이, 나라별 에세이, 일본에세이, ",418,8.75,6.0,9791188200726.0
570,마음이 살짝 기운다,나태주,"시/에세이, ","한국시, 현대시, ",419,9.53,162.0,9788925565736.0
571,하마터면 열심히 살 뻔했다,하완,"시/에세이, ","나라별 에세이, 한국에세이, ",420,9.13,1095.0,9788901223032.0
572,완벽하지 않은 것들에 대한 사랑,혜민,"시/에세이, ","나라별 에세이, 한국에세이, ",421,9.53,1008.0,9791195322183.0
573,하늘 호수로 떠난 여행,류시화,"시/에세이, ","나라별 에세이, 한국에세이, ",422,9.57,63.0,9788970639468.0
574,시 읽는 밤: 시 밤(니 생각 에디션),하상욱,"시/에세이, ","한국시, 현대시, ",423,9.17,95.0,9788959139668.0
575,시인의 집,전영애,"시/에세이, 시/에세이, ","나라별 에세이, 한국에세이, 인물/자전적에세이, 여러인물/인터뷰, ",424,9.77,7.0,9788954637121.0
576,왜냐하면 우리는 우리를 모르고,이제니,"시/에세이, ","한국시, 현대시, ",425,9.12,55.0,9788932026701.0
577,릴케 시집,라이너 마리아 릴케,"시/에세이, ","해외시, 독일시, ",426,9.78,64.0,9788931007718.0
578,철학의 위안,알랭 드 보통,"시/에세이, 인문, ","나라별 에세이, 영미에세이, 철학, 교양철학, ",427,9.67,72.0,9788986836462.0
579,국화는 뜨겁다,정홍순,"시/에세이, ","한국시, 현대시, ",428,0.0,,9791158965976.0
580,로타리에서 만나요,서창우,"시/에세이, ","나라별 에세이, 한국에세이, ",429,0.0,,9791190946285.0
581,밤의 가스파르 Gaspard de la Nuit,알로이지우스 베르트랑,"시/에세이, ","해외시, 프랑스시, ",430,0.0,,9788937442971.0
582,메스를 손에 든 자,이수영,"시/에세이, ","나라별 에세이, 한국에세이, ",431,0.0,,9788967821883.0
583,우리가 함께 장마를 볼 수도 있겠습니다(리커버),박준,"시/에세이, ","한국시, 현대시, ",432,0.0,,9788932041636.0
584,어린이의 문장,정혜영,"시/에세이, ","나라별 에세이, 한국에세이, ",433,10.0,14.0,9788965965770.0
585,어린이의 말,박애희,"시/에세이, ","나라별 에세이, 한국에세이, ",434,10.0,12.0,9791170401957.0
586,"장손며느리, 딸 하나만 낳았습니다",김혜원,"시/에세이, ","나라별 에세이, 한국에세이, ",435,10.0,5.0,9791197143038.0
587,우리 둘에게 큰일은 일어나지 않는다,김상혁,"시/에세이, ","한국시, 현대시, ",436,10.0,3.0,9788954692472.0
588,너를 정말 사랑해(사철 노출 제본),차우 혼 램,"시/에세이, 시/에세이, ","테마에세이, 그림에세이, 나라별 에세이, 기타국가에세이, ",437,10.0,1.0,9791197825958.0
589,너를 만나서 행복해(사철 노출 제본),차우 혼 램,"시/에세이, 시/에세이, ","테마에세이, 그림에세이, 나라별 에세이, 기타국가에세이, ",438,10.0,5.0,9791197825941.0
590,세일러복을 입은 연필,무라카미 하루키,"시/에세이, ","나라별 에세이, 일본에세이, ",440,0.0,,9788954692687.0
591,쿨하고 와일드한 백일몽,무라카미 하루키,"시/에세이, ","나라별 에세이, 일본에세이, ",441,10.0,2.0,9788954692700.0
592,코끼리 공장의 해피엔드,무라카미 하루키,"시/에세이, ","나라별 에세이, 일본에세이, ",442,10.0,4.0,9788954692663.0
593,시똥마,윤태오,"시/에세이, ","한국시, 현대시, ",443,10.0,8.0,9791198021717.0
594,노력 없이 행복하고 걱정 없이 살아갈 것,최대호,"시/에세이, ","나라별 에세이, 한국에세이, ",444,10.0,2.0,9788967214791.0
595,이숨 네 컷,이숨,"시/에세이, 시/에세이, ","테마에세이, 그림에세이, 나라별 에세이, 한국에세이, ",445,10.0,2.0,9791191811193.0
596,누군가는 사랑을 말해야 하지 않을까,백가희,"시/에세이, 시/에세이, ","테마에세이, 사랑/연애에세이, 나라별 에세이, 한국에세이, ",446,10.0,2.0,9791191200751.0
597,초록 채집(누드 사철 제본),정현,"시/에세이, 시/에세이, ","테마에세이, 그림에세이, 나라별 에세이, 한국에세이, ",447,10.0,2.0,9788925576626.0
598,끝까지 남겨두는 그 마음,나태주,"시/에세이, ","한국시, 현대시, ",448,0.0,,9791168030596.0
599,사랑이 아무것도 아닌 날에도,백가연,"시/에세이, ","나라별 에세이, 한국에세이, ",449,10.0,5.0,9791197949333.0
600,여름 가고 여름,채인숙,"시/에세이, ","한국시, 현대시, ",450,10.0,1.0,9788937409332.0
601,이상하고 자유로운 할머니가 되고 싶어,무루(박서영),"시/에세이, ","나라별 에세이, 한국에세이, ",351,9.5,131.0,9791190030472.0
602,배움의 발견,타라 웨스트오버,"시/에세이, 시/에세이, ","나라별 에세이, 영미에세이, 인물/자전적에세이, 자전적에세이, ",352,9.38,329.0,9788932919553.0
603,우아하고 호쾌한 여자 축구,김혼비,"시/에세이, ","나라별 에세이, 한국에세이, ",353,9.74,90.0,9788937437571.0
604,너의 계절,백가희,"시/에세이, ","나라별 에세이, 한국에세이, ",354,8.33,9.0,9791188345397.0
605,나로 살아가는 기쁨,아니타 무르자니,"시/에세이, ","나라별 에세이, 영미에세이, ",355,9.65,28.0,9791188244003.0
606,누구도 기억하지 않는 역에서,허수경,"시/에세이, ","한국시, 현대시, ",356,9.7,84.0,9788932029085.0
607,숨결이 바람 될 때,폴 칼라니티,"시/에세이, ","나라별 에세이, 영미에세이, ",357,9.49,775.0,9788965961956.0
608,자전거여행 1,김훈,"시/에세이, ","나라별 에세이, 한국에세이, ",358,9.78,60.0,9788954626200.0
609,헤르만 헤세 시집,헤르만 헤세,"시/에세이, ","해외시, 독일시, ",359,9.79,56.0,9788931007381.0
610,나는 지금 누구를 사랑하는가,바이런 케이티,"시/에세이, ","나라별 에세이, 영미에세이, ",360,9.59,33.0,9788965700357.0
611,그러니 그대 사라지지 말아라,박노해,"시/에세이, ","한국시, 현대시, ",361,9.74,107.0,9788991418103.0
612,시간의 여울,이우환,"시/에세이, ","나라별 에세이, 한국에세이, ",362,8.21,5.0,9788972754459.0
613,15라운드를 버틴 록키처럼,권희대,"시/에세이, ","나라별 에세이, 한국에세이, ",363,10.0,1.0,9791191749182.0
614,키스,해사 외,"시/에세이, ","한국시, 현대시, ",364,0.0,,9791198023360.0
615,어떤 이름에게,박선아,"시/에세이, 시/에세이, ","테마에세이, 포토에세이, 나라별 에세이, 한국에세이, ",365,0.0,,9791168232136.0
616,침구 인술로 아름다운 황혼,정일교,"시/에세이, 시/에세이, ","나라별 에세이, 한국에세이, 인물/자전적에세이, 자전적에세이, ",366,0.0,,9791187828082.0
617,"청년 김도훈의 산티아고 순례, 나를 찾는 좌충우돌 779km 여정",김도훈,"시/에세이, ","나라별 에세이, 한국에세이, ",367,0.0,,9791191685183.0
618,베르베르의 조각들,레퍼런스 바이 비 편집부,"시/에세이, 시/에세이, 인문, ","나라별 에세이, 한국에세이, 인물/자전적에세이, 문인/작가, 문학이론, 문인/작가론, ",368,0.0,,9791198305626.0
619,보건실 즐겨찾기,이은아,"시/에세이, 인문, ","나라별 에세이, 한국에세이, 교육학, 교육에세이, ",369,10.0,8.0,9791191966091.0
620,여행의 장면,고수리 외,"시/에세이, ","나라별 에세이, 한국에세이, ",370,10.0,2.0,9791198159632.0
621,바다는 잘 있습니다(리커버),이병률,"시/에세이, ","한국시, 현대시, ",371,0.0,,9788932041629.0
622,평생 간직하고픈 시,윤동주 외,"시/에세이, ","한국시, 현대시, ",372,10.0,7.0,9791160051261.0
623,FUN FEARLESS FEMALE: 90년대생 여성 창업자들,코스모폴리탄 편집팀,"시/에세이, 경제/경영, ","인물/자전적에세이, 여러인물/인터뷰, 유통/창업, 창업, ",373,0.0,,9788964562437.0
624,튤립 연가,이종섶,"시/에세이, ","한국시, 현대시, ",374,8.33,3.0,9791189729820.0
625,에밀리 디킨슨 시 선집,에밀리 디킨슨,"시/에세이, ","해외시, 영미시, ",375,10.0,9.0,9788932405193.0
626,아치울의 리듬,호원숙,"시/에세이, ","나라별 에세이, 한국에세이, ",376,10.0,1.0,9791162851418.0
627,밸런타인데이의 무말랭이,무라카미 하루키,"시/에세이, ","나라별 에세이, 일본에세이, ",377,10.0,5.0,9788954692670.0
628,도쿄에선 단 한 끼도 대충 먹을 수 없어,바이구이(by92),"시/에세이, 요리, ","나라별 에세이, 한국에세이, 요리에세이, ",378,10.0,3.0,9788927879787.0
629,고양이가 말했다 나처럼 살아보라고,림헹쉬,"시/에세이, 시/에세이, 시/에세이, ","테마에세이, 그림에세이, 테마에세이, 동물등장에세이, 나라별 에세이, 영미에세이, ",379,10.0,14.0,9791192625324.0
630,수치심 탐구 생활,사월날씨,"시/에세이, ","나라별 에세이, 한국에세이, ",380,10.0,2.0,9788960499256.0
631,도망치는 게 뭐 어때서,김수민,"시/에세이, ","나라별 에세이, 한국에세이, ",381,9.34,29.0,9791160409581.0
632,상실의 기쁨,프랭크 브루니,"시/에세이, ","나라별 에세이, 영미에세이, ",382,9.69,46.0,9791185424286.0
633,일년살이 골목길,심진숙,"시/에세이, 시/에세이, ","테마에세이, 포토에세이, 나라별 에세이, 한국에세이, ",383,9.38,4.0,9791198156914.0
634,어느 미래에 당신이 없을 것이라고,목정원,"시/에세이, ","나라별 에세이, 한국에세이, ",384,9.52,16.0,9791189467821.0
635,만지고 싶은 기분,요조,"시/에세이, ","나라별 에세이, 한국에세이, ",385,9.24,23.0,9788960907935.0
636,천사를 거부하는 우울한 연인에게,양안다,"시/에세이, ","한국시, 현대시, ",386,10.0,10.0,9788954699334.0
637,사랑하는 소년이 얼음 밑에 살아서,한정원,"시/에세이, ","한국시, 현대시, ",387,10.0,20.0,9791190999120.0
638,사랑,김순임 외 72명 외,"시/에세이, ","한국시, 현대시, ",388,10.0,2.0,9791198023346.0
639,이만큼이나 낭만적이고 멋진 사람,오휘명,"시/에세이, ","나라별 에세이, 한국에세이, ",389,10.0,18.0,9791192559667.0
640,일상의 낱말들,김원영 외,"시/에세이, ","나라별 에세이, 한국에세이, ",390,9.25,12.0,9791160949834.0
641,어쩌면 별들이 너의 슬픔을 가져갈지도 몰라,김용택,"시/에세이, 시/에세이, ","한국시, 현대시, 나라별 에세이, 한국에세이, ",391,9.47,656.0,9788959139309.0
642,너는 좋은 사람이라 더 아팠나 보다,맺음,"시/에세이, ","나라별 에세이, 한국에세이, ",392,10.0,4.0,9791191731316.0
643,0원으로 사는 삶,박정미,"시/에세이, ","나라별 에세이, 한국에세이, ",393,9.76,18.0,9791159259111.0
644,책과 우연들,김초엽,"시/에세이, ","나라별 에세이, 한국에세이, ",394,9.7,85.0,9791170401421.0
645,그리고 행복하다는 소식을 들었습니다,이병률,"시/에세이, ","나라별 에세이, 한국에세이, ",395,9.87,76.0,9791158161552.0
646,위로의 책,매트 헤이그,"시/에세이, ","나라별 에세이, 영미에세이, ",396,9.84,25.0,9791162542965.0
647,사랑은 없다,쇼펜하우어,"시/에세이, ","나라별 에세이, 독일에세이, ",397,9.64,9.0,9788962261288.0
648,청춘의 문장들,김연수,"시/에세이, ","나라별 에세이, 한국에세이, ",398,9.13,17.0,9788960907485.0
649,"너의 초록으로, 다시",나태주 외,"시/에세이, ","한국시, 현대시, ",399,10.0,24.0,9791191194616.0
650,지구가 죽으면 달은 누굴 돌지?,김혜순,"시/에세이, ","한국시, 현대시, ",400,10.0,8.0,9788932039985.0
651,당신의 마음을 안아줄게요,김지훈,"시/에세이, ","나라별 에세이, 한국에세이, ",301,9.36,105.0,9791196484248.0
652,그리하여 흘려 쓴 것들,이제니,"시/에세이, ","한국시, 현대시, ",302,9.52,54.0,9788932034959.0
653,주문을 틀리는 요리점,오구니 시로,"시/에세이, ","나라별 에세이, 일본에세이, ",303,9.48,80.0,9788901226026.0
654,젊은 시인에게 보내는 편지,라이너 마리아 릴케,"시/에세이, ","나라별 에세이, 독일에세이, ",304,9.58,24.0,9788931010862.0
655,모리와 함께한 화요일,미치 앨봄,"시/에세이, ","나라별 에세이, 영미에세이, ",305,9.65,150.0,9788952236753.0
656,약간의 거리를 둔다,소노 아야코,"시/에세이, ","나라별 에세이, 일본에세이, ",306,8.93,513.0,9791186274156.0
657,어떻게든 이별,류근,"시/에세이, ","한국시, 현대시, ",307,9.46,42.0,9788932028965.0
658,네가 어떤 삶을 살든 나는 너를 응원할 것이다,공지영,"시/에세이, ","나라별 에세이, 한국에세이, ",308,9.67,67.0,9788965745716.0
659,모든 요일의 여행(10만 부 기념 리커버 에디션),김민철,"시/에세이, 여행, ","나라별 에세이, 한국에세이, 여행에세이, ",309,9.33,207.0,9791185459523.0
660,인생을 배우다,전영애,"시/에세이, ","나라별 에세이, 한국에세이, ",310,9.63,18.0,9788935210237.0
661,정확한 사랑의 실험,신형철,"시/에세이, 예술/대중문화, ","나라별 에세이, 한국에세이, 영화, 영화이야기, ",311,9.9,91.0,9788960902039.0
662,질문의 책,파블로 네루다,"시/에세이, ","해외시, 기타나라/여러나라시, ",312,9.63,28.0,9788954619653.0
663,입 속의 검은 잎,기형도,"시/에세이, ","한국시, 현대시, ",313,9.63,219.0,9788932003979.0
664,결혼 여름,알베르 카뮈,"시/에세이, ","나라별 에세이, 프랑스에세이, ",314,9.55,50.0,9788970131078.0
665,사람을 잇다 사람이 있다 삼달다방,이상엽,"시/에세이, ","나라별 에세이, 한국에세이, ",315,0.0,,9791187694250.0
666,"선생님, 항우울제 대신 시를 처방해 주세요",성유미,"시/에세이, 인문, ","한국시, 현대시, 심리학, 교양심리, ",316,10.0,2.0,9791165347529.0
667,청춘유감,한소범,"시/에세이, ","나라별 에세이, 한국에세이, ",317,0.0,,9788954693516.0
668,먹고살고 글쓰고,김현진 외,"시/에세이, ","나라별 에세이, 한국에세이, ",318,10.0,1.0,9791198088543.0
669,듣기의 말들,박총,"시/에세이, ","나라별 에세이, 한국에세이, ",319,10.0,1.0,9791167700636.0
670,"우리, 희나",오한숙희,"시/에세이, ","나라별 에세이, 한국에세이, ",320,0.0,,9791193156025.0
671,다행한 불행,김설,"시/에세이, ","나라별 에세이, 한국에세이, ",321,0.0,,9791190365505.0
672,그 여름의 끝(리커버),이성복,"시/에세이, ","한국시, 현대시, ",322,0.0,,9788932041612.0
673,균형의 힘,권오식,"시/에세이, 시/에세이, ","테마에세이, 명언/지혜, 나라별 에세이, 한국에세이, ",323,10.0,15.0,9791192338491.0
674,월든,헨리 데이비드 소로,"시/에세이, ","나라별 에세이, 영미에세이, ",324,10.0,4.0,9791160273083.0
675,아빠도 쉽지 않았다,이철재,"시/에세이, ","나라별 에세이, 한국에세이, ",325,10.0,3.0,9791191978032.0
676,장수 고양이의 비밀,무라카미 하루키,"시/에세이, ","나라별 에세이, 일본에세이, ",326,0.0,,9788954692717.0
677,나의 아프고 아름다운 코끼리,바바라 포어자머,"시/에세이, 시/에세이, ","테마에세이, 명상/치유에세이, 나라별 에세이, 독일에세이, ",327,9.5,17.0,9788901271330.0
678,언젠가 이 밤도 노래가 되겠지,김윤주 외,"시/에세이, ","나라별 에세이, 한국에세이, ",328,9.62,22.0,9791168126220.0
679,"처음 사는 인생, 누구나 서툴지",나태주,"시/에세이, ","한국시, 현대시, ",329,8.67,11.0,9791168030640.0
680,전쟁과 평화가 있는 내 부엌,신달자,"시/에세이, ","한국시, 현대시, ",330,10.0,2.0,9788937409318.0
681,부부가 둘 다 잘 먹었습니다,윤혜자,"시/에세이, ","나라별 에세이, 한국에세이, ",331,9.81,19.0,9791191401684.0
682,나를 리뷰하는 법,김혜원,"시/에세이, ","나라별 에세이, 한국에세이, ",332,9.86,32.0,9791130697512.0
683,사소한 것들이 신경 쓰입니다,마스다 미리,"시/에세이, 시/에세이, ","테마에세이, 그림에세이, 나라별 에세이, 일본에세이, ",333,9.86,29.0,9791138435925.0
684,당신의 세계는 아직도 바다와 빗소리와 작약을 취급하는지,김경미,"시/에세이, ","한국시, 현대시, ",334,8.93,9.0,
685,런던에서 온 평양 여자,오혜선,"시/에세이, ","나라별 에세이, 한국에세이, ",335,9.8,50.0,9791198161734.0
686,짱구가 3년 후 나에게 Q&A a day 다이어리,더모던 편집부,"시/에세이, 자기계발, ","나라별 에세이, 한국에세이, 비즈니스능력계발, 다이어리/플래너, ",336,10.0,10.0,9791164455812.0
687,시간은 되돌릴 수 없고 인생은 한번뿐,글배우,"시/에세이, ","나라별 에세이, 한국에세이, ",337,9.6,92.0,9791192237145.0
688,각자 원하는 달콤한 꿈을 꾸고 내일 또 만나자,황의정,"시/에세이, ","나라별 에세이, 한국에세이, ",338,10.0,10.0,9791192107738.0
689,세상에서 제일 다정한 이야기,신하영,"시/에세이, ","나라별 에세이, 한국에세이, ",339,10.0,24.0,9791191369328.0
690,어떤 슬픔은 함께할 수 없다,손택수,"시/에세이, ","한국시, 현대시, ",340,9.38,7.0,9788954688673.0
691,계절의 위로,서은,"시/에세이, ","나라별 에세이, 한국에세이, ",341,9.38,14.0,9791190807203.0
692,얀 마텔 101통의 문학 편지,얀 마텔,"시/에세이, ","나라별 에세이, 영미에세이, ",342,9.63,24.0,9791160262865.0
693,자기돌봄의 시,나태주,"시/에세이, ","한국시, 현대시, ",343,10.0,14.0,9791168030329.0
694,여름 빛 아래,황수영,"시/에세이, ","나라별 에세이, 한국에세이, ",344,9.86,16.0,9791189885939.0
695,별게 다 영감,이승희,"시/에세이, ","나라별 에세이, 한국에세이, ",345,9.59,42.0,9791191211535.0
696,월든·시민 불복종(합본 완역본),헨리 데이비드 소로,"시/에세이, ","나라별 에세이, 영미에세이, ",346,9.46,94.0,9791139700503.0
697,이제는 오해하면 그대로 둔다,김다슬,"시/에세이, ","나라별 에세이, 한국에세이, ",347,9.67,66.0,9791191043440.0
698,상관없는 거 아닌가?,장기하,"시/에세이, 시/에세이, 예술/대중문화, ","나라별 에세이, 한국에세이, 인물/자전적에세이, 대중연예인, 음악, 대중음악, ",348,9.4,136.0,9788954674607.0
699,죽은 자의 집 청소,김완,"시/에세이, ","나라별 에세이, 한국에세이, ",349,8.87,308.0,9788934992493.0
700,애쓰지 않고 편안하게(20만 부 기념 에디션),김수현,"시/에세이, ","나라별 에세이, 한국에세이, ",350,9.42,455.0,9791130629636.0
701,에세 세트,미셸 드 몽테뉴,"시/에세이, ","나라별 에세이, 프랑스에세이, ",251,9.77,33.0,9788937472237.0
702,꽃잎 한 장처럼,이해인,"시/에세이, 시/에세이, 시/에세이, ","테마에세이, 일기/편지, 한국시, 현대시, 나라별 에세이, 한국에세이, ",252,9.78,115.0,9788946422056.0
703,사랑한다고 말할 용기,황선우,"시/에세이, ","나라별 에세이, 한국에세이, ",253,9.57,36.0,9788986022469.0
704,골든아워 2,이국종,"시/에세이, 기술/공학, ","나라별 에세이, 한국에세이, 의학, 의학이야기, ",254,10.0,8.0,9788965964704.0
705,모국어는 차라리 침묵,목정원,"시/에세이, ","나라별 에세이, 한국에세이, ",255,9.71,72.0,9791189467302.0
706,모든 날에 모든 순간에 위로를 보낸다,글배우,"시/에세이, ","나라별 에세이, 한국에세이, ",256,9.39,182.0,9791196797799.0
707,사물의 뒷모습,안규철,"시/에세이, 시/에세이, ","테마에세이, 그림에세이, 나라별 에세이, 한국에세이, ",257,9.9,55.0,9791190885669.0
708,어떤 죽음이 삶에게 말했다,김범석,"시/에세이, ","나라별 에세이, 한국에세이, ",258,9.62,208.0,9788965964230.0
709,모든 계절이 유서였다,안리타,"시/에세이, ","나라별 에세이, 한국에세이, ",259,9.46,8.0,9791196182922.0
710,쉬운 천국,유지혜,"시/에세이, 여행, ","나라별 에세이, 한국에세이, 여행에세이, ",260,9.74,58.0,9791189385163.0
711,기쁨의 천 가지 이름,바이런 케이티 외,"시/에세이, 시/에세이, ","테마에세이, 명상/치유에세이, 나라별 에세이, 영미에세이, ",261,9.0,7.0,9788989590866.0
712,소란,박연준,"시/에세이, ","나라별 에세이, 한국에세이, ",262,9.12,57.0,9791188862634.0
713,너라는 계절,김지훈,"시/에세이, ","나라별 에세이, 한국에세이, ",263,9.73,40.0,9791196484262.0
714,사랑에는 사랑이 없다,김소연,"시/에세이, ","나라별 에세이, 한국에세이, ",264,9.39,51.0,9788932035505.0
715,바보 빅터,호아킴 데 포사다 외,"시/에세이, ","나라별 에세이, 영미에세이, ",265,9.33,226.0,9788947527934.0
716,너의 아름다움이 온통 글이 될까봐,황유원,"시/에세이, ","한국시, 현대시, ",266,9.31,90.0,9788954649223.0
717,"반 고흐, 영혼의 편지",빈센트 반 고흐,"시/에세이, 예술/대중문화, ","나라별 에세이, 기타국가에세이, 미술, 교양미술, ",267,9.62,321.0,9788959135219.0
718,어쩌다 보니 50살이네요,히로세 유코,"시/에세이, ","나라별 에세이, 일본에세이, ",268,9.18,50.0,9791159350115.0
719,동전 하나로도 행복했던 구멍가게의 날들,이미경,"시/에세이, ","나라별 에세이, 한국에세이, ",269,9.75,141.0,9791185823133.0
720,수학자의 아침,김소연,"시/에세이, ","한국시, 현대시, ",270,9.67,67.0,9788932024622.0
721,이 시대의 사랑,최승자,"시/에세이, ","한국시, 현대시, ",271,9.61,74.0,9788932001258.0
722,우린 잘 살 줄 알았다,김멋지 외,"시/에세이, ","나라별 에세이, 한국에세이, ",272,0.0,,9791198172129.0
723,우리는 귤멍멍이 유기견 아이돌,구낙현 외,"시/에세이, 시/에세이, ","테마에세이, 동물등장에세이, 나라별 에세이, 한국에세이, ",273,10.0,1.0,9791197892196.0
724,두이노의 비가,라이너 마리아 릴케,"시/에세이, ","해외시, 독일시, ",274,0.0,,9788937475603.0
725,우와……한 어른 생활,이현진,"시/에세이, ","나라별 에세이, 한국에세이, ",275,10.0,3.0,9788967442552.0
726,"나무가 하는 말, 산책할까요",위난희,"시/에세이, ","한국시, 현대시, ",276,10.0,10.0,9791190411912.0
727,살면서 가장 아름다운 자리,구영회,"시/에세이, 시/에세이, ","테마에세이, 포토에세이, 나라별 에세이, 한국에세이, ",277,0.0,,9791192275147.0
728,집 보러 가실까요?,양정아,"시/에세이, 경제/경영, ","나라별 에세이, 한국에세이, 재테크/금융, 부동산, ",278,10.0,3.0,9791192776590.0
729,나는 왜 이렇게 웃긴가,이반지하,"시/에세이, ","나라별 에세이, 한국에세이, ",279,10.0,3.0,9788954692960.0
730,행복의 건축,알랭 드 보통,"시/에세이, 기술/공학, ","나라별 에세이, 영미에세이, 건축/인테리어, 교양건축/건축이야기, ",280,0.0,,9788986836899.0
731,그랜트의 식물 감성,그랜트 박상혁,"시/에세이, 취미/실용/스포츠, ","나라별 에세이, 한국에세이, 가정원예, 꽃꽂이/화초, ",281,9.74,13.0,9791167371478.0
732,배우와 배우가,김신록,"시/에세이, 예술/대중문화, ","나라별 에세이, 한국에세이, 연극, 연기/작가/연출, ",282,9.69,17.0,9791192638065.0
733,줬으면 그만이지(반양장),김주완,"시/에세이, ","나라별 에세이, 한국에세이, ",283,9.88,28.0,9791186351543.0
734,요가 다녀왔습니다,신경숙,"시/에세이, ","나라별 에세이, 한국에세이, ",284,9.88,33.0,9791158161583.0
735,진지하면 반칙이다,류근,"시/에세이, ","나라별 에세이, 한국에세이, ",285,9.85,28.0,9791167140517.0
736,최소한의 이웃,허지웅,"시/에세이, 시/에세이, ","나라별 에세이, 한국에세이, 테마에세이, 명언/지혜, ",286,9.51,228.0,9788934942405.0
737,"언젠간 잘리고, 회사는 망하고, 우리는 죽는다!",이동수,"시/에세이, ","나라별 에세이, 한국에세이, ",287,9.61,27.0,9788925577807.0
738,탈무드,샤이니아,"시/에세이, 시/에세이, ","테마에세이, 명언/지혜, 나라별 에세이, 영미에세이, ",288,9.83,13.0,9791189729721.0
739,내 방식대로 삽니다,남인숙,"시/에세이, ","나라별 에세이, 한국에세이, ",289,9.65,36.0,9791167140340.0
740,환희의 인간,크리스티앙 보뱅,"시/에세이, ","나라별 에세이, 프랑스에세이, ",290,9.89,99.0,9791190533102.0
741,선생님하고 나는 친하니까,권용덕,"시/에세이, ","나라별 에세이, 한국에세이, ",291,10.0,5.0,9791191533057.0
742,언제 들어도 좋은 말,이석원,"시/에세이, ","나라별 에세이, 한국에세이, ",292,9.89,35.0,9788932474458.0
743,지구인만큼 지구를 사랑할 순 없어,정세랑,"시/에세이, 여행, ","나라별 에세이, 한국에세이, 여행에세이, ",293,9.7,423.0,9791191583793.0
744,영원,김수빈 외,"시/에세이, ","한국시, 현대시, ",294,10.0,2.0,9791197032127.0
745,나의 럭키넘버,한민경,"시/에세이, ","나라별 에세이, 한국에세이, ",295,10.0,55.0,9791197322105.0
746,우리는 조구만 존재야,조구만 스튜디오,"시/에세이, 시/에세이, ","테마에세이, 그림에세이, 나라별 에세이, 한국에세이, ",296,9.55,161.0,9791165213497.0
747,시를 잊은 그대에게(리커버),정재찬,"시/에세이, 시/에세이, ","나라별 에세이, 한국에세이, 한국시, 현대시, ",297,9.42,369.0,9788958628224.0
748,문장수집가 1: Love Myself,아틀리에 드 에디토,"시/에세이, ","나라별 에세이, 한국에세이, ",298,9.57,29.0,9791189096137.0
749,너는 다시 태어나려고 기다리고 있어,이슬아,"시/에세이, ","나라별 에세이, 한국에세이, ",299,9.49,52.0,9791196589158.0
750,잊기 좋은 이름(리커버),김애란,"시/에세이, ","나라별 에세이, 한국에세이, ",300,9.63,300.0,9791170400011.0
751,슬픔의 방문,장일호,"시/에세이, ","나라별 에세이, 한국에세이, ",201,9.86,23.0,9791155251591.0
752,저 별은 모두 당신을 위해 빛나고 있다,손힘찬(오가타 마리토),"시/에세이, ","나라별 에세이, 한국에세이, ",202,9.74,76.0,9791192372037.0
753,태도에 관하여(특별판),임경선,"시/에세이, ","나라별 에세이, 한국에세이, ",203,9.14,18.0,9791160407006.0
754,외로우니까 사람이다,정호승,"시/에세이, ","한국시, 현대시, ",204,10.0,5.0,9788936427344.0
755,스스로 행복하라,법정,"시/에세이, ","나라별 에세이, 한국에세이, ",205,9.75,53.0,9788946421813.0
756,나는 괜찮은 사람입니다,법륜,"시/에세이, 시/에세이, ","나라별 에세이, 한국에세이, 테마에세이, 명언/지혜, ",206,9.58,52.0,9791187297260.0
757,명랑한 은둔자,캐럴라인 냅,"시/에세이, ","나라별 에세이, 영미에세이, ",207,9.71,279.0,9791189932671.0
758,제가 한번 해보았습니다,남형도,"시/에세이, ","나라별 에세이, 한국에세이, ",208,9.81,39.0,9788934992530.0
759,보통의 언어들,김이나,"시/에세이, ","나라별 에세이, 한국에세이, ",209,9.22,327.0,9791190786355.0
760,학문의 즐거움,히로나카 헤이스케,"시/에세이, ","나라별 에세이, 일본에세이, ",210,9.43,105.0,9788934930662.0
761,날씨가 되기 전까지 안개는 자유로웠고,정영효,"시/에세이, ","한국시, 현대시, ",211,0.0,,9788954698795.0
762,Alone,줌파 라히리 외,"시/에세이, ","나라별 에세이, 영미에세이, ",212,10.0,12.0,9791191183238.0
763,우리는 순수한 것을 생각했다,은유,"시/에세이, ","인물/자전적에세이, 여러인물/인터뷰, ",213,10.0,1.0,9791189433819.0
764,3923일의 생존 기록,김지수,"시/에세이, ","나라별 에세이, 한국에세이, ",214,10.0,21.0,9791189784348.0
765,리타의 일기,안리타,"시/에세이, ","나라별 에세이, 한국에세이, ",215,0.0,,9791198265159.0
766,바로 손을 흔드는 대신,박솔뫼 외,"시/에세이, ","나라별 에세이, 한국에세이, ",216,0.0,,9788937417238.0
767,"글멍, 내가 자유로워지다",만월 도전,"시/에세이, ","나라별 에세이, 한국에세이, ",217,8.75,7.0,9791198311702.0
768,나의 뉴욕 수업,곽아람,"시/에세이, ","나라별 에세이, 한국에세이, ",218,10.0,9.0,9788961964333.0
769,사람은 고쳐 쓰는 게 아니다,알리사,"시/에세이, 시/에세이, ","테마에세이, 명상/치유에세이, 나라별 에세이, 한국에세이, ",219,9.93,31.0,9791192372334.0
770,날씨와 얼굴,이슬아,"시/에세이, ","나라별 에세이, 한국에세이, ",220,9.4,40.0,9791186602935.0
771,아주 오랜만에 행복하다는 느낌,백수린,"시/에세이, ","나라별 에세이, 한국에세이, ",221,9.78,136.0,9788936438869.0
772,내 일로 건너가는 법,김민철,"시/에세이, ","나라별 에세이, 한국에세이, ",222,9.84,38.0,9791168124363.0
773,보이지 않는 곳에서 애쓰고 있는 너에게,최대호,"시/에세이, ","나라별 에세이, 한국에세이, ",223,9.84,55.0,9791197646775.0
774,마음의 주인,이기주,"시/에세이, ","나라별 에세이, 한국에세이, ",224,9.48,120.0,9791195522149.0
775,젊은 ADHD의 슬픔,정지음,"시/에세이, ","나라별 에세이, 한국에세이, ",225,9.47,61.0,9788937472114.0
776,나의 이브 생 로랑에게,피에르 베르제,"시/에세이, 시/에세이, ","테마에세이, 일기/편지, 나라별 에세이, 프랑스에세이, ",226,9.66,39.0,9791197325809.0
777,배려의 말들,류승연,"시/에세이, ","나라별 에세이, 한국에세이, ",227,9.78,14.0,9791189683405.0
778,나태주 연필화 시집,나태주,"시/에세이, ","한국시, 현대시, ",228,9.84,17.0,9788962918694.0
779,사랑한다고 상처를 허락하지 말 것,김달,"시/에세이, ","나라별 에세이, 한국에세이, ",229,9.53,232.0,9791165340957.0
780,먼 북소리,무라카미 하루키,"시/에세이, ","나라별 에세이, 일본에세이, ",230,9.94,30.0,9788970129501.0
781,100 인생 그림책,하이케 팔러,"시/에세이, 유아(0~7세), ","나라별 에세이, 독일에세이, 0세부터100세그림책, 그림책일반, ",231,9.7,134.0,9791160944426.0
782,골든아워 1,이국종,"시/에세이, 기술/공학, ","나라별 에세이, 한국에세이, 의학, 의학이야기, ",232,9.79,1065.0,9788965962823.0
783,진심의 공간,김현진,"시/에세이, ","나라별 에세이, 한국에세이, ",233,7.67,10.0,9788954437042.0
784,불안의 서,페르난두 페소아,"시/에세이, ","나라별 에세이, 기타국가에세이, ",234,9.9,59.0,9788996997962.0
785,심리여행 IN 독서치료,이재연 외,"시/에세이, 시/에세이, 인문, ","테마에세이, 명상/치유에세이, 나라별 에세이, 한국에세이, 독서/글쓰기, 독서, ",235,0.0,,9791139211351.0
786,바람 냄새가 밴 사람들,전영웅,"시/에세이, 시/에세이, ","테마에세이, 명상/치유에세이, 나라별 에세이, 한국에세이, ",236,0.0,,9791197640025.0
787,괜찮은 아빠이고 싶어서,윤태곤,"시/에세이, ","나라별 에세이, 한국에세이, ",237,10.0,3.0,9791188366804.0
788,그립고 그립고 그립다,조병준,"시/에세이, 시/에세이, ","테마에세이, 명상/치유에세이, 나라별 에세이, 한국에세이, ",238,10.0,10.0,9791191769395.0
789,편집 후기,오경철,"시/에세이, 정치/사회, ","나라별 에세이, 한국에세이, 언론/신문/방송, 출판, ",239,10.0,3.0,9791192968247.0
790,결혼하고 나를 더 사랑하게 되었다,벼리,"시/에세이, 시/에세이, ","테마에세이, 그림에세이, 나라별 에세이, 한국에세이, ",240,10.0,8.0,9791192641133.0
791,내가 너의 행복이 될게,김미묘,"시/에세이, 시/에세이, ","테마에세이, 그림에세이, 나라별 에세이, 한국에세이, ",241,10.0,6.0,9791168126183.0
792,우리에게는 온기가 있기에,연그림,"시/에세이, ","나라별 에세이, 한국에세이, ",242,10.0,25.0,9791130699288.0
793,"이대호, 도전은 끝나지 않았다",이대호,"시/에세이, 시/에세이, 시/에세이, 취미/실용/스포츠, ","나라별 에세이, 한국에세이, 인물/자전적에세이, 자전적에세이, 인물/자전적에세이, 운동선수/무도인, 체육, 운동선수/무도인, ",243,9.41,15.0,9791139710946.0
794,우울해방일지,이명수,"시/에세이, 시/에세이, ","테마에세이, 명상/치유에세이, 나라별 에세이, 한국에세이, ",244,10.0,13.0,9791185469232.0
795,순간을 믿어요,이석원,"시/에세이, ","나라별 에세이, 한국에세이, ",245,9.33,140.0,9788932474847.0
796,나는 좌절의 스페셜리스트입니다,백혜선,"시/에세이, ","나라별 에세이, 한국에세이, ",246,10.0,23.0,9791130696720.0
797,상대적이며 절대적인 고양이 백과사전,베르나르 베르베르,"시/에세이, 시/에세이, ","테마에세이, 동물등장에세이, 나라별 에세이, 프랑스에세이, ",247,9.5,35.0,9788932922966.0
798,삶을 견디는 기쁨,헤르만 헤세,"시/에세이, ","나라별 에세이, 독일에세이, ",248,9.58,7.0,9788976045621.0
799,오래 보아야 사랑스럽다,나태주,"시/에세이, ","한국시, 현대시, ",249,10.0,4.0,9791191200676.0
800,이상 시 전집,이상,"시/에세이, ","한국시, 현대시, ",250,9.83,22.0,9788937464119.0
801,사랑은 찾는 게 아니라 만드는 것이다,정이수,"시/에세이, ","나라별 에세이, 한국에세이, ",101,9.58,12.0,9791192559728.0
802,나의 봄날인 너에게,여수언니(정혜영),"시/에세이, ","나라별 에세이, 한국에세이, ",102,9.87,43.0,9791130699196.0
803,다음으로 가는 마음,박지완,"시/에세이, ","나라별 에세이, 한국에세이, ",103,10.0,4.0,9791197852022.0
804,모래알만 한 진실이라도,박완서,"시/에세이, ","나라별 에세이, 한국에세이, ",104,9.81,469.0,9788933871553.0
805,꽃샘바람에 흔들린다면 너는 꽃,류시화,"시/에세이, ","한국시, 현대시, ",105,9.85,102.0,9791190382618.0
806,마음이 흐르는 대로,지나영,"시/에세이, ","나라별 에세이, 한국에세이, ",106,9.67,199.0,9791130632506.0
807,참 소중한 너라서,김지훈,"시/에세이, 시/에세이, ","나라별 에세이, 한국에세이, 테마에세이, 사랑/연애에세이, ",107,9.42,267.0,9791196484224.0
808,헤아림의 조각들,임지은,"시/에세이, ","나라별 에세이, 한국에세이, ",108,10.0,2.0,9791192638119.0
809,어린이라는 세계,김소영,"시/에세이, ","나라별 에세이, 한국에세이, ",109,9.72,468.0,9791160946918.0
810,죽고 싶지만 떡볶이는 먹고 싶어,백세희,"시/에세이, ","나라별 에세이, 한국에세이, ",110,8.75,2518.0,9791196394509.0
811,궁금한 건 당신,정성은,"시/에세이, ","나라별 에세이, 한국에세이, ",111,0.0,,9791192638157.0
812,"곰돌이 푸, 행복한 일은 매일 있어",곰돌이 푸,"시/에세이, 시/에세이, 시/에세이, ","테마에세이, 캐릭터에세이, 테마에세이, 그림에세이, 나라별 에세이, 영미에세이, ",112,9.24,3724.0,9788925563350.0
813,지금 이대로 좋다,법륜,"시/에세이, ","나라별 에세이, 한국에세이, ",113,9.72,459.0,9791187297239.0
814,일간 이슬아 수필집,이슬아,"시/에세이, ","나라별 에세이, 한국에세이, ",114,9.59,157.0,9791196589103.0
815,찌그러져도 괜찮아,찌오,"시/에세이, 시/에세이, ","테마에세이, 그림에세이, 나라별 에세이, 한국에세이, ",115,10.0,11.0,9791191891324.0
816,무해한 복숭아,이은규,"시/에세이, ","한국시, 현대시, ",116,10.0,10.0,9791189467845.0
817,계절의 단상,권용휘,"시/에세이, ","나라별 에세이, 한국에세이, ",117,10.0,8.0,9791198210838.0
818,잘 살고 싶은 마음이 어렵게 느껴질 때,일홍,"시/에세이, ","나라별 에세이, 한국에세이, ",118,9.93,382.0,9791198249302.0
819,사랑은 그렇게 하는 것이 아니다,김달,"시/에세이, 시/에세이, ","테마에세이, 사랑/연애에세이, 나라별 에세이, 한국에세이, ",119,9.77,71.0,9791191825619.0
820,내가 같이 뛰어내려 줄게(여름 낙서 에디션),씨씨코,"시/에세이, 시/에세이, 시/에세이, ","테마에세이, 명상/치유에세이, 테마에세이, 그림에세이, 나라별 에세이, 한국에세이, ",120,9.89,73.0,9791130688886.0
821,지금 알고 있는 걸 그때도 알았더라면,류시화,"시/에세이, ","한국시, 현대시, ",121,9.56,247.0,9788970638331.0
822,지금의 균형,허윤,"시/에세이, ","나라별 에세이, 한국에세이, ",122,10.0,1.0,9791193063040.0
823,꽃 지기 전에,권용석 외,"시/에세이, 시/에세이, ","나라별 에세이, 한국에세이, 인물/자전적에세이, 자전적에세이, ",123,10.0,6.0,9791192964270.0
824,일본산고,박경리,"시/에세이, 역사/문화, ","나라별 에세이, 한국에세이, 동양사, 일본사, ",124,10.0,12.0,9791130699394.0
825,우아한 언어,박선아,"시/에세이, 시/에세이, ","테마에세이, 포토에세이, 나라별 에세이, 한국에세이, ",125,10.0,13.0,9791168126046.0
826,나의 아름다운 할머니,심윤경,"시/에세이, ","나라별 에세이, 한국에세이, ",126,9.85,61.0,9791160949643.0
827,꽤 괜찮은 해피엔딩,이지선,"시/에세이, ","나라별 에세이, 한국에세이, ",127,9.72,115.0,9788954686266.0
828,걷는 독서,박노해,"시/에세이, 시/에세이, ","나라별 에세이, 한국에세이, 테마에세이, 명언/지혜, ",128,9.85,171.0,9788991418318.0
829,아직 끝이 아니다,김연경,"시/에세이, ","나라별 에세이, 한국에세이, ",129,9.9,30.0,9788968970870.0
830,"구멍가게, 오늘도 문 열었습니다",이미경,"시/에세이, 시/에세이, ","테마에세이, 그림에세이, 나라별 에세이, 한국에세이, ",130,9.83,54.0,9791185823584.0
831,아침의 피아노,김진영,"시/에세이, ","나라별 에세이, 한국에세이, ",131,9.78,203.0,9791160401974.0
832,운다고 달라지는 일은 아무것도 없겠지만,박준,"시/에세이, ","나라별 에세이, 한국에세이, ",132,9.31,715.0,9791196075170.0
833,이 땅에 태어나서,정주영,"시/에세이, 시/에세이, 경제/경영, 경제/경영, ","나라별 에세이, 한국에세이, 인물/자전적에세이, 기업가, 경영일반, 국내경영이야기, 경영일반, 국내기업가, ",133,9.91,74.0,9788981332686.0
834,훈훈한 철수네,민다영,"시/에세이, 시/에세이, ","테마에세이, 동물등장에세이, 나라별 에세이, 한국에세이, ",134,10.0,1.0,9791138352505.0
835,당신의 마음은 몇 살입니까?,이수경,"시/에세이, 시/에세이, ","테마에세이, 명언/지혜, 나라별 에세이, 한국에세이, ",135,0.0,,9791169102711.0
836,내 장례식에는 어떤 음악을 틀까?,여행자메이,"시/에세이, ","나라별 에세이, 한국에세이, ",136,7.5,1.0,9791197842696.0
837,모두가 첫날처럼,김용택,"시/에세이, ","한국시, 현대시, ",137,9.17,3.0,9788954692250.0
838,축구를 하며 생각한 것들,손흥민,"시/에세이, 시/에세이, 취미/실용/스포츠, ","나라별 에세이, 한국에세이, 인물/자전적에세이, 운동선수/무도인, 체육, 운동선수/무도인, ",138,9.86,112.0,9791188073559.0
839,우리들의 파리가 생각나요,정현주,"시/에세이, ","나라별 에세이, 한국에세이, ",139,9.51,67.0,9788970845289.0
840,서랍에 저녁을 넣어 두었다,한강,"시/에세이, ","한국시, 현대시, ",140,9.58,195.0,9788932024639.0
841,와인이 이어준 우리,레이첼 시그너,"시/에세이, ","나라별 에세이, 영미에세이, ",141,10.0,3.0,9791197774836.0
842,괜찮은 어른이 되고 싶어서,봉태규,"시/에세이, ","나라별 에세이, 한국에세이, ",142,9.63,29.0,9791140704118.0
843,책과 삶에 관한 짧은 문답,박웅현 외,"시/에세이, ","나라별 에세이, 한국에세이, ",143,10.0,6.0,9791197977039.0
844,우리가 키스할 때 눈을 감는 건,고명재,"시/에세이, ","한국시, 현대시, ",144,9.61,27.0,9788954690072.0
845,그리고 모든 것이 변했다,아니타 무르자니,"시/에세이, 시/에세이, ","테마에세이, 명상/치유에세이, 나라별 에세이, 기타국가에세이, ",145,9.87,62.0,9788991075788.0
846,풀꽃,나태주,"시/에세이, ","한국시, 현대시, ",146,9.84,47.0,9791157284368.0
847,당신의 이름을 지어다가 며칠은 먹었다,박준,"시/에세이, ","한국시, 현대시, ",147,9.39,281.0,9788954619578.0
848,사랑하라 한번도 상처받지 않은 것처럼,류시화,"시/에세이, ","한국시, 현대시, ",148,8.98,251.0,9788995501474.0
849,그 책은,요시타케 신스케 외,"시/에세이, ","나라별 에세이, 일본에세이, ",149,0.0,,9788934966883.0
850,이다의 자연 관찰 일기,이다,"시/에세이, 시/에세이, ","테마에세이, 일기/편지, 나라별 에세이, 한국에세이, ",150,10.0,6.0,9788932323084.0
851,"위로를 주는 빵집, 오렌지 베이커리",키티 테이트 외,"시/에세이, 요리, ","나라별 에세이, 영미에세이, 요리에세이, ",51,10.0,1.0,9791155816189.0
852,언제나 다음 떡볶이가 기다리고 있지,김겨울,"시/에세이, ","나라별 에세이, 한국에세이, ",52,9.17,2.0,9791192908519.0
853,마음 방울 채집,무운,"시/에세이, 시/에세이, ","테마에세이, 그림에세이, 나라별 에세이, 한국에세이, ",53,10.0,43.0,9788984374584.0
854,나는 죽을 때까지 재미있게 살고 싶다(40만 부 기념 에디션),이근후,"시/에세이, ","나라별 에세이, 한국에세이, ",54,9.57,16.0,9788901270364.0
855,대화의 밀도,류재언,"시/에세이, ","나라별 에세이, 한국에세이, ",55,9.97,67.0,9791198112293.0
856,내가 죽으면 장례식에 누가 와줄까(너나들이 리커버 에디션),김상현,"시/에세이, ","나라별 에세이, 한국에세이, ",56,9.49,372.0,9791188469468.0
857,외로운 건 싫은데 혼자 있고 싶어,우유곽,"시/에세이, ","나라별 에세이, 한국에세이, ",57,9.72,6.0,9791165347574.0
858,여름 외투,김은지,"시/에세이, ","한국시, 현대시, ",58,10.0,4.0,9788954693547.0
859,너무 보고플 땐 눈이 온다,고명재,"시/에세이, ","나라별 에세이, 한국에세이, ",59,10.0,2.0,9791191859546.0
860,오늘부터 성장할 나에게,김새해,"시/에세이, ","나라별 에세이, 한국에세이, ",60,9.92,443.0,9791198249326.0
861,"괜찮아, 그 길 끝에 행복이 기다릴 거야",손미나,"시/에세이, ","나라별 에세이, 한국에세이, ",61,9.53,115.0,9791198262004.0
862,월든(완결판),헨리 데이빗 소로우,"시/에세이, ","나라별 에세이, 영미에세이, ",62,9.42,336.0,9788956605418.0
863,무례한 사람에게 웃으며 대처하는 법(50만 부 기념 스페셜 개정판),정문정,"시/에세이, ","나라별 에세이, 한국에세이, ",63,9.59,54.0,9791192625355.0
864,슬픔이 택배로 왔다,정호승,"시/에세이, ","한국시, 현대시, ",64,9.91,35.0,9788936424824.0
865,언어의 온도(170만부 기념 에디션),이기주,"시/에세이, ","나라별 에세이, 한국에세이, ",65,9.0,4563.0,9791195522125.0
866,삶으로 다시 떠오르기,에크하르트 톨레,"시/에세이, 시/에세이, ","테마에세이, 명상/치유에세이, 나라별 에세이, 영미에세이, ",66,9.65,256.0,9791195026128.0
867,나는 오래된 거리처럼 너를 사랑하고,진은영,"시/에세이, ","한국시, 현대시, ",67,9.62,213.0,9788932040448.0
868,너의 사회생활이 힘들지 않았으면 좋겠어,이청안,"시/에세이, ","나라별 에세이, 한국에세이, ",68,10.0,24.0,9791190408363.0
869,잔잔하게 그러나 단단하게,정영욱,"시/에세이, ","나라별 에세이, 한국에세이, ",69,10.0,5.0,9791162144442.0
870,정의와 불의,박경석,"시/에세이, ","나라별 에세이, 한국에세이, ",70,10.0,8.0,9791197693021.0
871,나에게 고맙다(30만 부 기념 전면 개정판),전승환,"시/에세이, ","나라별 에세이, 한국에세이, ",71,9.57,220.0,9791191891072.0
872,마음챙김의 시,류시화,"시/에세이, ","해외시, 기타나라/여러나라시, ",72,9.64,433.0,9791190382267.0
873,어디서 무엇이 되어 다시 만나랴,김환기,"시/에세이, 예술/대중문화, ","나라별 에세이, 한국에세이, 예술일반, 예술이야기, ",73,9.85,47.0,9788995717202.0
874,너의 모든 선택을 응원해,김민진,"시/에세이, ","나라별 에세이, 한국에세이, ",74,9.55,23.0,9791198224286.0
875,햇빛은 찬란하고 인생은 귀하니까요: 밀라논나 이야기,장명숙,"시/에세이, 시/에세이, ","나라별 에세이, 한국에세이, 인물/자전적에세이, 자전적에세이, ",75,9.75,279.0,9788934985051.0
876,"아무튼, 여름",김신회,"시/에세이, ","나라별 에세이, 한국에세이, ",76,9.66,100.0,9791188343317.0
877,아무리 생각해도 참외 씨?,김형순,"시/에세이, ","한국시, 현대시, ",77,0.0,,9791162433836.0
878,그대 늙어가는 것이 아니라 익어가는 것이다,오평선,"시/에세이, ","나라별 에세이, 한국에세이, ",78,9.31,60.0,9791192625188.0
879,잘했고 잘하고 있고 잘 될 것이다(스페셜 리미티드 에디션),정영욱,"시/에세이, 시/에세이, ","나라별 에세이, 한국에세이, 테마에세이, 명상/치유에세이, ",79,9.61,506.0,9791162143605.0
880,"안녕, 소중한 사람",정한경,"시/에세이, ","나라별 에세이, 한국에세이, ",80,9.6,320.0,9791197037122.0
881,우리가 함께 장마를 볼 수도 있겠습니다,박준,"시/에세이, ","한국시, 현대시, ",81,9.44,223.0,9788932034942.0
882,그러니까 당신도 살아,오히라 미쓰요,"시/에세이, 시/에세이, ","나라별 에세이, 일본에세이, 인물/자전적에세이, 자전적에세이, ",82,9.47,33.0,9788956054766.0
883,여행의 쓸모,정여울,"시/에세이, 여행, ","나라별 에세이, 한국에세이, 여행에세이, ",83,9.58,10.0,9791192579719.0
884,한 번뿐인 인생은 어떻게 살아야 하는가,박찬위,"시/에세이, ","나라별 에세이, 한국에세이, ",84,8.55,19.0,9791197647673.0
885,좋은 사람에게만 좋은 사람이면 돼,김재식,"시/에세이, ","나라별 에세이, 한국에세이, ",85,9.57,468.0,9791190908634.0
886,100세 철학자의 행복론 2,김형석,"시/에세이, ","나라별 에세이, 한국에세이, ",86,10.0,5.0,9791170401872.0
887,너의 하늘을 보아,박노해,"시/에세이, ","한국시, 현대시, ",87,9.8,120.0,9788991418332.0
888,소년과 두더지와 여우와 말,찰리 맥커시,"시/에세이, 시/에세이, ","테마에세이, 그림에세이, 나라별 에세이, 영미에세이, ",88,9.81,146.0,9788997381678.0
889,슬픔을 공부하는 슬픔,신형철,"시/에세이, ","나라별 에세이, 한국에세이, ",89,9.63,321.0,9791160401967.0
890,"빈센트 반 고흐, 영혼의 그림과 편지들",빈센트 반 고흐,"시/에세이, 예술/대중문화, ","나라별 에세이, 기타국가에세이, 미술, 교양미술, ",90,9.39,23.0,9791164456598.0
891,괜찮지 않은데 괜찮은 척했다,글배우,"시/에세이, ","나라별 에세이, 한국에세이, ",91,9.02,156.0,9791196797744.0
892,모든 사람에게 좋은 사람일 필요는 없어,김유은,"시/에세이, 자기계발, ","나라별 에세이, 한국에세이, 인간관계, 인간관계일반, ",92,9.2,371.0,9791196764616.0
893,맘스 인디펜던스,강원주,"시/에세이, ","나라별 에세이, 한국에세이, ",93,0.0,,9791164803224.0
894,여기 오늘의 다정이 있어,지수,"시/에세이, 시/에세이, ","테마에세이, 그림에세이, 나라별 에세이, 한국에세이, ",94,10.0,4.0,9788946422483.0
895,"약속하건대, 분명 좋아질 거예요",나태주,"시/에세이, ","나라별 에세이, 한국에세이, ",95,10.0,18.0,9791198221582.0
896,너무 잘하려고 애쓰지 마라,나태주,"시/에세이, ","한국시, 현대시, ",96,9.72,153.0,9791170400608.0
897,H마트에서 울다,미셸 자우너,"시/에세이, ","나라별 에세이, 영미에세이, ",97,9.74,179.0,9788954683371.0
898,나는 나로 살기로 했다(골드 에디션),김수현,"시/에세이, ","나라별 에세이, 한국에세이, ",98,9.52,72.0,9791197377150.0
899,여름 상설 공연,박은지,"시/에세이, ","한국시, 현대시, ",99,10.0,11.0,9788937409080.0
900,천문학자는 별을 보지 않는다,심채경,"시/에세이, 과학, 과학, ","나라별 에세이, 한국에세이, 교양과학, 교양우주, 천문학, 교양천문학, ",100,9.71,165.0,9788954677257.0
901,나는 죽을 때까지 지적이고 싶다,양원근,"시/에세이, ","나라별 에세이, 한국에세이, ",1,9.25,40.0,9791191669466.0
902,당신은 결국 무엇이든 해내는 사람(10만 부 기념 특별 리커버 에디션),김상현,"시/에세이, ","나라별 에세이, 한국에세이, ",2,9.76,650.0,9791188469994.0
903,형사 박미옥,박미옥,"시/에세이, 시/에세이, ","나라별 에세이, 한국에세이, 인물/자전적에세이, 자전적에세이, ",3,10.0,14.0,9788954692519.0
904,순도 100퍼센트의 휴식,박상영,"시/에세이, 여행, ","나라별 에세이, 한국에세이, 여행에세이, ",4,9.38,3.0,9791168341128.0
905,감정은 사라져도 결과는 남는다,이해인,"시/에세이, ","나라별 에세이, 한국에세이, ",5,9.54,25.0,9791198249340.0
906,마음의 자유,정윤,"시/에세이, ","나라별 에세이, 한국에세이, ",6,9.29,28.0,9791191891355.0
907,너의 하루가 시원하길 바라(‘너의 하루가 따숩길 바라’ 썸머 에디션),고은지,"시/에세이, 시/에세이, ","테마에세이, 그림에세이, 나라별 에세이, 한국에세이, ",7,9.87,116.0,9791191013474.0
908,이적의 단어들,이적,"시/에세이, ","나라별 에세이, 한국에세이, ",8,9.33,74.0,9788934978831.0
909,이지성의 1만 킬로미터,이지성,"시/에세이, ","나라별 에세이, 한국에세이, ",9,9.79,178.0,9791191360721.0
910,기분이 태도가 되지 말자,김수현,"시/에세이, 자기계발, 자기계발, ","나라별 에세이, 한국에세이, 자기능력계발, 마인드콘트롤/감정, 인간관계, 인간관계일반, ",10,9.3,134.0,9791197647666.0
911,최선을 다하면 죽는다,황선우 외,"시/에세이, ","나라별 에세이, 한국에세이, ",11,9.38,12.0,9788954693509.0
912,꽃을 보듯 너를 본다,나태주,"시/에세이, ","한국시, 현대시, ",12,9.64,1634.0,9791157280292.0
913,나 자신으로 살아가기,임경선,"시/에세이, ","나라별 에세이, 한국에세이, ",13,8.78,29.0,9788960908130.0
914,작은 별이지만 빛나고 있어(20만 부 기념 한정판 에디션),소윤,"시/에세이, ","나라별 에세이, 한국에세이, ",14,9.53,482.0,9791197037153.0
915,전쟁 같은 맛,그레이스 M. 조,"시/에세이, ","나라별 에세이, 영미에세이, ",15,10.0,1.0,9791169091183.0
916,인생의 열 가지 생각,이해인,"시/에세이, ","나라별 에세이, 한국에세이, ",16,9.5,6.0,9788960908147.0
917,아기 판다 푸바오,에버랜드 동물원,"시/에세이, 시/에세이, 시/에세이, ","테마에세이, 동물등장에세이, 테마에세이, 포토에세이, 나라별 에세이, 한국에세이, ",17,10.0,38.0,9791165796396.0
918,아주 사적인 여행,양주안,"시/에세이, ","나라별 에세이, 한국에세이, ",18,9.47,12.0,9788925576404.0
919,이걸 내 마음이라고 하자,황인찬,"시/에세이, ","나라별 에세이, 한국에세이, ",19,9.44,11.0,9788954693370.0
920,달리기를 말할 때 내가 하고 싶은 이야기,무라카미 하루키,"시/에세이, 시/에세이, ","나라별 에세이, 일본에세이, 인물/자전적에세이, 자전적에세이, ",20,9.6,287.0,9788970128337.0
921,기분을 관리하면 인생이 관리된다,김다슬,"시/에세이, ","나라별 에세이, 한국에세이, ",21,9.32,314.0,9791196617127.0
922,놀 수 있을 때 놀고 볼 수 있을 때 보고 갈 수 있을 때 가고,윤영미,"시/에세이, ","나라별 에세이, 한국에세이, ",22,10.0,2.0,9791191401721.0
923,식물적 낙관,김금희,"시/에세이, ","나라별 에세이, 한국에세이, ",23,10.0,4.0,9788954699389.0
924,빅터 프랭클의 죽음의 수용소에서,빅터 프랭클,"시/에세이, 시/에세이, 인문, 인문, ","인물/자전적에세이, 자전적에세이, 나라별 에세이, 독일에세이, 심리학, 심리이론, 심리학, 심리이론, ",24,9.79,299.0,9788936811532.0
925,인생의 역사(리커버),신형철,"시/에세이, 시/에세이, 인문, ","나라별 에세이, 한국에세이, 한국시, 명시모음, 문학이론, 문학비평/평론, ",25,9.77,476.0,9791191859379.0
926,여행의 이유,김영하,"시/에세이, ","나라별 에세이, 한국에세이, ",26,9.38,3103.0,9788954655972.0
927,"베르베르 씨, 오늘은 뭘 쓰세요?",베르나르 베르베르,"시/에세이, 시/에세이, ","인물/자전적에세이, 자전적에세이, 나라별 에세이, 프랑스에세이, ",27,9.94,33.0,9788932923383.0
928,상자를 열지 않는 사람,백은선,"시/에세이, ","한국시, 현대시, ",29,10.0,2.0,9788954693141.0
929,나는 당신이 행복했으면 좋겠습니다,박찬위,"시/에세이, ","나라별 에세이, 한국에세이, ",30,9.76,129.0,9791197647604.0
930,여름 언덕에서 배운 것,안희연,"시/에세이, ","한국시, 현대시, ",31,9.54,68.0,9788936424466.0
931,죽음의 수용소에서,빅터 프랭클,"시/에세이, 시/에세이, ","나라별 에세이, 독일에세이, 인물/자전적에세이, 자전적에세이, ",32,9.72,117.0,9788936811549.0
932,우정 도둑,유지혜,"시/에세이, ","나라별 에세이, 한국에세이, ",33,9.31,51.0,9791130699691.0
933,잘될 수밖에 없는 너에게(10만부 기념 응원 에디션),최서영,"시/에세이, ","나라별 에세이, 한국에세이, ",34,9.39,384.0,9791191891201.0
934,그냥 밥 먹자는 말이 아니었을지도 몰라,양희경,"시/에세이, 요리, ","나라별 에세이, 한국에세이, 테마별요리, 연예인, ",35,9.44,12.0,9791158161620.0
935,헤르만 헤세의 나무들,헤르만 헤세,"시/에세이, ","나라별 에세이, 독일에세이, ",36,9.82,54.0,9788936478698.0
936,무뎌진다는 것(5주년 기념 전면 개정판),투에고,"시/에세이, ","나라별 에세이, 한국에세이, ",37,9.46,35.0,9791197966361.0
937,없음의 대명사,오은,"시/에세이, ","한국시, 현대시, ",38,10.0,10.0,9788932041520.0
938,누구에게도 상처받을 필요는 없다,지민석,"시/에세이, ","나라별 에세이, 한국에세이, ",39,9.28,75.0,9791191043709.0
939,모든 것은 기본에서 시작한다,손웅정,"시/에세이, 시/에세이, ","나라별 에세이, 한국에세이, 인물/자전적에세이, 자전적에세이, ",40,9.78,367.0,9791190382502.0
940,방울 슈퍼 이야기,황종권,"시/에세이, ","나라별 에세이, 한국에세이, ",41,10.0,1.0,9791192333885.0
941,사랑할 기회,박근호,"시/에세이, 시/에세이, ","테마에세이, 사랑/연애에세이, 나라별 에세이, 한국에세이, ",42,9.95,30.0,9791192559698.0
942,생에 감사해,김혜자,"시/에세이, 시/에세이, ","나라별 에세이, 한국에세이, 인물/자전적에세이, 자전적에세이, ",43,9.73,514.0,9791190382915.0
943,망그러진 만화,유랑,"시/에세이, 시/에세이, ","테마에세이, 그림에세이, 나라별 에세이, 한국에세이, ",44,9.78,158.0,9791187033882.0
944,우리에게 아직 사랑이 남아 있다면,박지영,"시/에세이, ","나라별 에세이, 한국에세이, ",45,9.5,9.0,9791185401713.0
945,바다는 잘 있습니다,이병률,"시/에세이, ","한국시, 현대시, ",46,9.59,222.0,9788932030395.0
946,불안,알랭 드 보통,"시/에세이, ","나라별 에세이, 영미에세이, ",47,9.44,343.0,9788956605593.0
947,좋은지 나쁜지 누가 아는가,류시화,"시/에세이, ","나라별 에세이, 한국에세이, ",48,9.77,388.0,9791186900789.0
948,열 번 잘해도 한 번 실수로 무너지는 게 관계다,김다슬,"시/에세이, ","나라별 에세이, 한국에세이, ",49,9.84,361.0,9791196617141.0
949,이별 편지,정탁,"시/에세이, ","나라별 에세이, 한국에세이, ",50,9.69,16.0,9791192372372.0
