title,author,genre_1,genre_2,brank,rate,count
잃어버린 얼굴,올가 토카르축,"소설, 유아(0~7세), ","그외유럽소설, 그외유럽소설, 유아그림책, 외국그림책, ",951,8.75,2.0
프랑켄슈타인(초판본)(1818년 오리지널 초판본 표지디자인),메리 셸리,"소설, 소설, ","영미소설, 고전소설/문학선, 고전소설/문학선, 영미고전소설/문학선, ",952,0.0,
표정없는 검사의 분투,나카야마 시치리,"소설, 소설, ","일본소설, 미스터리/스릴러소설, 장르소설, 미스터리/스릴러소설, ",953,10.0,20.0
항구의 니쿠코짱!,니시 가나코,"소설, ","일본소설, 일본소설일반, ",954,9.74,17.0
허니비,박문영,"소설, ","한국소설, 한국소설일반, ",955,10.0,9.0
서브플롯,황모과,"소설, ","한국소설, 한국소설일반, ",956,0.0,
달의 의지,황현진,"소설, ","한국소설, 한국소설일반, ",957,10.0,2.0
주디스 헌의 외로운 열정,브라이언 무어,"소설, ","영미소설, 영미소설일반, ",958,9.21,14.0
동물농장(초판본): 1945년 오리지널 초판본 표지디자인,조지 오웰,"소설, 소설, ","영미소설, 고전소설/문학선, 고전소설/문학선, 영미고전소설/문학선, ",959,10.0,2.0
새벽 2시의 코인 세탁소,박현주,"소설, 소설, ","한국소설, 미스터리/스릴러소설, 장르소설, 미스터리/스릴러소설, ",960,10.0,8.0
오디션,무라카미 류,"소설, 소설, ","일본소설, 공포/호러소설, 장르소설, 공포/호러소설, ",961,8.81,15.0
베스트 오브 차이니즈 SF: 중국 여성 SF 걸작선,구스 외,"소설, 소설, ","중국소설, SF/과학소설, 장르소설, SF/과학소설, ",962,0.0,
비탄의 망령은 은퇴하고 싶다 9,츠키카게,"소설, 소설, ","일본소설, 라이트노벨, 라이트노벨, 일본라이트노벨, ",963,10.0,3.0
두 손이 닿을 때까지,강민서,"소설, 소설, ","한국소설, 로맨스소설, 장르소설, 로맨스소설, ",964,10.0,3.0
스즈메의 문단속(스페셜 에디션),신카이 마코토,"소설, 소설, 소설, 소설, ","일본소설, 라이트노벨, 일본소설, 드라마/영화소설, 라이트노벨, 일본라이트노벨, 장르소설, 드라마/영화소설, ",965,9.82,23.0
실버 트리 3,윤소리,"소설, 소설, 소설, 소설, ","한국소설, 로맨스소설, 한국소설, 판타지소설, 장르소설, 판타지소설, 장르소설, 로맨스소설, ",966,10.0,2.0
실버 트리 5,윤소리,"소설, 소설, 소설, 소설, ","한국소설, 로맨스소설, 한국소설, 판타지소설, 장르소설, 판타지소설, 장르소설, 로맨스소설, ",967,10.0,1.0
아오이가든,편혜영,"소설, ","한국소설, 한국소설일반, ",968,10.0,1.0
"비록, 닿을 수 없는 너의 세상일지라도",미아키 스가루,"소설, ","일본소설, 일본소설일반, ",969,10.0,11.0
1미터는 없어,양지예,"소설, ","한국소설, 한국소설일반, ",970,10.0,4.0
특성 없는 남자 1,로베르트 무질,"소설, 소설, 소설, ","독일소설, 고전소설/문학선, 고전소설/문학선, 독일고전소설/문학선, 세계문학전집, 문학동네 세계문학전집, ",971,10.0,3.0
한성요괴상점,기구름,"소설, 소설, ","한국소설, 판타지소설, 장르소설, 판타지소설, ",972,10.0,1.0
레몬 케이크의 특별한 슬픔,에이미 벤더,"소설, ","영미소설, 영미소설일반, ",973,9.87,34.0
싯다르타(초판본)(리커버 한정판)(1922년 오리지널 초판본 표지디자인 블랙벨벳 에디션),헤르만 헤세,"소설, 소설, ","독일소설, 고전소설/문학선, 고전소설/문학선, 독일고전소설/문학선, ",974,10.0,3.0
데이트 어 라이브 앙코르 11,타치바나 코우시,"소설, 소설, ","일본소설, 라이트노벨, 라이트노벨, 일본라이트노벨, ",975,10.0,17.0
한밤중의 아이,츠지 히토나리,"소설, ","일본소설, 일본소설일반, ",976,9.63,235.0
암스테르담,이언 매큐언,"소설, ","영미소설, 영미소설일반, ",977,10.0,6.0
젊은 남자,아니 에르노,"소설, ","프랑스소설, 프랑스소설일반, ",978,9.09,14.0
베니스의 개성상인 2,오세영,"소설, 소설, ","한국소설, 역사/대하소설, 장르소설, 역사소설, ",979,10.0,3.0
십이국기 9: 백은의 언덕 검은 달 1,오노 후유미,"소설, 소설, ","일본소설, 판타지소설, 장르소설, 판타지소설, ",980,10.0,44.0
마스터마인드,이성민,"소설, 소설, ","한국소설, 미스터리/스릴러소설, 장르소설, 미스터리/스릴러소설, ",981,10.0,16.0
마리아의 비밀,위영,"소설, ","한국소설, 한국소설일반, ",982,9.5,5.0
인간 실격,다자이 오사무,"소설, 소설, 소설, ","일본소설, 고전소설/문학선, 고전소설/문학선, 일본고전소설/문학선, 세계문학전집, 민음사 세계문학전집, ",30,9.41,1147.0
모 이야기,최연주,"소설, ","한국소설, 한국소설일반, ",984,10.0,12.0
핸디맨,프리다 맥파든,"소설, 소설, ","영미소설, 미스터리/스릴러소설, 장르소설, 미스터리/스릴러소설, ",985,10.0,5.0
도둑맞은 자전거,우밍이,"소설, ","한국소설, 한국소설일반, ",986,9.88,19.0
메이드,니타 프로스,"소설, ","영미소설, 영미소설일반, ",987,9.67,19.0
프랑켄슈타인,메리 셸리,"소설, 소설, 소설, 소설, ","영미소설, 고전소설/문학선, 영미소설, 공포/호러소설, 고전소설/문학선, 영미고전소설/문학선, 장르소설, 공포/호러소설, ",999,10.0,4.0
수호자들,존 그리샴,"소설, ","영미소설, 영미소설일반, ",989,10.0,27.0
선생님이 알아서는 안 되는 학교 폭력 일기,쿤룬,"소설, 소설, ","중국소설, 미스터리/스릴러소설, 장르소설, 미스터리/스릴러소설, ",990,10.0,20.0
신카이 마코토 세트,신카이 마코토 외 3명,"소설, 소설, 소설, 소설, ","일본소설, 라이트노벨, 일본소설, 드라마/영화소설, 라이트노벨, 일본라이트노벨, 장르소설, 드라마/영화소설, ",991,9.76,26.0
아무도 모를 것이다,정보라,"소설, ","한국소설, 한국소설일반, ",992,10.0,6.0
"거미입니다만, 문제라도? 16",바바 오키나,"소설, 소설, ","일본소설, 라이트노벨, 라이트노벨, 일본라이트노벨, ",993,10.0,2.0
토요미스테리,디바제시카,"소설, 소설, ","한국소설, 미스터리/스릴러소설, 장르소설, 미스터리/스릴러소설, ",994,9.94,27.0
카피캣 식당,범유진,"소설, 소설, 소설, ","한국소설, 한국소설일반, 한국소설, 판타지소설, 장르소설, 판타지소설, ",995,10.0,2.0
우리가 얼마나 아름다웠는지,임볼로 음붸,"소설, ","영미소설, 영미소설일반, ",996,9.17,3.0
어린 왕자(문고판),생텍쥐페리,"소설, 소설, ","프랑스소설, 고전소설/문학선, 고전소설/문학선, 프랑스고전소설/문학선, ",997,10.0,4.0
어린 왕자(초판본 문고판),생텍쥐페리,"소설, 소설, ","프랑스소설, 고전소설/문학선, 고전소설/문학선, 프랑스고전소설/문학선, ",998,10.0,3.0
사소한 삶,피에르 미숑,"소설, ","프랑스소설, 프랑스소설일반, ",1000,10.0,5.0
선과 모터사이클 관리술,로버트 M. 피어시그,"소설, ","영미소설, 영미소설일반, ",901,10.0,15.0
한중록,혜경궁 홍씨,"소설, 소설, ","한국소설, 고전소설/문학선, 고전소설/문학선, 한국고전소설/문학선, ",902,9.22,107.0
인형의 집,헨리크 입센,"소설, 소설, 소설, ","북유럽소설, 고전소설/문학선, 고전소설/문학선, 북유럽고전소설/문학선, 세계문학전집, 민음사 세계문학전집, ",903,9.6,79.0
예브게니 오네긴,알렉산드르 뿌쉬낀,"소설, 소설, 소설, ","러시아소설, 고전소설/문학선, 고전소설/문학선, 러시아고전소설/문학선, 세계문학전집, 열린책들 세계문학, ",904,9.42,24.0
템페스트,윌리엄 셰익스피어,"소설, 소설, 소설, ","영미소설, 고전소설/문학선, 고전소설/문학선, 영미고전소설/문학선, 세계문학전집, 문학동네 세계문학전집, ",905,9.46,17.0
장미의 이름 세트,움베르토 에코,"소설, 소설, 소설, ","그외유럽소설, 이탈리아소설, 장르소설, 공포/호러소설, 장르소설, 미스터리/스릴러소설, ",906,9.47,123.0
향수,파트리크 쥐스킨트,"소설, 소설, 소설, ","독일소설, 공포/호러소설, 세계문학전집, 열린책들 세계문학, 장르소설, 공포/호러소설, ",907,9.72,40.0
클링조어의 마지막 여름,헤르만 헤세,"소설, 소설, 소설, ","독일소설, 고전소설/문학선, 고전소설/문학선, 독일고전소설/문학선, 세계문학전집, 민음사 세계문학전집, ",908,9.86,33.0
에브리맨,필립 로스,"소설, ","영미소설, 영미소설일반, ",909,9.4,79.0
1Q84 2,무라카미 하루키,"소설, ","일본소설, 일본소설일반, ",910,9.54,136.0
오이디푸스 왕,소포클레스,"소설, 소설, 소설, ","그외유럽소설, 그외유럽소설, 고전소설/문학선, 고전소설/문학선일반, 세계문학전집, 민음사 세계문학전집, ",911,9.18,56.0
화씨 451,레이 브래드버리,"소설, 소설, ","영미소설, 고전소설/문학선, 고전소설/문학선, 영미고전소설/문학선, ",912,9.34,66.0
광장 구운몽,최인훈,"소설, 소설, ","한국소설, 고전소설/문학선, 고전소설/문학선, 한국고전소설/문학선, ",913,9.58,33.0
로드(THE ROAD),코맥 매카시,"소설, ","영미소설, 영미소설일반, ",914,8.77,171.0
인생의 베일,서머싯 몸,"소설, 소설, 소설, ","영미소설, 고전소설/문학선, 고전소설/문학선, 영미고전소설/문학선, 세계문학전집, 민음사 세계문학전집, ",915,9.45,143.0
태평천하,채만식,"소설, 소설, ","한국소설, 고전소설/문학선, 고전소설/문학선, 한국고전소설/문학선, ",916,9.85,22.0
톨스토이 단편선 1,L. N. 톨스토이,"소설, 소설, ","러시아소설, 고전소설/문학선, 고전소설/문학선, 러시아고전소설/문학선, ",917,9.71,90.0
사랑을 말할 때 우리가 이야기하는 것,레이먼드 카버,"소설, ","영미소설, 영미소설일반, ",918,8.44,16.0
달콤 쌉싸름한 초콜릿,라우라 에스키벨,"소설, 소설, 소설, ","기타나라소설, 중남미소설, 고전소설/문학선, 고전소설/문학선일반, 세계문학전집, 민음사 세계문학전집, ",919,9.33,120.0
꾸뻬씨의 행복여행,프랑수아 를로르,"소설, ","프랑스소설, 프랑스소설일반, ",920,9.02,283.0
눈물을 마시는 새 1,이영도,"소설, 소설, ","한국소설, 판타지소설, 장르소설, 판타지소설, ",921,9.39,30.0
인간의 굴레에서 1,서머싯 몸,"소설, 소설, 소설, ","영미소설, 고전소설/문학선, 고전소설/문학선, 영미고전소설/문학선, 세계문학전집, 민음사 세계문학전집, ",922,9.8,90.0
암흑의 핵심,조셉 콘래드,"소설, 소설, 소설, ","영미소설, 고전소설/문학선, 고전소설/문학선, 영미고전소설/문학선, 세계문학전집, 민음사 세계문학전집, ",923,8.86,54.0
담뱃재 북케이스 세트(초판 한정),원리드,,,924,0.0,
백련의 패왕과 성약의 발키리 8,타카야마 세이치,"소설, 소설, ","일본소설, 라이트노벨, 라이트노벨, 일본라이트노벨, ",925,10.0,1.0
뱀파이어 세계로 간 쌍둥이,섀넌 맥과이어,"소설, 소설, ","영미소설, 판타지소설, 장르소설, 판타지소설, ",926,0.0,
하지은의 낮과 밤 세트,하지은,"소설, ","한국소설, 한국소설일반, ",927,0.0,
호,정보라,"소설, ","한국소설, 한국소설일반, ",928,0.0,
변신·소송,프란츠 카프카,"소설, 소설, ","독일소설, 고전소설/문학선, 고전소설/문학선, 독일고전소설/문학선, ",929,0.0,
호러만찬회,신진오 외,"소설, 소설, ","한국소설, 공포/호러소설, 장르소설, 공포/호러소설, ",930,0.0,
현자의 손자 14,요시오카 츠요시,"소설, 소설, ","일본소설, 라이트노벨, 라이트노벨, 일본라이트노벨, ",931,0.0,
용의 만화경,김유정,"소설, ","한국소설, 한국소설일반, ",932,10.0,2.0
히말라야를 위한 낭송,백선암,,,933,7.5,1.0
조선연애실록 3,로즈빈,"소설, 소설, ","한국소설, 로맨스소설, 장르소설, 로맨스소설, ",934,0.0,
마왕님 리트라이! 6,칸자키 쿠로네,"소설, 소설, ","일본소설, 라이트노벨, 라이트노벨, 일본라이트노벨, ",935,10.0,1.0
토지 2(1부 2권),박경리,"소설, 소설, ","한국소설, 고전소설/문학선, 고전소설/문학선, 한국고전소설/문학선, ",936,10.0,2.0
나의 최애에게,류시은,"소설, ","한국소설, 한국소설일반, ",937,10.0,4.0
불안의 변이,리디아 데이비스,"소설, ","영미소설, 영미소설일반, ",938,10.0,1.0
아픈 건 싫으니까 방어력에 올인하려고 합니다 11,유우미칸,"소설, 소설, ","일본소설, 라이트노벨, 라이트노벨, 일본라이트노벨, ",939,10.0,1.0
은총을 받은 사람의 우화,옥타비아 버틀러,"소설, 소설, ","영미소설, SF/과학소설, 장르소설, SF/과학소설, ",940,8.75,5.0
거울은 소녀를 용서하지 않는다,이우연,"소설, ","한국소설, 한국소설일반, ",941,10.0,10.0
실낙원,존 밀턴,"소설, 소설, ","영미소설, 고전소설/문학선, 고전소설/문학선, 영미고전소설/문학선, ",942,0.0,
죽은 고양이를 태우다,김양미,"소설, ","한국소설, 한국소설일반, ",943,10.0,12.0
한여름 밤의 꿈,윌리엄 셰익스피어,"소설, 소설, 소설, ","영미소설, 고전소설/문학선, 고전소설/문학선, 영미고전소설/문학선, 세계문학전집, 민음사 세계문학전집, ",575,9.58,76.0
전기수 설낭,김동진,"소설, 소설, ","한국소설, 역사/대하소설, 장르소설, 역사소설, ",945,10.0,2.0
흔해빠진 직업으로 세계최강 제로 6,시라코메 료,"소설, 소설, ","일본소설, 라이트노벨, 라이트노벨, 일본라이트노벨, ",946,10.0,5.0
이세계 피크닉 4,미야자와 이오리,"소설, 소설, ","일본소설, 라이트노벨, 라이트노벨, 일본라이트노벨, ",947,10.0,2.0
Re: 제로부터 시작하는 이세계 생활 31,나가츠키 탓페이,"소설, 소설, ","일본소설, 라이트노벨, 라이트노벨, 일본라이트노벨, ",948,10.0,22.0
유도라 허니셋은 잘 지내고 있답니다,애니 라이언스,"소설, ","영미소설, 영미소설일반, ",949,9.95,89.0
"붓, 한 자루의 생",최삼경,"소설, 소설, ","한국소설, 역사/대하소설, 장르소설, 역사소설, ",950,10.0,1.0
편지,히가시노 게이고,"소설, 소설, 소설, ","일본소설, 일본소설일반, 일본소설, 드라마/영화소설, 장르소설, 드라마/영화소설, ",851,9.54,225.0
"친애하고, 친애하는",백수린,"소설, ","한국소설, 한국소설일반, ",852,9.74,93.0
마력의 태동,히가시노 게이고,"소설, 소설, 소설, 소설, ","일본소설, 미스터리/스릴러소설, 일본소설, 드라마/영화소설, 장르소설, 미스터리/스릴러소설, 장르소설, 드라마/영화소설, ",853,9.53,318.0
디디의 우산,황정은,"소설, ","한국소설, 한국소설일반, ",854,9.23,246.0
책상은 책상이다,페터 빅셀,"소설, ","독일소설, 독일소설일반, ",855,9.3,19.0
대위의 딸,알렉산드르 세르게예비치 푸시킨,"소설, 소설, ","러시아소설, 고전소설/문학선, 고전소설/문학선, 러시아고전소설/문학선, ",856,9.69,5.0
안나 까레니나(상),레프 똘스또이,"소설, 소설, 소설, ","러시아소설, 고전소설/문학선, 고전소설/문학선, 러시아고전소설/문학선, 세계문학전집, 열린책들 세계문학, ",857,9.66,30.0
고양이 2,베르나르 베르베르,"소설, 소설, ","프랑스소설, SF/과학소설, 장르소설, SF/과학소설, ",858,9.27,334.0
고양이 1,베르나르 베르베르,"소설, 소설, ","프랑스소설, SF/과학소설, 장르소설, SF/과학소설, ",859,9.25,672.0
터무니없는 스킬로 이세계 방랑 밥 3,에구치 렌,"소설, 소설, ","일본소설, 라이트노벨, 라이트노벨, 일본라이트노벨, ",860,9.04,8.0
올리버 트위스트 2,찰스 디킨스,"소설, 소설, 소설, ","영미소설, 고전소설/문학선, 고전소설/문학선, 영미고전소설/문학선, 세계문학전집, 민음사 세계문학전집, ",861,9.69,14.0
"정말 미안하지만, 나는 아무렇지도 않았다",김동식,"소설, ","한국소설, 한국소설일반, ",862,9.75,17.0
너는 달밤에 빛나고,사노 테츠야,"소설, ","일본소설, 일본소설일반, ",863,9.72,123.0
풀이 눕는다,김사과,"소설, 소설, ","한국소설, 로맨스소설, 장르소설, 로맨스소설, ",864,9.4,15.0
기사단장 죽이기 1: 현현하는 이데아,무라카미 하루키,"소설, ","일본소설, 일본소설일반, ",865,9.26,625.0
오 헨리 단편선,오 헨리,"소설, 소설, 소설, ","영미소설, 고전소설/문학선, 고전소설/문학선, 영미고전소설/문학선, 세계문학전집, 민음사 세계문학전집, ",866,9.9,49.0
너의 췌장을 먹고 싶어,스미노 요루,"소설, 소설, ","일본소설, 드라마/영화소설, 장르소설, 드라마/영화소설, ",867,9.51,282.0
사랑의 생애,이승우,"소설, ","한국소설, 한국소설일반, ",868,9.37,78.0
편의점 인간,무라타 사야카,"소설, ","일본소설, 일본소설일반, ",869,8.81,359.0
다윈 영의 악의 기원,박지리,"소설, ","한국소설, 한국소설일반, ",870,9.7,57.0
한 스푼의 시간,구병모,"소설, ","한국소설, 한국소설일반, ",871,9.63,127.0
이반 일리치의 죽음,레프 니콜라예비치 톨스토이,"소설, 소설, 소설, ","러시아소설, 고전소설/문학선, 고전소설/문학선, 러시아고전소설/문학선, 세계문학전집, 문예 세계문학선, ",872,9.37,63.0
살육에 이르는 병,아비코 다케마루,,,873,9.43,96.0
모비딕,허먼 멜빌,"소설, ","영미소설, 영미소설일반, ",195,9.15,38.0
꾿빠이 이상,김연수,"소설, ","한국소설, 한국소설일반, ",875,9.58,8.0
덕혜옹주,권비영,"소설, ","한국소설, 한국소설일반, ",876,9.42,103.0
"그믐, 또는 당신이 세계를 기억하는 방식",장강명,"소설, ","한국소설, 한국소설일반, ",877,9.51,77.0
칠드런 액트,이언 매큐언,"소설, ","영미소설, 영미소설일반, ",597,0.0,
돈키호테 1,미겔 데 세르반테스,"소설, 소설, ","그외유럽소설, 스페인소설, 고전소설/문학선, 고전소설/문학선일반, ",879,9.82,43.0
그 많던 싱아는 누가 다 먹었을까,박완서,"소설, ","한국소설, 한국소설일반, ",271,9.98,93.0
슬픔이여 안녕,프랑수아즈 사강,"소설, 소설, ","프랑스소설, 고전소설/문학선, 고전소설/문학선, 프랑스고전소설/문학선, ",228,10.0,3.0
윤동주 시집,윤동주,"소설, ","세계문학전집, 범우문고, ",882,9.58,49.0
슬픔도 힘이 된다,양귀자,"소설, ","한국소설, 한국소설일반, ",883,10.0,6.0
월든,헨리 데이비드 소로,"소설, 소설, 소설, ","영미소설, 고전소설/문학선, 고전소설/문학선, 영미고전소설/문학선, 세계문학전집, 펭귄 클래식, ",884,9.78,51.0
카탈로니아 찬가,조지 오웰,"소설, 소설, 소설, ","영미소설, 고전소설/문학선, 고전소설/문학선, 영미고전소설/문학선, 세계문학전집, 민음사 세계문학전집, ",885,9.88,49.0
꿈꾸는 책들의 도시,발터 뫼르스,"소설, 소설, ","독일소설, 고전소설/문학선, 고전소설/문학선, 독일고전소설/문학선, ",886,9.64,38.0
날개,이상,"소설, 소설, ","한국소설, 고전소설/문학선, 고전소설/문학선, 한국고전소설/문학선, ",887,9.38,4.0
에드워드 툴레인의 신기한 여행,케이트 디카밀로,"소설, 소설, ","영미소설, 판타지소설, 장르소설, 판타지소설, ",888,9.4,110.0
닫힌 방 악마와 선한 신,장 폴 사르트르,"소설, 소설, 소설, ","프랑스소설, 고전소설/문학선, 고전소설/문학선, 프랑스고전소설/문학선, 세계문학전집, 민음사 세계문학전집, ",889,9.4,36.0
도련님,나쓰메 소세키,"소설, 소설, ","영미소설, 고전소설/문학선, 고전소설/문학선, 영미고전소설/문학선, ",848,9.38,9.0
노르웨이의 숲,무라카미 하루키,"소설, ","일본소설, 일본소설일반, ",49,9.31,808.0
타나토노트 2,베르나르 베르베르,"소설, 소설, 소설, 소설, ","프랑스소설, 미스터리/스릴러소설, 프랑스소설, SF/과학소설, 장르소설, SF/과학소설, 장르소설, 미스터리/스릴러소설, ",892,9.54,56.0
개미 2,베르나르 베르베르,"소설, ","프랑스소설, 프랑스소설일반, ",893,9.73,36.0
개미 4,베르나르 베르베르,"소설, ","프랑스소설, 프랑스소설일반, ",894,9.17,23.0
수레바퀴 아래서,헤르만 헤세,"소설, 소설, 소설, ","독일소설, 고전소설/문학선, 고전소설/문학선, 독일고전소설/문학선, 세계문학전집, 민음사 세계문학전집, ",237,9.57,215.0
레미제라블 세트,빅토르 위고,"소설, 소설, 소설, ","프랑스소설, 고전소설/문학선, 고전소설/문학선, 프랑스고전소설/문학선, 세계문학전집, 민음사 세계문학전집, ",896,9.69,57.0
토지 11(3부 3권),박경리,"소설, ","한국소설, 한국소설일반, ",897,10.0,33.0
고령화 가족,천명관,"소설, ","한국소설, 한국소설일반, ",898,8.71,83.0
알레프,호르헤 루이스 보르헤스,"소설, 소설, 소설, ","기타나라소설, 중남미소설, 고전소설/문학선, 고전소설/문학선일반, 세계문학전집, 민음사 세계문학전집, ",899,9.88,24.0
뱀에게 피어싱,가네하라 히토미,"소설, ","일본소설, 일본소설일반, ",900,8.27,44.0
포르투갈의 높은 산,얀 마텔,"소설, ","영미소설, 영미소설일반, ",801,9.61,42.0
백치 1,표도르 도스토옙스키,"소설, 소설, 소설, ","러시아소설, 고전소설/문학선, 고전소설/문학선, 러시아고전소설/문학선, 세계문학전집, 문학동네 세계문학전집, ",802,10.0,63.0
네 번의 노크,케이시,"소설, 소설, ","한국소설, 미스터리/스릴러소설, 장르소설, 미스터리/스릴러소설, ",803,9.5,46.0
해리 포터와 비밀의 방(미나리마 에디션),J. K. 롤링,"소설, 소설, ","영미소설, 판타지소설, 장르소설, 판타지소설, ",804,9.98,58.0
브로콜리 펀치,이유리,"소설, ","한국소설, 한국소설일반, ",805,9.78,54.0
소송(문학동네 세계문학전집 200번 출간 기념 리커버 특별판),프란츠 카프카,"소설, 소설, 소설, ","독일소설, 고전소설/문학선, 고전소설/문학선, 독일고전소설/문학선, 세계문학전집, 문학동네 세계문학전집, ",806,9.85,48.0
폭풍의 시간,넬레 노이하우스,"소설, 소설, ","독일소설, 미스터리/스릴러소설, 장르소설, 미스터리/스릴러소설, ",807,9.47,60.0
만년,다자이 오사무,"소설, 소설, 소설, ","일본소설, 고전소설/문학선, 고전소설/문학선, 일본고전소설/문학선, 세계문학전집, 민음사 세계문학전집, ",808,9.66,48.0
양을 쫓는 모험(상),무라카미 하루키,"소설, ","일본소설, 일본소설일반, ",809,9.5,4.0
소설 보다: 여름 2021,서이제 외,"소설, ","한국소설, 한국소설일반, ",810,9.66,53.0
죄의 궤적 1,오쿠다 히데오,"소설, ","일본소설, 일본소설일반, ",811,9.29,42.0
죄의 궤적 2,오쿠다 히데오,"소설, ","일본소설, 일본소설일반, ",812,9.8,28.0
아르테미스(스폐셜 에디션),앤디 위어,"소설, 소설, ","영미소설, SF/과학소설, 장르소설, SF/과학소설, ",813,9.91,16.0
문어,김동식,"소설, ","한국소설, 한국소설일반, ",814,9.82,16.0
밸런스 게임,김동식,"소설, ","한국소설, 한국소설일반, ",815,9.44,11.0
스노볼 드라이브,조예은,"소설, 소설, ","한국소설, SF/과학소설, 장르소설, SF/과학소설, ",816,9.77,57.0
꼭두각시 살인사건,다니엘 콜,"소설, 소설, ","영미소설, 미스터리/스릴러소설, 장르소설, 미스터리/스릴러소설, ",817,9.37,76.0
살인마에게 바치는 청소지침서,쿤룬,"소설, 소설, ","기타나라소설, 기타나라소설, 장르소설, 미스터리/스릴러소설, ",818,9.73,20.0
삼국지 1,나관중,"소설, 소설, 소설, 소설, ","중국소설, 고전소설/문학선, 중국소설, 역사소설, 고전소설/문학선, 중국고전소설/문학선, 장르소설, 역사소설, ",819,10.0,5.0
두 도시 이야기,찰스 디킨스,"소설, 소설, ","영미소설, 고전소설/문학선, 고전소설/문학선, 영미고전소설/문학선, ",832,9.68,29.0
너의 별에 닻을 내리면 1,현민예,"소설, 소설, ","한국소설, 로맨스소설, 장르소설, 로맨스소설, ",821,9.76,22.0
사랑이 한 일,이승우,"소설, ","한국소설, 한국소설일반, ",822,9.56,25.0
얼마나 닮았는가,김보영,"소설, 소설, ","한국소설, SF/과학소설, 장르소설, SF/과학소설, ",823,9.88,24.0
애린 왕자,앙투안 드 생텍쥐페리,"소설, 소설, 인문, ","프랑스소설, 고전소설/문학선, 고전소설/문학선, 프랑스고전소설/문학선, 언어학, 국어학, ",824,9.74,65.0
복자에게,김금희,"소설, ","한국소설, 한국소설일반, ",825,9.62,121.0
봄눈,미시마 유키오,"소설, ","일본소설, 일본소설일반, ",826,9.65,42.0
누가 봐도 연애소설,이기호,"소설, 소설, ","한국소설, 로맨스소설, 장르소설, 로맨스소설, ",827,9.45,40.0
당신의 4분 33초,이서수,"소설, ","한국소설, 한국소설일반, ",828,9.84,10.0
기억 2,베르나르 베르베르,"소설, 소설, 소설, 소설, ","프랑스소설, SF/과학소설, 프랑스소설, 판타지소설, 장르소설, SF/과학소설, 장르소설, 판타지소설, ",829,9.55,265.0
너의 이름은.,신카이 마코토,"소설, 소설, ","일본소설, 로맨스소설, 장르소설, 로맨스소설, ",80,9.61,378.0
동물농장,조지 오웰,"소설, 소설, 소설, ","영미소설, 고전소설/문학선, 고전소설/문학선, 영미고전소설/문학선, 세계문학전집, 민음사 세계문학전집, ",109,9.61,649.0
요리코를 위해,노리즈키 린타로,"소설, 소설, ","일본소설, 미스터리/스릴러소설, 장르소설, 미스터리/스릴러소설, ",833,9.2,206.0
해리포터 시리즈 5~7탄 세트(해리포터 20주년 개정판),J. K. 롤링,"소설, 소설, 소설, 소설, ","영미소설, 판타지소설, 영미소설, 드라마/영화소설, 장르소설, 판타지소설, 장르소설, 드라마/영화소설, ",834,9.43,134.0
해리포터 죽음의 성물 3(해리포터 20주년 개정판),J. K. 롤링,"소설, 소설, 소설, 소설, ","영미소설, 판타지소설, 영미소설, 드라마/영화소설, 장르소설, 판타지소설, 장르소설, 드라마/영화소설, ",835,9.95,61.0
해리포터 죽음의 성물 2(해리포터 20주년 개정판),J. K. 롤링,"소설, 소설, 소설, 소설, ","영미소설, 판타지소설, 영미소설, 드라마/영화소설, 장르소설, 판타지소설, 장르소설, 드라마/영화소설, ",836,9.98,74.0
해리포터 죽음의 성물 1(해리포터 20주년 개정판),J. K. 롤링,"소설, 소설, 소설, 소설, ","영미소설, 판타지소설, 영미소설, 드라마/영화소설, 장르소설, 판타지소설, 장르소설, 드라마/영화소설, ",837,9.96,71.0
잠옷을 입으렴,이도우,"소설, ","한국소설, 한국소설일반, ",838,9.59,68.0
유성의 인연 1,히가시노 게이고,"소설, 소설, ","일본소설, 미스터리/스릴러소설, 장르소설, 미스터리/스릴러소설, ",839,9.81,113.0
목소리를 드릴게요,정세랑,"소설, ","한국소설, 한국소설일반, ",840,9.7,170.0
해리 포터와 불사조기사단 4(해리포터 20주년 개정판),J. K. 롤링,"소설, 소설, 소설, 소설, ","영미소설, 판타지소설, 영미소설, 드라마/영화소설, 장르소설, 판타지소설, 장르소설, 드라마/영화소설, ",841,9.97,54.0
카라마조프 가의 형제들(합본 특별판),표도르 도스토예프스키,"소설, 소설, ","러시아소설, 고전소설/문학선, 고전소설/문학선, 러시아고전소설/문학선, ",842,9.79,45.0
그림형제 동화전집(완역본),그림 형제,"소설, 소설, ","독일소설, 고전소설/문학선, 고전소설/문학선, 독일고전소설/문학선, ",843,9.44,95.0
엘리너 올리펀트는 완전 괜찮아,게일 허니먼,"소설, ","영미소설, 영미소설일반, ",844,9.76,90.0
나 혼자만 레벨업 1,추공,"소설, 소설, ","한국소설, 판타지소설, 장르소설, 판타지소설, ",845,9.58,69.0
나 혼자만 레벨업 5,추공,"소설, 소설, ","한국소설, 판타지소설, 장르소설, 판타지소설, ",846,9.77,46.0
창가의 토토,구로야나기 테츠코,"소설, ","일본소설, 일본소설일반, ",847,9.72,43.0
노생거 사원,제인 오스틴,"소설, 소설, 소설, ","영미소설, 고전소설/문학선, 고전소설/문학선, 영미고전소설/문학선, 세계문학전집, 민음사 세계문학전집, ",849,9.5,34.0
레몬,권여선,"소설, 소설, ","한국소설, 미스터리/스릴러소설, 장르소설, 미스터리/스릴러소설, ",850,9.5,137.0
블루&그린,버지니아 울프,"소설, ","영미소설, 영미소설일반, ",751,9.91,28.0
"필사의 힘: 생텍쥐페리처럼, 어린 왕자 따라쓰기",앙투안 생텍쥐페리,"소설, 소설, ","프랑스소설, 고전소설/문학선, 고전소설/문학선, 프랑스고전소설/문학선, ",752,10.0,1.0
변변찮은 마술강사와 금기교전 20,히츠지 타로,"소설, 소설, ","일본소설, 라이트노벨, 라이트노벨, 일본라이트노벨, ",753,10.0,12.0
퍼핏 쇼,M. W. 크레이븐,"소설, 소설, ","영미소설, 미스터리/스릴러소설, 장르소설, 미스터리/스릴러소설, ",754,9.86,25.0
실버 트리 세트,윤소리,"소설, 소설, ","한국소설, 로맨스소설, 장르소설, 로맨스소설, ",755,10.0,9.0
실버 트리 1,윤소리,"소설, 소설, 소설, 소설, ","한국소설, 로맨스소설, 한국소설, 판타지소설, 장르소설, 판타지소설, 장르소설, 로맨스소설, ",756,10.0,3.0
지니 너 없는 동안,이은정,"소설, ","한국소설, 한국소설일반, ",757,10.0,13.0
어서 오세요 실력지상주의 교실에: 2학년 편 8,키누가사 쇼고,"소설, 소설, ","일본소설, 라이트노벨, 라이트노벨, 일본라이트노벨, ",758,10.0,43.0
미래과거시제,배명훈,"소설, 소설, ","한국소설, SF/과학소설, 장르소설, SF/과학소설, ",759,9.84,28.0
광개토태왕 담덕 5: 영락태왕,엄광용,"소설, 소설, ","한국소설, 역사/대하소설, 장르소설, 역사소설, ",760,10.0,8.0
"궤도의 밖에서, 나의 룸메이트에게",전삼혜,"소설, ","한국소설, 한국소설일반, ",761,10.0,1.0
사랑의 꿈,손보미,"소설, ","한국소설, 한국소설일반, ",762,9.48,21.0
이중생활자,최현수 외,"소설, ","한국소설, 한국소설일반, ",763,0.0,
어린 왕자(초판본)(금장 에디션)(1943년 오리지널 초판본 표지디자인),앙투안 드 생텍쥐 페리,"소설, 소설, ","프랑스소설, 고전소설/문학선, 고전소설/문학선, 프랑스고전소설/문학선, ",764,0.0,
친애하는 숙녀 신사 여러분,유즈키 아사코,"소설, ","일본소설, 일본소설일반, ",765,9.64,12.0
굿바이 선언,미즈키 미도리,"소설, 소설, ","일본소설, 라이트노벨, 라이트노벨, 일본라이트노벨, ",766,9.83,20.0
굿 걸 배드 걸,마이클 로보텀,"소설, 소설, ","영미소설, 미스터리/스릴러소설, 장르소설, 미스터리/스릴러소설, ",767,9.77,30.0
별의 시간,클라리스 리스펙토르,"소설, ","기타나라소설, 중남미소설, ",768,9.68,192.0
십이국기 9: 백은의 언덕 검은 달 2,오노 후유미,"소설, 소설, ","일본소설, 판타지소설, 장르소설, 판타지소설, ",769,9.75,34.0
십이국기 9: 백은의 언덕 검은 달 3,오노 후유미,"소설, 소설, ","일본소설, 판타지소설, 장르소설, 판타지소설, ",770,9.89,36.0
86 에이티식스 7,아사토 아사토,"소설, 소설, ","일본소설, 라이트노벨, 라이트노벨, 일본라이트노벨, ",771,10.0,43.0
천년의 금서,김진명,"소설, ","한국소설, 한국소설일반, ",772,10.0,5.0
더블,정해연,"소설, 소설, 소설, 소설, ","한국소설, 미스터리/스릴러소설, 한국소설, 드라마/영화소설, 장르소설, 미스터리/스릴러소설, 장르소설, 드라마/영화소설, ",773,9.44,7.0
86 에이티식스 6,아사토 아사토,"소설, 소설, ","일본소설, 라이트노벨, 라이트노벨, 일본라이트노벨, ",774,10.0,41.0
묵향 37: 사막의 이변,전동조,"소설, 소설, ","한국소설, 판타지소설, 장르소설, 판타지소설, ",775,9.0,5.0
재벌집 막내아들 3,산경,"소설, 소설, 소설, 소설, 소설, 소설, ","한국소설, 판타지소설, 한국소설, 웹소설, 한국소설, 드라마/영화소설, 장르소설, 판타지소설, 장르소설, 웹소설, 장르소설, 드라마/영화소설, ",776,9.84,49.0
재벌집 막내아들 1,산경,"소설, 소설, 소설, 소설, 소설, 소설, ","한국소설, 판타지소설, 한국소설, 웹소설, 한국소설, 드라마/영화소설, 장르소설, 판타지소설, 장르소설, 웹소설, 장르소설, 드라마/영화소설, ",777,10.0,82.0
폭풍의 언덕,에밀리 브론테,"소설, 소설, 소설, ","영미소설, 고전소설/문학선, 고전소설/문학선, 영미고전소설/문학선, 세계문학전집, 민음사 세계문학전집, ",219,9.39,158.0
나주에 대하여,김화진,"소설, ","한국소설, 한국소설일반, ",779,9.61,31.0
언러키 스타트업,정지음,"소설, ","한국소설, 한국소설일반, ",780,10.0,17.0
카미노 아일랜드,존 그리샴,"소설, 소설, ","영미소설, 미스터리/스릴러소설, 장르소설, 미스터리/스릴러소설, ",781,9.0,21.0
오버로드 15: 하프엘프 신인(상),마루야마 쿠가네,"소설, 소설, ","일본소설, 라이트노벨, 라이트노벨, 일본라이트노벨, ",782,9.64,40.0
아웃랜더 2,다이애나 개벌돈,"소설, ","영미소설, 영미소설일반, ",783,10.0,4.0
흑뢰성,요네자와 호노부,"소설, 소설, ","일본소설, 미스터리/스릴러소설, 장르소설, 미스터리/스릴러소설, ",784,9.76,95.0
가장 아름다운 기억을 너에게 보낼게,하세가와 카오리,"소설, ","일본소설, 일본소설일반, ",785,9.8,41.0
재수사 2,장강명,"소설, ","한국소설, 한국소설일반, ",786,9.73,63.0
영원한 우정으로 1,넬레 노이하우스,"소설, 소설, ","독일소설, 미스터리/스릴러소설, 장르소설, 미스터리/스릴러소설, ",787,9.82,42.0
젊은 베르테르의 슬픔(초판본),요한 볼프강 폰 괴테,"소설, 소설, ","독일소설, 고전소설/문학선, 고전소설/문학선, 독일고전소설/문학선, ",788,9.82,16.0
레슨 인 케미스트리 1,보니 가머스,"소설, ","영미소설, 영미소설일반, ",789,9.7,189.0
레슨 인 케미스트리 2,보니 가머스,"소설, ","영미소설, 영미소설일반, ",790,9.96,43.0
이솝 우화(미니북),이솝,"소설, 소설, ","그외유럽소설, 그외유럽소설, 고전소설/문학선, 고전소설/문학선일반, ",791,10.0,2.0
달려라 메로스,다자이 오사무,"소설, 소설, ","일본소설, 고전소설/문학선, 고전소설/문학선, 일본고전소설/문학선, ",792,10.0,48.0
52헤르츠 고래들,마치다 소노코,"소설, ","일본소설, 일본소설일반, ",793,0.0,
행성 2,베르나르 베르베르,"소설, 소설, ","프랑스소설, SF/과학소설, 장르소설, SF/과학소설, ",794,9.55,127.0
룬의 아이들 블러디드 5,전민희,"소설, 소설, ","한국소설, 판타지소설, 장르소설, 판타지소설, ",795,9.41,51.0
책들의 부엌 (인사이드 에디션),김지혜,"소설, 소설, ","한국소설, 판타지소설, 장르소설, 판타지소설, ",796,9.52,261.0
좀비즈 어웨이,배예람,"소설, ","한국소설, 한국소설일반, ",797,9.55,19.0
여행하는 소설,장류진 외,"소설, ","한국소설, 한국소설일반, ",798,9.57,13.0
엔드게임 살인사건,다니엘 콜,"소설, 소설, ","영미소설, 미스터리/스릴러소설, 장르소설, 미스터리/스릴러소설, ",799,9.81,22.0
백의 그림자,황정은,"소설, ","한국소설, 한국소설일반, ",800,9.86,39.0
체호프 희곡선,안톤 파블로비치 체호프,"소설, 소설, 소설, ","러시아소설, 고전소설/문학선, 고전소설/문학선, 러시아고전소설/문학선, 세계문학전집, 을유 세계문학전집, ",701,9.66,21.0
정체성,밀란 쿤데라,"소설, ","프랑스소설, 프랑스소설일반, ",702,9.75,30.0
현의 노래,김훈,"소설, 소설, ","한국소설, 역사/대하소설, 장르소설, 역사소설, ",703,9.87,23.0
갈릴레오의 고뇌,히가시노 게이고,"소설, 소설, ","일본소설, 미스터리/스릴러소설, 장르소설, 미스터리/스릴러소설, ",704,9.5,60.0
1Q84 3,무라카미 하루키,"소설, ","일본소설, 일본소설일반, ",367,9.17,2.0
성녀의 구제,히가시노 게이고,"소설, 소설, ","일본소설, 미스터리/스릴러소설, 장르소설, 미스터리/스릴러소설, ",706,9.22,119.0
4월의 어느 맑은 아침에 100퍼센트의 여자를 만나는 것에 대하여,무라카미 하루키,"소설, ","일본소설, 일본소설일반, ",707,8.81,43.0
아우라,카를로스 푸엔테스,"소설, 소설, 소설, ","기타나라소설, 중남미소설, 고전소설/문학선, 고전소설/문학선일반, 세계문학전집, 민음사 세계문학전집, ",708,9.68,28.0
톰 소여의 모험,마크 트웨인,"소설, 소설, 소설, ","영미소설, 고전소설/문학선, 고전소설/문학선, 영미고전소설/문학선, 세계문학전집, 민음사 세계문학전집, ",709,9.6,53.0
카라마조프가의 형제들 2,표도르 도스토옙스키,"소설, 소설, 소설, ","러시아소설, 고전소설/문학선, 고전소설/문학선, 러시아고전소설/문학선, 세계문학전집, 민음사 세계문학전집, ",710,9.41,19.0
보이지 않는 도시들,이탈로 칼비노,"소설, 소설, 소설, ","그외유럽소설, 이탈리아소설, 고전소설/문학선, 고전소설/문학선일반, 세계문학전집, 민음사 세계문학전집, ",711,9.45,53.0
검찰관,니꼴라이 고골,"소설, 소설, 소설, ","러시아소설, 고전소설/문학선, 고전소설/문학선, 러시아고전소설/문학선, 세계문학전집, 민음사 세계문학전집, ",712,9.75,12.0
빨치산의 딸 1,정지아,"소설, ","한국소설, 한국소설일반, ",713,9.5,23.0
크눌프,헤르만 헤세,"소설, 소설, 소설, ","독일소설, 고전소설/문학선, 고전소설/문학선, 독일고전소설/문학선, 세계문학전집, 민음사 세계문학전집, ",714,9.46,112.0
백년의 고독 1,가브리엘 가르시아 마르케스,"소설, 소설, 소설, ","기타나라소설, 중남미소설, 고전소설/문학선, 고전소설/문학선일반, 세계문학전집, 민음사 세계문학전집, ",715,9.6,132.0
나의 미카엘,아모스 오즈,"소설, 소설, 소설, ","기타나라소설, 기타나라소설, 고전소설/문학선, 고전소설/문학선일반, 세계문학전집, 민음사 세계문학전집, ",716,9.7,26.0
호밀밭의 파수꾼,제롬 데이비드 샐린저,"소설, 소설, 소설, ","영미소설, 고전소설/문학선, 고전소설/문학선, 영미고전소설/문학선, 세계문학전집, 민음사 세계문학전집, ",101,9.47,610.0
생의 한가운데,루이제 린저,"소설, 소설, 소설, ","독일소설, 고전소설/문학선, 고전소설/문학선, 독일고전소설/문학선, 세계문학전집, 문예 세계문학선, ",718,9.48,67.0
딱 1인분만 할게요,이서기,"소설, ","한국소설, 한국소설일반, ",719,10.0,11.0
이수라 2,케이소,"소설, 소설, ","일본소설, 라이트노벨, 라이트노벨, 일본라이트노벨, ",720,0.0,
하객 명단,루시 폴리,"소설, ","영미소설, 영미소설일반, ",721,0.0,
삼국평화고등학교 테러 사건,서귤,"소설, 소설, ","한국소설, 미스터리/스릴러소설, 장르소설, 미스터리/스릴러소설, ",722,10.0,1.0
문 너머의 세계들,섀넌 맥과이어,"소설, ","영미소설, 영미소설일반, ",723,0.0,
눈사자와 여름,하지은,"소설, ","한국소설, 한국소설일반, ",724,0.0,
오만한 자들의 황야,하지은,"소설, 소설, ","한국소설, 판타지소설, 장르소설, 판타지소설, ",725,0.0,
꽃길 상점가의 기적,쇼지 유키야,"소설, ","일본소설, 일본소설일반, ",726,10.0,5.0
토끼 귀 살인사건,안티 투오마이넨,"소설, ","북유럽소설, 북유럽소설일반, ",727,10.0,4.0
극동의 여자 친구들,박솔뫼,"소설, ","한국소설, 한국소설일반, ",728,10.0,1.0
베르타 이슬라,하비에르 마리아스,"소설, ","그외유럽소설, 스페인소설, ",729,10.0,7.0
안진: 세 번의 봄,강화길,"소설, ","한국소설, 한국소설일반, ",730,0.0,
조선연애실록 1,로즈빈,"소설, 소설, ","한국소설, 로맨스소설, 장르소설, 로맨스소설, ",731,0.0,
디 에센셜: 한강(무선 보급판),한강,"소설, ","한국소설, 한국소설일반, ",732,10.0,2.0
3인의 명탐정,레오 브루스,"소설, 소설, ","영미소설, 미스터리/스릴러소설, 장르소설, 미스터리/스릴러소설, ",733,10.0,6.0
매트릭스,로런 그로프,"소설, ","영미소설, 영미소설일반, ",734,9.17,2.0
늙지 않기에 힘든 우리,김시화,"소설, ","한국소설, 한국소설일반, ",736,10.0,1.0
초초난난,오가와 이토,"소설, 소설, ","일본소설, 로맨스소설, 장르소설, 로맨스소설, ",737,9.44,14.0
셰익스피어 4대 비극,윌리엄 셰익스피어,"소설, 소설, ","영미소설, 고전소설/문학선, 고전소설/문학선, 영미고전소설/문학선, ",738,0.0,
셰익스피어 5대 희극 세트,윌리엄 셰익스피어,"소설, 소설, ","영미소설, 고전소설/문학선, 고전소설/문학선, 영미고전소설/문학선, ",739,10.0,1.0
미국을 노린 음모,필립 로스,"소설, ","영미소설, 영미소설일반, ",740,9.58,7.0
목욕탕,다와다 요코,"소설, 소설, ","일본소설, 일본소설일반, 독일소설, 독일소설일반, ",741,0.0,
마녀의 여행 14,시라이시 죠우기,"소설, 소설, ","일본소설, 라이트노벨, 라이트노벨, 일본라이트노벨, ",742,10.0,9.0
수레바퀴 아래서(초판본)(리커버 한정판),헤르만 헤세,"소설, 소설, ","독일소설, 고전소설/문학선, 고전소설/문학선, 독일고전소설/문학선, ",743,10.0,2.0
러브 알러지,박한솔,"소설, 소설, ","한국소설, 로맨스소설, 장르소설, 로맨스소설, ",744,9.48,27.0
별일은 없고요?,이주란,"소설, ","한국소설, 한국소설일반, ",745,9.81,12.0
북과 남,엘리자베스 개스켈,"소설, 소설, ","영미소설, 고전소설/문학선, 고전소설/문학선, 영미고전소설/문학선, ",746,10.0,2.0
무궁화꽃이 피었습니다 2,김진명,"소설, 소설, ","한국소설, 미스터리/스릴러소설, 장르소설, 미스터리/스릴러소설, ",747,0.0,
무궁화꽃이 피었습니다 1,김진명,"소설, 소설, ","한국소설, 미스터리/스릴러소설, 장르소설, 미스터리/스릴러소설, ",748,10.0,6.0
밤하늘에 별을 뿌리다,구보 미스미,"소설, ","일본소설, 일본소설일반, ",749,10.0,12.0
김약국의 딸들,박경리,"소설, ","한국소설, 한국소설일반, ",750,5.0,1.0
망각하는 자에게 축복을,민지형,"소설, ","한국소설, 한국소설일반, ",601,0.0,
우리 슬픔의 거울,피에르 르메트르,"소설, ","프랑스소설, 프랑스소설일반, ",602,10.0,29.0
패스토럴리아,조지 손더스,"소설, ","영미소설, 영미소설일반, ",603,10.0,4.0
이방인(1944년 오리지널 초판본 표지디자인)(문고판),알베르 카뮈,"소설, 소설, ","프랑스소설, 고전소설/문학선, 고전소설/문학선, 프랑스고전소설/문학선, ",604,9.17,4.0
키다리 아저씨(1912년 오리지널 초판본 표지디자인)(문고판),진 웹스터,"소설, 소설, ","영미소설, 고전소설/문학선, 고전소설/문학선, 영미고전소설/문학선, ",605,8.75,2.0
싯다르타(1922년 오리지널 초판본 표지디자인)(문고판),헤르만 헤세,"소설, 소설, ","독일소설, 고전소설/문학선, 고전소설/문학선, 독일고전소설/문학선, ",606,10.0,7.0
두고 온 여름,성해나,"소설, ","한국소설, 한국소설일반, ",607,9.44,6.0
인생 박물관,김동식,"소설, ","한국소설, 한국소설일반, ",608,9.72,10.0
변신: 1916년 오리지널 초판본 표지디자인,프란츠 카프카,"소설, 소설, ","독일소설, 고전소설/문학선, 고전소설/문학선, 독일고전소설/문학선, ",130,10.0,1.0
"내일을 준 너에게, 마지막 러브레터를",고자쿠라 스즈,"소설, ","일본소설, 일본소설일반, ",610,10.0,36.0
십이국기 9: 백은의 언덕 검은 달 4,오노 후유미,"소설, 소설, ","일본소설, 판타지소설, 장르소설, 판타지소설, ",611,9.56,31.0
수확자 시리즈 세트,닐 셔스터먼,"소설, 소설, ","영미소설, SF/과학소설, 장르소설, SF/과학소설, ",612,10.0,7.0
내게 남은 사랑을 드릴게요,이유리 외,"소설, ","한국소설, 한국소설일반, ",613,9.31,27.0
최후의 경전,김진명,"소설, ","한국소설, 한국소설일반, ",614,10.0,5.0
전지적 독자 시점 PART 2&3: 굿즈키트 세트,싱숑,"소설, 소설, ","한국소설, 판타지소설, 장르소설, 판타지소설, ",615,9.83,57.0
터무니없는 스킬로 이세계 방랑 밥 9,에구치 렌,"소설, 소설, ","일본소설, 라이트노벨, 라이트노벨, 일본라이트노벨, ",616,10.0,13.0
디 에센셜: 헤르만 헤세,헤르만 헤세,"소설, 소설, ","독일소설, 고전소설/문학선, 고전소설/문학선, 독일고전소설/문학선, ",617,9.9,18.0
데뷔 못 하면 죽는 병 걸림 1부 1,백덕수,"소설, 소설, ","한국소설, 판타지소설, 장르소설, 판타지소설, ",618,10.0,7.0
데뷔 못 하면 죽는 병 걸림 1부 2,백덕수,"소설, 소설, ","한국소설, 판타지소설, 장르소설, 판타지소설, ",619,10.0,8.0
백만장자를 위한 공짜 음식 1,이민진,"소설, ","영미소설, 영미소설일반, ",620,9.49,153.0
백만장자를 위한 공짜 음식 2,이민진,"소설, ","영미소설, 영미소설일반, ",621,9.39,47.0
잃어버린 시간을 찾아서 7~13 세트,마르셀 프루스트,"소설, ","프랑스소설, 프랑스소설일반, ",622,10.0,7.0
제르미날 1,에밀 졸라,"소설, 소설, 소설, ","프랑스소설, 고전소설/문학선, 고전소설/문학선, 프랑스고전소설/문학선, 세계문학전집, 민음사 세계문학전집, ",623,10.0,8.0
우중괴담,미쓰다 신조,"소설, 소설, ","일본소설, 공포/호러소설, 장르소설, 공포/호러소설, ",624,9.9,33.0
외사랑,히가시노 게이고,"소설, 소설, ","일본소설, 미스터리/스릴러소설, 장르소설, 미스터리/스릴러소설, ",625,9.68,125.0
오늘을 잡아라,솔 벨로,"소설, 소설, 소설, ","영미소설, 고전소설/문학선, 고전소설/문학선, 영미고전소설/문학선, 세계문학전집, 문학동네 세계문학전집, ",626,10.0,7.0
오늘도 고바야시 서점에 갑니다,가와카미 데쓰야,"소설, ","일본소설, 일본소설일반, ",627,9.85,106.0
기묘한 괴담하우스,사와무라 이치,"소설, 소설, ","일본소설, 공포/호러소설, 장르소설, 공포/호러소설, ",628,9.64,8.0
연을 쫓는 아이,할레드 호세이니,"소설, ","영미소설, 영미소설일반, ",629,10.0,19.0
영원한 우정으로 2,넬레 노이하우스,"소설, 소설, ","독일소설, 미스터리/스릴러소설, 장르소설, 미스터리/스릴러소설, ",630,9.74,23.0
튜브,손원평,"소설, ","한국소설, 한국소설일반, ",631,9.5,192.0
가장 나쁜 일,김보현,"소설, 소설, ","한국소설, 미스터리/스릴러소설, 장르소설, 미스터리/스릴러소설, ",632,9.61,30.0
링컨 하이웨이,에이모 토울스,"소설, ","영미소설, 영미소설일반, ",633,9.65,66.0
유리탑의 살인,치넨 미키토,"소설, 소설, ","일본소설, 미스터리/스릴러소설, 장르소설, 미스터리/스릴러소설, ",634,9.67,65.0
베러티,콜린 후버,"소설, 소설, ","영미소설, 미스터리/스릴러소설, 장르소설, 미스터리/스릴러소설, ",635,9.81,74.0
"옷소매 붉은 끝동 1, 2 세트",강미강,"소설, 소설, ","한국소설, 로맨스소설, 장르소설, 로맨스소설, ",636,9.67,14.0
행성 1,베르나르 베르베르,"소설, 소설, ","프랑스소설, SF/과학소설, 장르소설, SF/과학소설, ",637,9.58,214.0
애쓰지 않아도,최은영,"소설, ","한국소설, 한국소설일반, ",638,9.48,155.0
공허한 십자가,히가시노 게이고,"소설, 소설, ","일본소설, 미스터리/스릴러소설, 장르소설, 미스터리/스릴러소설, ",639,9.46,26.0
여덟 건의 완벽한 살인,피터 스완슨,"소설, 소설, ","영미소설, 미스터리/스릴러소설, 장르소설, 미스터리/스릴러소설, ",640,9.75,78.0
마음에 없는 소리,김지연,"소설, ","한국소설, 한국소설일반, ",641,9.58,40.0
다섯 번째 감각,김보영,"소설, 소설, ","한국소설, SF/과학소설, 장르소설, SF/과학소설, ",642,9.44,28.0
전지적 독자 시점 PART 1: 2,싱숑,"소설, 소설, 소설, 소설, ","한국소설, 판타지소설, 한국소설, 웹소설, 장르소설, 판타지소설, 장르소설, 웹소설, ",643,9.85,39.0
전지적 독자 시점 PART 1: 3,싱숑,"소설, 소설, 소설, 소설, ","한국소설, 판타지소설, 한국소설, 웹소설, 장르소설, 판타지소설, 장르소설, 웹소설, ",644,9.76,36.0
나인,천선란,"소설, ","한국소설, 한국소설일반, ",645,9.77,193.0
행성어 서점,김초엽,"소설, ","한국소설, 한국소설일반, ",646,9.61,98.0
불안한 사람들,프레드릭 배크만,"소설, ","북유럽소설, 북유럽소설일반, ",647,9.67,497.0
곰탕 2: 열두 명이 사라진 밤,김영탁,"소설, 소설, ","한국소설, 미스터리/스릴러소설, 장르소설, 미스터리/스릴러소설, ",648,9.83,26.0
자본주의의 적,정지아,"소설, ","한국소설, 한국소설일반, ",649,10.0,27.0
나를 보내지 마,가즈오 이시구로,"소설, ","영미소설, 영미소설일반, ",650,10.0,41.0
야간비행,앙투안 드 생텍쥐페리,"소설, 소설, 소설, ","프랑스소설, 고전소설/문학선, 고전소설/문학선, 프랑스고전소설/문학선, 세계문학전집, 문학동네 세계문학전집, ",551,9.35,77.0
츠바키 문구점,오가와 이토,"소설, ","일본소설, 일본소설일반, ",552,9.56,218.0
그녀가 공작저로 가야 했던 사정 1,밀차,"소설, 소설, ","한국소설, 라이트노벨, 라이트노벨, 한국라이트노벨, ",553,9.6,41.0
1Q84 문고판 세트,무라카미 하루키,"소설, ","일본소설, 일본소설일반, ",554,9.84,48.0
댓글부대,장강명,"소설, ","한국소설, 한국소설일반, ",555,9.35,88.0
냉정과 열정 사이(Blu),츠지 히토나리,"소설, ","일본소설, 일본소설일반, ",556,9.51,53.0
매스커레이드 이브,히가시노 게이고,"소설, 소설, ","일본소설, 미스터리/스릴러소설, 장르소설, 미스터리/스릴러소설, ",557,9.61,154.0
돈키호테 2,미겔 데 세르반테스 사아베드라,"소설, 소설, ","그외유럽소설, 스페인소설, 고전소설/문학선, 고전소설/문학선일반, ",351,9.72,121.0
성,프란츠 카프카,"소설, 소설, 소설, ","독일소설, 고전소설/문학선, 고전소설/문학선, 독일고전소설/문학선, 세계문학전집, 열린책들 세계문학, ",559,10.0,27.0
지하생활자의 수기,도스토예프스키,"소설, 소설, 소설, ","러시아소설, 고전소설/문학선, 고전소설/문학선, 러시아고전소설/문학선, 세계문학전집, 문예 세계문학선, ",560,9.79,32.0
다빈치 코드 1,댄 브라운,"소설, 소설, 소설, 소설, ","영미소설, 미스터리/스릴러소설, 영미소설, 드라마/영화소설, 장르소설, 미스터리/스릴러소설, 장르소설, 드라마/영화소설, ",561,9.59,44.0
허삼관 매혈기,위화,"소설, 소설, 소설, 소설, ","중국소설, 고전소설/문학선, 중국소설, 드라마/영화소설, 고전소설/문학선, 중국고전소설/문학선, 장르소설, 드라마/영화소설, ",562,9.27,151.0
에드거 앨런 포 단편선,에드거 앨런 포,"소설, 소설, 소설, ","영미소설, 공포/호러소설, 세계문학전집, 민음사 세계문학전집, 장르소설, 공포/호러소설, ",563,9.38,61.0
시련,아서 밀러,"소설, 소설, 소설, ","영미소설, 고전소설/문학선, 고전소설/문학선, 영미고전소설/문학선, 세계문학전집, 민음사 세계문학전집, ",564,9.5,18.0
모방범 2,미야베 미유키,"소설, 소설, ","일본소설, 미스터리/스릴러소설, 장르소설, 미스터리/스릴러소설, ",565,9.66,53.0
모방범 1,미야베 미유키,"소설, 소설, ","일본소설, 미스터리/스릴러소설, 장르소설, 미스터리/스릴러소설, ",566,9.68,100.0
유리알 유희 2,헤르만 헤세,"소설, 소설, 소설, ","독일소설, 고전소설/문학선, 고전소설/문학선, 독일고전소설/문학선, 세계문학전집, 민음사 세계문학전집, ",567,9.77,45.0
퇴마록 국내편 1,이우혁,"소설, 소설, 소설, 소설, ","한국소설, 판타지소설, 한국소설, 공포/호러소설, 장르소설, 판타지소설, 장르소설, 공포/호러소설, ",568,9.72,61.0
베니스의 상인,윌리엄 셰익스피어,"소설, 소설, 소설, ","영미소설, 고전소설/문학선, 고전소설/문학선, 영미고전소설/문학선, 세계문학전집, 민음사 세계문학전집, ",569,9.7,53.0
빅 픽처,더글라스 케네디,"소설, ","영미소설, 영미소설일반, ",570,9.08,412.0
개인적인 체험,오에 겐자부로,"소설, 소설, 소설, ","일본소설, 고전소설/문학선, 고전소설/문학선, 일본고전소설/문학선, 세계문학전집, 을유 세계문학전집, ",571,9.74,31.0
면도날,서머싯 몸,"소설, 소설, 소설, ","영미소설, 고전소설/문학선, 고전소설/문학선, 영미고전소설/문학선, 세계문학전집, 민음사 세계문학전집, ",572,9.69,162.0
구운몽,김만중,"소설, 소설, 소설, ","한국소설, 고전소설/문학선, 고전소설/문학선, 한국고전소설/문학선, 세계문학전집, 민음사 세계문학전집, ",573,9.48,70.0
엄마를 부탁해,신경숙,"소설, ","한국소설, 한국소설일반, ",574,9.24,547.0
새들은 페루에 가서 죽다,로맹 가리,"소설, ","프랑스소설, 프랑스소설일반, ",576,9.23,49.0
연인,마르그리트 뒤라스,"소설, 소설, 소설, ","프랑스소설, 고전소설/문학선, 고전소설/문학선, 프랑스고전소설/문학선, 세계문학전집, 민음사 세계문학전집, ",577,9.21,138.0
오셀로,윌리엄 셰익스피어,"소설, 소설, 소설, ","영미소설, 고전소설/문학선, 고전소설/문학선, 영미고전소설/문학선, 세계문학전집, 민음사 세계문학전집, ",578,9.08,58.0
백년의 고독 2,가브리엘 가르시아 마르케스,"소설, 소설, 소설, ","기타나라소설, 중남미소설, 고전소설/문학선, 고전소설/문학선일반, 세계문학전집, 민음사 세계문학전집, ",579,9.64,89.0
멋진 신세계,올더스 헉슬리,"소설, 소설, 소설, ","영미소설, 영미소설일반, 영미소설, SF/과학소설, 장르소설, SF/과학소설, ",50,9.57,721.0
용왕이 하는 일! 16,시라토리 시로,"소설, 소설, ","일본소설, 라이트노벨, 라이트노벨, 일본라이트노벨, ",581,0.0,
푸른 살,이태제,"소설, 소설, 교보오리지널, ","한국소설, SF/과학소설, 장르소설, SF/과학소설, 스토리공모전, 수상작 소설, ",582,10.0,2.0
거의 평범한 가족,마티아스 에드바르드손,"소설, 소설, ","그외유럽소설, 그외유럽소설, 장르소설, 미스터리/스릴러소설, ",583,10.0,1.0
난세의 영웅 3: 대망,이원호,"소설, ","한국소설, 한국소설일반, ",584,0.0,
포션빨로 연명합니다! 7,FUNA,"소설, 소설, ","일본소설, 라이트노벨, 라이트노벨, 일본라이트노벨, ",585,0.0,
뛰어내리려는 여고생을 구해주면 어떻게 될까? 2,키시마 키라쿠,"소설, 소설, ","일본소설, 라이트노벨, 라이트노벨, 일본라이트노벨, ",586,10.0,2.0
누가 제발 이 버스 좀 멈춰주세요,지난,"소설, ","한국소설, 한국소설일반, ",587,0.0,
"평생 일하고 싶지 않은 내가, 같은 반 인기 아이돌의 눈에 들면 3",키시모토 카즈하,"소설, 소설, ","일본소설, 라이트노벨, 라이트노벨, 일본라이트노벨, ",588,10.0,3.0
전생귀족의 이세계 모험록 5,야슈,"소설, 소설, ","일본소설, 라이트노벨, 라이트노벨, 일본라이트노벨, ",589,10.0,3.0
종이올빼미,누쿠이 도쿠로,"소설, 소설, ","일본소설, 미스터리/스릴러소설, 장르소설, 미스터리/스릴러소설, ",590,0.0,
온라인 게임의 신부는 여자아이가 아니라고 생각한 거야? 21,키네코 시바이,"소설, 소설, ","일본소설, 라이트노벨, 라이트노벨, 일본라이트노벨, ",591,10.0,2.0
전학 간 학교의 청순가련한 미소녀가 옛날에 남자라고 생각해서 같이 놀던 소꿉친구였던 일 4,히바리유,"소설, 소설, ","일본소설, 라이트노벨, 라이트노벨, 일본라이트노벨, ",592,10.0,7.0
에블린 휴고의 일곱 남편,테일러 젠킨스 레이드,"소설, ","영미소설, 영미소설일반, ",593,10.0,3.0
"카디프, 바이 더 시",조이스 캐럴 오츠,"소설, ","영미소설, 미스터리/스릴러소설, ",594,9.72,15.0
파도가 닿는 미래,서윤빈,"소설, 소설, ","한국소설, SF/과학소설, 장르소설, SF/과학소설, ",595,10.0,4.0
없는 층의 하이쎈스,김멜라,"소설, ","한국소설, 한국소설일반, ",596,10.0,1.0
옆집 천사님 때문에 어느샌가 인간적으로 타락한 사연 7,사에키상,"소설, 소설, ","일본소설, 라이트노벨, 라이트노벨, 일본라이트노벨, ",598,10.0,29.0
오만과 편견(초판본)(초호화 금장에디션),제인 오스틴,"소설, 소설, ","영미소설, 고전소설/문학선, 고전소설/문학선, 영미고전소설/문학선, ",599,0.0,
오만과 편견(초판본),제인 오스틴,"소설, 소설, ","영미소설, 고전소설/문학선, 고전소설/문학선, 영미고전소설/문학선, ",600,10.0,4.0
어린왕자(어린 왕자 탄생 80주년 기념판),앙투안 드 생텍쥐페리,"소설, 소설, ","프랑스소설, 고전소설/문학선, 고전소설/문학선, 프랑스고전소설/문학선, ",501,0.0,
공방의 계절,연소민,"소설, ","한국소설, 한국소설일반, ",502,10.0,21.0
터무니없는 스킬로 이세계 방랑 밥 10,에구치 렌,"소설, 소설, ","일본소설, 라이트노벨, 라이트노벨, 일본라이트노벨, ",503,10.0,5.0
86 에이티식스 8,아사토 아사토,"소설, 소설, ","일본소설, 라이트노벨, 라이트노벨, 일본라이트노벨, ",504,10.0,27.0
오버로드 16 :하프엘프 신인(하)(노블엔진(Novel Engine)),마루야마 쿠가네,"소설, 소설, ","일본소설, 라이트노벨, 라이트노벨, 일본라이트노벨, ",505,10.0,6.0
양들의 침묵(리커버 에디션),토머스 해리스,"소설, 소설, ","영미소설, 미스터리/스릴러소설, 장르소설, 미스터리/스릴러소설, ",506,9.83,23.0
사라진 소녀들의 숲,허주은,"소설, 소설, 청소년, ","영미소설, 영미소설일반, 영미소설, 청소년소설, 청소년 소설, 영미, ",507,9.78,122.0
어떤 진심(2023 제68회 현대문학상 수상소설집),안보윤 외,"소설, ","한국소설, 한국소설일반, ",508,10.0,8.0
야생의 심장 가까이,클라리스 리스펙토르,"소설, ","기타나라소설, 중남미소설, ",509,9.55,28.0
재벌집 막내아들 4,산경,"소설, 소설, 소설, 소설, 소설, 소설, ","한국소설, 판타지소설, 한국소설, 웹소설, 한국소설, 드라마/영화소설, 장르소설, 판타지소설, 장르소설, 웹소설, 장르소설, 드라마/영화소설, ",510,9.92,49.0
눈먼 자들의 도시(탄생 100주년 기념 스페셜 에디션),주제 사라마구,"소설, 소설, ","그외유럽소설, 그외유럽소설, 장르소설, 드라마/영화소설, ",511,9.28,407.0
나의 라임오렌지나무(40주년 기념 스페셜 에디션),J. M. 바스콘셀로스,"소설, 소설, ","기타나라소설, 중남미소설, 고전소설/문학선, 고전소설/문학선일반, ",512,9.82,74.0
믿음에 대하여,박상영,"소설, ","한국소설, 한국소설일반, ",513,9.85,49.0
하쿠다 사진관,허태연,"소설, ","한국소설, 한국소설일반, ",514,9.47,234.0
유령의 마음으로,임선우,"소설, ","한국소설, 한국소설일반, ",515,9.64,68.0
백광,렌조 미키히코,"소설, 소설, ","일본소설, 미스터리/스릴러소설, 장르소설, 미스터리/스릴러소설, ",516,9.58,207.0
호수의 일,이현,"소설, ","한국소설, 한국소설일반, ",517,9.84,67.0
센 강의 이름 모를 여인,기욤 뮈소,"소설, 소설, 소설, ","프랑스소설, 프랑스소설일반, 프랑스소설, 미스터리/스릴러소설, 장르소설, 미스터리/스릴러소설, ",518,9.03,225.0
장미의 이름은 장미,은희경,"소설, ","한국소설, 한국소설일반, ",519,9.66,82.0
전지적 독자 시점 PART 1: 7,싱숑,"소설, 소설, 소설, 소설, ","한국소설, 판타지소설, 한국소설, 웹소설, 장르소설, 판타지소설, 장르소설, 웹소설, ",520,9.91,32.0
소마(리커버 양장본),채사장,"소설, ","한국소설, 한국소설일반, ",521,9.49,116.0
네가 마지막으로 남긴 노래,이치조 미사키,"소설, ","일본소설, 일본소설일반, ",522,9.8,97.0
1차원이 되고 싶어,박상영,"소설, ","한국소설, 한국소설일반, ",523,9.76,93.0
방황하는 칼날,히가시노 게이고,"소설, 소설, ","일본소설, 미스터리/스릴러소설, 장르소설, 미스터리/스릴러소설, ",524,9.83,72.0
비밀,히가시노 게이고,"소설, 소설, ","일본소설, 미스터리/스릴러소설, 장르소설, 미스터리/스릴러소설, ",525,9.63,42.0
반항하는 인간,알베르 카뮈,"소설, 소설, ","프랑스소설, 고전소설/문학선, 고전소설/문학선, 프랑스고전소설/문학선, ",526,9.91,33.0
탄금: 금을 삼키다,장다혜,"소설, 소설, ","한국소설, 미스터리/스릴러소설, 장르소설, 미스터리/스릴러소설, ",527,9.67,24.0
어린 왕자,앙투안 드 생택쥐페리,"소설, 소설, ","프랑스소설, 고전소설/문학선, 고전소설/문학선, 프랑스고전소설/문학선, ",64,9.73,760.0
듄 1-6 세트,프랭크 허버트,"소설, 소설, 소설, 소설, ","영미소설, SF/과학소설, 영미소설, 드라마/영화소설, 장르소설, SF/과학소설, 장르소설, 드라마/영화소설, ",529,9.62,75.0
듄 3: 듄의 아이들(CHILDREN OF DUNE),프랭크 허버트,"소설, 소설, ","영미소설, SF/과학소설, 장르소설, SF/과학소설, ",530,10.0,52.0
듄 2: 듄의 메시아(DUNE MESSIAH),프랭크 허버트,"소설, 소설, ","영미소설, SF/과학소설, 장르소설, SF/과학소설, ",531,9.82,75.0
프리즘,손원평,"소설, ","한국소설, 한국소설일반, ",532,8.9,162.0
세계의 끝과 하드보일드 원더랜드 2,무라카미 하루키,"소설, ","일본소설, 일본소설일반, ",533,9.88,22.0
당신을 기다리고 있어,김보영,"소설, 소설, ","한국소설, SF/과학소설, 장르소설, SF/과학소설, ",534,9.81,9.0
밤 끝으로의 여행,루이 훼르디낭 쎌린느,"소설, 소설, ","프랑스소설, 고전소설/문학선, 고전소설/문학선, 프랑스고전소설/문학선, ",535,10.0,3.0
삼국지 원전 세트,나관중,"소설, 소설, 소설, 소설, ","중국소설, 고전소설/문학선, 중국소설, 역사소설, 고전소설/문학선, 중국고전소설/문학선, 장르소설, 역사소설, ",536,9.71,54.0
해리 포터와 혼혈왕자 3(해리포터 20주년 개정판),J. K. 롤링,"소설, 소설, 소설, 소설, ","영미소설, 판타지소설, 영미소설, 드라마/영화소설, 장르소설, 판타지소설, 장르소설, 드라마/영화소설, ",537,9.88,68.0
해리 포터와 불의 잔 1(해리포터 20주년 개정판),J. K. 롤링,"소설, 소설, 소설, 소설, ","영미소설, 판타지소설, 영미소설, 드라마/영화소설, 장르소설, 판타지소설, 장르소설, 드라마/영화소설, ",449,9.69,106.0
해리 포터와 비밀의 방(해리포터 20주년 개정판),J. K. 롤링,"소설, 소설, 소설, 소설, ","영미소설, 판타지소설, 영미소설, 드라마/영화소설, 장르소설, 판타지소설, 장르소설, 드라마/영화소설, ",539,9.87,109.0
해리 포터와 마법사의 돌(해리포터 20주년 개정판),J. K. 롤링,"소설, 소설, 소설, 소설, ","영미소설, 판타지소설, 영미소설, 드라마/영화소설, 장르소설, 판타지소설, 장르소설, 드라마/영화소설, ",540,9.91,111.0
해리 포터와 불의 잔 4(해리포터 20주년 개정판),J. K. 롤링,"소설, 소설, 소설, 소설, ","영미소설, 판타지소설, 영미소설, 드라마/영화소설, 장르소설, 판타지소설, 장르소설, 드라마/영화소설, ",541,9.96,95.0
이제야 언니에게,최진영,"소설, ","한국소설, 한국소설일반, ",542,9.59,87.0
졸업: 설월화 살인 게임,히가시노 게이고,"소설, 소설, ","일본소설, 미스터리/스릴러소설, 장르소설, 미스터리/스릴러소설, ",543,9.2,54.0
잔혹동화,지건 외,"소설, ","한국소설, 한국소설일반, ",544,8.43,22.0
달걀과 닭,클라리시 리스펙토르,"소설, ","그외유럽소설, 그외유럽소설, ",545,9.71,25.0
나니아 연대기,C. S. 루이스,"소설, 소설, ","영미소설, 판타지소설, 장르소설, 판타지소설, ",546,9.49,72.0
인어가 잠든 집,히가시노 게이고,"소설, 소설, ","일본소설, 미스터리/스릴러소설, 장르소설, 미스터리/스릴러소설, ",547,9.56,684.0
미스터 션샤인 1,김은숙,"소설, 소설, ","한국소설, 드라마/영화소설, 장르소설, 드라마/영화소설, ",548,9.77,72.0
관촌수필,이문구,"소설, ","한국소설, 한국소설일반, ",549,9.85,20.0
그녀가 공작저로 가야 했던 사정(외전),밀차,"소설, 소설, ","한국소설, 라이트노벨, 라이트노벨, 한국라이트노벨, ",550,9.51,26.0
빨강 머리 앤,루시 모드 몽고메리,"소설, 소설, ","영미소설, 고전소설/문학선, 고전소설/문학선, 영미고전소설/문학선, ",451,9.74,993.0
젊은작가상 수상작품집 10주년 특별판,편혜영 외,"소설, ","한국소설, 한국소설일반, ",452,9.6,183.0
돌이킬 수 있는,문목하,"소설, 소설, 소설, 소설, ","한국소설, SF/과학소설, 한국소설, 미스터리/스릴러소설, 장르소설, SF/과학소설, 장르소설, 미스터리/스릴러소설, ",453,9.77,136.0
날씨가 좋으면 찾아가겠어요,이도우,"소설, ","한국소설, 한국소설일반, ",454,9.67,644.0
나무를 심은 사람,장 지오노,"소설, ","프랑스소설, 프랑스소설일반, ",455,9.79,73.0
세상에서 가장 약한 요괴,김동식,"소설, ","한국소설, 한국소설일반, ",456,9.4,31.0
연어,안도현,"소설, ","한국소설, 한국소설일반, ",457,9.24,142.0
너무 시끄러운 고독,보후밀 흐라발,"소설, ","그외유럽소설, 그외유럽소설, ",458,9.24,285.0
라플라스의 마녀,히가시노 게이고,"소설, 소설, ","일본소설, 미스터리/스릴러소설, 장르소설, 미스터리/스릴러소설, ",459,9.45,686.0
잃어버린 시간을 찾아서 세트,마르셀 프루스트,"소설, 소설, ","프랑스소설, 고전소설/문학선, 고전소설/문학선, 프랑스고전소설/문학선, ",460,9.72,49.0
냉정과 열정 사이(Rosso),에쿠니 가오리,"소설, ","일본소설, 일본소설일반, ",461,9.67,84.0
공중그네,오쿠다 히데오,"소설, ","일본소설, 일본소설일반, ",462,8.6,473.0
종이달,가쿠타 미츠요,"소설, ","일본소설, 일본소설일반, ",463,9.1,63.0
칼의 노래,김훈,"소설, 소설, ","한국소설, 역사/대하소설, 장르소설, 역사소설, ",161,9.6,280.0
나의 아름다운 정원,심윤경,"소설, ","한국소설, 한국소설일반, ",465,9.71,91.0
색채가 없는 다자키 쓰쿠루와 그가 순례를 떠난 해,무라카미 하루키,"소설, ","일본소설, 일본소설일반, ",466,9.07,171.0
타나토노트 1,베르나르 베르베르,"소설, 소설, 소설, 소설, ","프랑스소설, 미스터리/스릴러소설, 프랑스소설, SF/과학소설, 장르소설, SF/과학소설, 장르소설, 미스터리/스릴러소설, ",467,9.14,120.0
개미 1,베르나르 베르베르,"소설, ","프랑스소설, 프랑스소설일반, ",468,9.43,143.0
모방범 3,미야베 미유키,"소설, 소설, ","일본소설, 미스터리/스릴러소설, 장르소설, 미스터리/스릴러소설, ",469,9.72,52.0
변신,프란츠 카프카,"소설, 소설, ","독일소설, 고전소설/문학선, 고전소설/문학선, 독일고전소설/문학선, ",470,9.69,109.0
스푸트니크의 연인,무라카미 하루키,"소설, ","일본소설, 일본소설일반, ",471,9.12,24.0
바람의 노래를 들어라,무라카미 하루키,"소설, ","일본소설, 일본소설일반, ",472,8.93,99.0
네루다의 우편배달부,안토니오 스카르메타,"소설, 소설, 소설, ","기타나라소설, 중남미소설, 고전소설/문학선, 고전소설/문학선일반, 세계문학전집, 민음사 세계문학전집, ",473,9.41,87.0
다섯째 아이,도리스 레싱,"소설, 소설, 소설, ","영미소설, 고전소설/문학선, 고전소설/문학선, 영미고전소설/문학선, 세계문학전집, 민음사 세계문학전집, ",474,8.98,93.0
이반 데니소비치 수용소의 하루,알렉산드르 솔제니친,"소설, 소설, 소설, ","러시아소설, 고전소설/문학선, 고전소설/문학선, 러시아고전소설/문학선, 세계문학전집, 민음사 세계문학전집, ",475,9.69,158.0
"영웅왕, 극한의 무를 위해 전생하다 9",하야켄,"소설, 소설, ","일본소설, 라이트노벨, 라이트노벨, 일본라이트노벨, ",476,0.0,
너 나를 좋아하는 거 맞지? 일단 시험 삼아 사귀어 볼래? 1,노조미 코타,"소설, 소설, ","일본소설, 라이트노벨, 라이트노벨, 일본라이트노벨, ",477,10.0,1.0
난세의 영웅 1: 난세,이원호,"소설, ","한국소설, 한국소설일반, ",478,0.0,
난세의 영웅 2: 내란,이원호,"소설, ","한국소설, 한국소설일반, ",479,0.0,
이달의 장르소설 9,김호야 외,"소설, ","한국소설, 한국소설일반, ",480,0.0,
사일런트 위치 4,이소라 마츠리,"소설, 소설, ","일본소설, 라이트노벨, 라이트노벨, 일본라이트노벨, ",481,10.0,1.0
수속성의 마법사 3: 중앙 연방,쿠보 타다시,"소설, 소설, ","일본소설, 라이트노벨, 라이트노벨, 일본라이트노벨, ",482,0.0,
백야도,최정삼,"소설, ","한국소설, 한국소설일반, ",483,0.0,
1984(일러스트),조지 오웰,"소설, 소설, ","영미소설, 고전소설/문학선, 고전소설/문학선, 영미고전소설/문학선, ",484,0.0,
"세계 최고의 암살자, 이세계 귀족으로 전생하다 7",츠키요 루이,"소설, 소설, ","일본소설, 라이트노벨, 라이트노벨, 일본라이트노벨, ",485,10.0,1.0
데이지 존스 앤 더 식스,테일러 젠킨스 리드,"소설, ","영미소설, 영미소설일반, ",486,10.0,2.0
클라우드 쿠쿠 랜드(Cloud Cuckoo Land),앤서니 도어,"소설, 소설, ","영미소설, 판타지소설, 장르소설, 판타지소설, ",487,0.0,
토지 1-20권 세트,박경리,"소설, 소설, ","한국소설, 고전소설/문학선, 고전소설/문학선, 한국고전소설/문학선, ",488,10.0,1.0
데드맨,가와이 간지,"소설, 소설, ","일본소설, 미스터리/스릴러소설, 장르소설, 미스터리/스릴러소설, ",489,10.0,9.0
가족주의보,리사 주얼,"소설, 소설, ","영미소설, 미스터리/스릴러소설, 장르소설, 미스터리/스릴러소설, ",490,10.0,2.0
가위바위보,앨리스 피니,"소설, ","영미소설, 미스터리/스릴러소설, ",491,9.63,22.0
완벽한 케이크의 맛,김혜진,"소설, ","한국소설, 한국소설일반, ",492,0.0,
페퍼스 고스트,이사카 고타로,"소설, 소설, ","일본소설, 판타지소설, 장르소설, 판타지소설, ",493,9.93,33.0
따르는 사람들,마이크 오머,"소설, 소설, ","영미소설, 미스터리/스릴러소설, 장르소설, 미스터리/스릴러소설, ",494,9.6,23.0
크눌프(초판본)(리커버 한정판),헤르만 헤세,"소설, 소설, ","독일소설, 고전소설/문학선, 고전소설/문학선, 독일고전소설/문학선, ",495,0.0,
인간의 대지: 바람과 모래와 별들(1939년 오리지널 초판본 표지디자인),앙트안 드 생텍쥐페리,"소설, 소설, ","프랑스소설, 고전소설/문학선, 고전소설/문학선, 프랑스고전소설/문학선, ",496,0.0,
하늘이여 땅이여 2,김진명,"소설, ","한국소설, 한국소설일반, ",497,10.0,3.0
약속,데이먼 갤것,"소설, ","기타나라소설, 아프리카소설, ",498,10.0,14.0
딩,문진영,"소설, ","한국소설, 한국소설일반, ",499,10.0,7.0
디 아더 유(The Other You),J. S. 먼로,"소설, ","영미소설, 미스터리/스릴러소설, ",500,9.62,32.0
마음,나쓰메소세키,"소설, ","일본소설, 일본소설일반, ",401,9.81,166.0
여자 없는 남자들,무라카미 하루키,"소설, ","일본소설, 일본소설일반, ",402,9.26,144.0
박사가 사랑한 수식,오가와 요코,"소설, ","일본소설, 일본소설일반, ",403,9.63,72.0
야만적인 앨리스씨,황정은,"소설, ","한국소설, 한국소설일반, ",404,9.54,24.0
나는 고양이로소이다,나쓰메 소세키,"소설, 소설, ","일본소설, 고전소설/문학선, 고전소설/문학선, 일본고전소설/문학선, ",405,9.57,141.0
이상 소설 전집,권영민,"소설, 소설, 소설, ","한국소설, 고전소설/문학선, 고전소설/문학선, 한국고전소설/문학선, 세계문학전집, 민음사 세계문학전집, ",406,9.81,41.0
매스커레이드 호텔,히가시노 게이고,"소설, 소설, 소설, 소설, ","일본소설, 미스터리/스릴러소설, 일본소설, 드라마/영화소설, 장르소설, 미스터리/스릴러소설, 장르소설, 드라마/영화소설, ",407,9.47,261.0
유리알 유희 1,헤르만 헤세,"소설, 소설, 소설, ","독일소설, 고전소설/문학선, 고전소설/문학선, 독일고전소설/문학선, 세계문학전집, 민음사 세계문학전집, ",408,9.8,55.0
우리는 사랑일까,알랭 드 보통,"소설, ","영미소설, 영미소설일반, ",409,9.04,155.0
SF 명예의 전당 1: 전설의 밤,아이작 아시모프,"소설, 소설, ","영미소설, SF/과학소설, 장르소설, SF/과학소설, ",410,9.42,20.0
지하로부터의 수기,표도르 도스토예프스키,"소설, 소설, 소설, ","러시아소설, 고전소설/문학선, 고전소설/문학선, 러시아고전소설/문학선, 세계문학전집, 민음사 세계문학전집, ",411,9.53,58.0
욕망이라는 이름의 전차,테네시 윌리엄스,"소설, 소설, 소설, ","영미소설, 고전소설/문학선, 고전소설/문학선, 영미고전소설/문학선, 세계문학전집, 민음사 세계문학전집, ",412,9.67,41.0
죽은 시인의 사회,N.H.클라인바움,"소설, 소설, 소설, ","영미소설, 영미소설일반, 영미소설, 드라마/영화소설, 장르소설, 드라마/영화소설, ",413,9.58,220.0
나르치스와 골드문트,헤르만 헤세,"소설, 소설, 소설, ","독일소설, 고전소설/문학선, 고전소설/문학선, 독일고전소설/문학선, 세계문학전집, 민음사 세계문학전집, ",414,9.56,80.0
모래의 여자,아베 코보,"소설, 소설, 소설, ","일본소설, 고전소설/문학선, 고전소설/문학선, 일본고전소설/문학선, 세계문학전집, 민음사 세계문학전집, ",415,9.32,69.0
1그램의 무게,임제훈,"소설, ","한국소설, 한국소설일반, ",416,10.0,1.0
개의 설계사,단요,"소설, 소설, ","한국소설, SF/과학소설, 장르소설, SF/과학소설, ",417,0.0,
더 게임,김인숙,"소설, 소설, ","한국소설, 미스터리/스릴러소설, 장르소설, 미스터리/스릴러소설, ",418,0.0,
베르나르 베르베르 한국어판 30주년 기념 특별판 세트,베르나르 베르베르,"소설, ","프랑스소설, 프랑스소설일반, ",419,10.0,1.0
종이 여자,기욤 뮈소,"소설, ","프랑스소설, 프랑스소설일반, ",420,10.0,15.0
하늘이여 땅이여 1,김진명,"소설, ","한국소설, 한국소설일반, ",421,10.0,10.0
노인과 바다: 1952년 오리지널 초판본 표지디자인,어니스트 헤밍웨이,"소설, 소설, ","영미소설, 고전소설/문학선, 고전소설/문학선, 영미고전소설/문학선, ",422,10.0,8.0
수확자 Scythe,닐 셔스터먼,"소설, 소설, ","영미소설, SF/과학소설, 장르소설, SF/과학소설, ",423,9.38,11.0
화이트 러시,히가시노 게이고,"소설, 소설, ","일본소설, 미스터리/스릴러소설, 장르소설, 미스터리/스릴러소설, ",424,9.56,76.0
전지적 독자 시점 PART 2: 1,싱숑,"소설, 소설, ","한국소설, 판타지소설, 장르소설, 판타지소설, ",425,10.0,20.0
쿼런틴,그렉 이건,"소설, 소설, ","영미소설, SF/과학소설, 장르소설, SF/과학소설, ",426,9.85,70.0
데뷔 못 하면 죽는 병 걸림 1부 초판 한정 굿즈박스 세트,백덕수,"소설, 소설, ","한국소설, 판타지소설, 장르소설, 판타지소설, ",427,9.79,50.0
이상한 집,우케쓰,"소설, 소설, ","일본소설, 미스터리/스릴러소설, 장르소설, 미스터리/스릴러소설, ",428,9.41,64.0
존재의 세 가지 거짓말,아고타 크리스토프,"소설, ","프랑스소설, 프랑스소설일반, ",429,9.46,34.0
어린 왕자(Le Petit Prince)(교보문고 특별판),앙투안 드 생텍쥐페리,"소설, 소설, ","프랑스소설, 고전소설/문학선, 고전소설/문학선, 프랑스고전소설/문학선, ",430,9.76,54.0
아노말리,에르베 르 텔리에,"소설, ","프랑스소설, 프랑스소설일반, ",431,9.76,60.0
도리언 그레이의 초상 1890,오스카 와일드,"소설, 소설, ","영미소설, 고전소설/문학선, 고전소설/문학선, 영미고전소설/문학선, ",432,9.77,18.0
집착,아니 에르노,"소설, ","프랑스소설, 프랑스소설일반, ",433,9.4,13.0
삼체 1: 삼체문제,류츠신,"소설, 소설, ","중국소설, SF/과학소설, 장르소설, SF/과학소설, ",434,10.0,2.0
전지적 독자 시점 PART 1: 8,싱숑,"소설, 소설, 소설, 소설, ","한국소설, 판타지소설, 한국소설, 웹소설, 장르소설, 판타지소설, 장르소설, 웹소설, ",435,9.76,40.0
전지적 독자 시점 PART 1: 1,싱숑,"소설, 소설, 소설, 소설, ","한국소설, 판타지소설, 한국소설, 웹소설, 장르소설, 판타지소설, 장르소설, 웹소설, ",436,9.76,53.0
허상의 어릿광대,히가시노 게이고,"소설, 소설, ","일본소설, 미스터리/스릴러소설, 장르소설, 미스터리/스릴러소설, ",437,9.72,179.0
재능의 불시착,박소연,"소설, ","한국소설, 한국소설일반, ",438,9.81,45.0
달까지 가자,장류진,"소설, ","한국소설, 한국소설일반, ",439,9.32,263.0
클라라와 태양,가즈오 이시구로,"소설, ","영미소설, 영미소설일반, ",440,9.67,205.0
사람은 무엇으로 사는가(러시아 원전 번역본),레프 톨스토이,"소설, 소설, ","러시아소설, 고전소설/문학선, 고전소설/문학선, 러시아고전소설/문학선, ",441,9.68,138.0
해리 포터와 마법사의 돌(미나리마 에디션),J. K. 롤링,"소설, 소설, 소설, 소설, ","영미소설, 판타지소설, 영미소설, 드라마/영화소설, 장르소설, 판타지소설, 장르소설, 드라마/영화소설, ",442,9.76,97.0
마음을 읽는 아이 오로르,더글라스 케네디,"소설, ","영미소설, 영미소설일반, ",443,9.81,290.0
해리 포터와 혼혈왕자 2(해리포터 20주년 개정판),J. K. 롤링,"소설, 소설, 소설, 소설, ","영미소설, 판타지소설, 영미소설, 드라마/영화소설, 장르소설, 판타지소설, 장르소설, 드라마/영화소설, ",444,9.86,79.0
콜 미 바이 유어 네임,안드레 애치먼,"소설, 소설, 소설, ","영미소설, 영미소설일반, 영미소설, 드라마/영화소설, 장르소설, 드라마/영화소설, ",445,9.28,78.0
해리 포터 시리즈 1~4권 세트(해리포터 20주년 개정판),J. K. 롤링,"소설, 소설, 소설, 소설, ","영미소설, 판타지소설, 영미소설, 드라마/영화소설, 장르소설, 판타지소설, 장르소설, 드라마/영화소설, ",446,9.49,269.0
해리 포터와 불의 잔 2(해리포터 20주년 개정판),J. K. 롤링,"소설, 소설, 소설, 소설, ","영미소설, 판타지소설, 영미소설, 드라마/영화소설, 장르소설, 판타지소설, 장르소설, 드라마/영화소설, ",447,9.89,100.0
해리 포터와 불의 잔 3(해리포터 20주년 개정판),J. K. 롤링,"소설, 소설, 소설, 소설, ","영미소설, 판타지소설, 영미소설, 드라마/영화소설, 장르소설, 판타지소설, 장르소설, 드라마/영화소설, ",448,9.88,88.0
대도시의 사랑법,박상영,"소설, ","한국소설, 한국소설일반, ",270,8.88,32.0
고래,천명관,"소설, ","한국소설, 한국소설일반, ",36,9.39,339.0
나무,베르나르 베르베르,"소설, ","프랑스소설, 프랑스소설일반, ",353,9.2,158.0
서부 전선 이상 없다,에리히 마리아 레마르크,"소설, 소설, 소설, ","독일소설, 고전소설/문학선, 고전소설/문학선, 독일고전소설/문학선, 세계문학전집, 열린책들 세계문학, ",354,9.49,57.0
해변의 카프카(하),무라카미 하루키,"소설, ","일본소설, 일본소설일반, ",355,9.5,64.0
파리대왕,윌리엄 골딩,"소설, 소설, 소설, ","영미소설, 고전소설/문학선, 고전소설/문학선, 영미고전소설/문학선, 세계문학전집, 문예 세계문학선, ",85,9.24,39.0
농담,밀란 쿤데라,"소설, 소설, 소설, ","그외유럽소설, 그외유럽소설, 고전소설/문학선, 고전소설/문학선일반, 세계문학전집, 민음사 세계문학전집, ",357,9.5,134.0
"플라이, 대디, 플라이",가네시로 가즈키,"소설, ","일본소설, 일본소설일반, ",358,10.0,1.0
나는 두 번째 여친이라도 괜찮아 1,니시 죠요,"소설, 소설, ","일본소설, 라이트노벨, 라이트노벨, 일본라이트노벨, ",359,10.0,1.0
아가씨 돌보기 3,사카이시 유사쿠,"소설, 소설, ","일본소설, 라이트노벨, 라이트노벨, 일본라이트노벨, ",360,10.0,1.0
빨치산의 딸 2,정지아,"소설, ","한국소설, 한국소설일반, ",361,0.0,
더 케이지,보니 키스틀러,"소설, 소설, ","영미소설, 미스터리/스릴러소설, 장르소설, 미스터리/스릴러소설, ",362,10.0,21.0
에리스의 성배 3,토키와 쿠지라,"소설, 소설, ","일본소설, 라이트노벨, 라이트노벨, 일본라이트노벨, ",363,8.75,2.0
보이드 씨의 기묘한 저택,하지은,"소설, ","한국소설, 한국소설일반, ",364,10.0,1.0
구들 밑에 일군 밭,한미선,"소설, ","한국소설, 한국소설일반, ",365,0.0,
마이크로스파이 앙상블,이사카 고타로,"소설, ","일본소설, 일본소설일반, ",366,10.0,4.0
마음 편해지고 싶은 사람들을 위한 워크숍,정혜윤,"소설, ","한국소설, 한국소설일반, ",368,10.0,1.0
그 여성향 게임은 우리에게 가혹한 세계입니다 1,미시마 요무,"소설, 소설, ","일본소설, 라이트노벨, 라이트노벨, 일본라이트노벨, ",369,10.0,5.0
보이 프럼 더 우즈,할런 코벤,"소설, 소설, ","영미소설, 미스터리/스릴러소설, 장르소설, 미스터리/스릴러소설, ",370,10.0,8.0
셰익스피어 4대 비극(초호화 금장 에디션),윌리엄 셰익스피어,"소설, 소설, ","영미소설, 고전소설/문학선, 고전소설/문학선, 영미고전소설/문학선, ",371,0.0,
모양새,최미래,"소설, ","한국소설, 한국소설일반, ",372,10.0,1.0
등대,미야모토 테루,"소설, ","일본소설, 일본소설일반, ",373,10.0,11.0
광개토태왕 담덕 6: 상업의 길,엄광용,"소설, 소설, ","한국소설, 역사/대하소설, 장르소설, 역사소설, ",374,10.0,7.0
가여운 것들,앨러스데어 그레이,"소설, 소설, 소설, ","영미소설, 영미소설일반, 영미소설, 드라마/영화소설, 장르소설, 드라마/영화소설, ",375,9.72,13.0
거울 속 외딴 성(영화 특별판),츠지무라 미즈키,"소설, 소설, 소설, 소설, 소설, ","일본소설, 일본소설일반, 일본소설, 미스터리/스릴러소설, 일본소설, 드라마/영화소설, 장르소설, 미스터리/스릴러소설, 장르소설, 드라마/영화소설, ",376,10.0,26.0
하우스메이드,프리다 맥파든,"소설, ","영미소설, 미스터리/스릴러소설, ",377,9.75,32.0
나의 마지막 엄마,아사다 지로,"소설, ","일본소설, 일본소설일반, ",378,9.85,25.0
속죄,이언 매큐언,"소설, ","영미소설, 영미소설일반, ",379,10.0,9.0
신들은 죽임당하지 않을 것이다,켄 리우,"소설, 소설, ","영미소설, SF/과학소설, 장르소설, SF/과학소설, ",380,10.0,18.0
나의 아름다운 날들,정지아,"소설, ","한국소설, 한국소설일반, ",381,10.0,31.0
러브 몬스터,이두온,"소설, ","한국소설, 한국소설일반, ",382,9.52,39.0
천 개의 찬란한 태양,할레드 호세이니,"소설, ","영미소설, 영미소설일반, ",383,9.9,18.0
제노사이드,다카노 가즈아키,"소설, 소설, ","일본소설, 판타지소설, 장르소설, 판타지소설, ",384,9.62,172.0
듄 1(DUNE),프랭크 허버트,"소설, 소설, 소설, 소설, ","영미소설, SF/과학소설, 영미소설, 드라마/영화소설, 장르소설, SF/과학소설, 장르소설, 드라마/영화소설, ",385,9.64,165.0
시지프 신화,알베르 카뮈,"소설, 소설, 소설, ","프랑스소설, 고전소설/문학선, 고전소설/문학선, 프랑스고전소설/문학선, 세계문학전집, 민음사 세계문학전집, ",88,9.57,178.0
어떤 물질의 사랑,천선란,"소설, 소설, ","한국소설, SF/과학소설, 장르소설, SF/과학소설, ",387,9.84,48.0
세계의 끝과 하드보일드 원더랜드 1,무라카미 하루키,"소설, ","일본소설, 일본소설일반, ",388,9.82,33.0
해리 포터와 혼혈왕자 1(해리포터 20주년 개정판),J. K. 롤링,"소설, 소설, 소설, 소설, ","영미소설, 판타지소설, 영미소설, 드라마/영화소설, 장르소설, 판타지소설, 장르소설, 드라마/영화소설, ",389,9.87,77.0
해리 포터와 아즈카반의 죄수(해리포터 20주년 개정판),J. K. 롤링,"소설, 소설, 소설, 소설, ","영미소설, 판타지소설, 영미소설, 드라마/영화소설, 장르소설, 판타지소설, 장르소설, 드라마/영화소설, ",390,9.95,97.0
해리 포터와 아즈카반의 죄수 1(해리포터 20주년 개정판),J. K. 롤링,"소설, 소설, 소설, 소설, ","영미소설, 판타지소설, 영미소설, 드라마/영화소설, 장르소설, 판타지소설, 장르소설, 드라마/영화소설, ",391,9.68,122.0
해리 포터와 아즈카반의 죄수 2(해리포터 20주년 개정판),J. K. 롤링,"소설, 소설, 소설, 소설, ","영미소설, 판타지소설, 영미소설, 드라마/영화소설, 장르소설, 판타지소설, 장르소설, 드라마/영화소설, ",392,9.8,115.0
남은 인생 10년,코사카 루카,"소설, 소설, ","일본소설, 라이트노벨, 라이트노벨, 일본라이트노벨, ",393,9.58,5.0
파우스트 1(Faust),요한 볼프강 폰 괴테,"소설, 소설, ","독일소설, 고전소설/문학선, 고전소설/문학선, 독일고전소설/문학선, ",394,10.0,11.0
종이 동물원,켄 리우,"소설, 소설, ","영미소설, SF/과학소설, 장르소설, SF/과학소설, ",395,9.67,148.0
흰,한강,"소설, ","한국소설, 한국소설일반, ",396,9.36,161.0
친밀한 이방인,정한아,"소설, ","한국소설, 한국소설일반, ",398,9.68,187.0
남한산성,김훈,"소설, 소설, 소설, 소설, ","한국소설, 역사/대하소설, 한국소설, 드라마/영화소설, 장르소설, 역사소설, 장르소설, 드라마/영화소설, ",399,9.59,185.0
초속 5센티미터,신카이 마코토,"소설, 소설, ","일본소설, 라이트노벨, 라이트노벨, 일본라이트노벨, ",400,9.71,84.0
새의 선물,은희경,"소설, ","한국소설, 한국소설일반, ",251,9.88,30.0
나는 나를 파괴할 권리가 있다,김영하,"소설, ","한국소설, 한국소설일반, ",252,9.85,21.0
방금 떠나온 세계,김초엽,"소설, 소설, ","한국소설, SF/과학소설, 장르소설, SF/과학소설, ",253,9.66,226.0
단순한 진심,조해진,"소설, ","한국소설, 한국소설일반, ",254,9.56,71.0
숨,테드 창,"소설, 소설, ","영미소설, SF/과학소설, 장르소설, SF/과학소설, ",255,9.46,391.0
낭만적 연애와 그 후의 일상,알랭 드 보통,"소설, ","영미소설, 영미소설일반, ",256,9.05,486.0
픽션들,호르헤 루이스 보르헤스,"소설, 소설, 소설, ","기타나라소설, 중남미소설, 고전소설/문학선, 고전소설/문학선일반, 세계문학전집, 민음사 세계문학전집, ",257,9.48,67.0
상실의 시대(원제: 노르웨이의 숲),무라카미 하루키,"소설, ","일본소설, 일본소설일반, ",258,8.96,431.0
위대한 개츠비,F. 스콧 피츠제럴드,"소설, 소설, 소설, ","영미소설, 고전소설/문학선, 고전소설/문학선, 영미고전소설/문학선, 세계문학전집, 민음사 세계문학전집, ",284,9.42,317.0
카타리나 블룸의 잃어버린 명예,하인리히 뵐,"소설, 소설, 소설, ","독일소설, 고전소설/문학선, 고전소설/문학선, 독일고전소설/문학선, 세계문학전집, 민음사 세계문학전집, ",260,9.54,141.0
반에서 가장 싫어하는 여자애와 결혼하게 되었다 6,아마노 세이주,"소설, 소설, ","일본소설, 라이트노벨, 라이트노벨, 일본라이트노벨, ",261,10.0,4.0
1Q84 1,무라카미 하루키,"소설, ","일본소설, 일본소설일반, ",262,10.0,2.0
도서부 종이접기 클럽,이종산,"소설, ","한국소설, 한국소설일반, ",263,10.0,11.0
하야부사 소방단,이케이도 준,"소설, 소설, ","일본소설, 미스터리/스릴러소설, 장르소설, 미스터리/스릴러소설, ",264,9.56,53.0
어린 왕자: 1943년 오리지널 초판본 표지디자인,앙투안 생텍쥐페리,"소설, 소설, ","프랑스소설, 고전소설/문학선, 고전소설/문학선, 프랑스고전소설/문학선, ",265,10.0,4.0
자살,에두아르 르베,"소설, ","프랑스소설, 프랑스소설일반, ",266,10.0,12.0
방주,유키 하루오,"소설, 소설, ","일본소설, 미스터리/스릴러소설, 장르소설, 미스터리/스릴러소설, ",267,9.01,138.0
댄스 댄스 댄스(하),무라카미 하루키,"소설, ","일본소설, 일본소설일반, ",268,9.17,9.0
댄스 댄스 댄스(상),무라카미 하루키,"소설, ","일본소설, 일본소설일반, ",269,10.0,9.0
녹나무의 파수꾼,히가시노 게이고,"소설, ","일본소설, 일본소설일반, ",272,9.52,587.0
금각사,미시마 유키오,"소설, ","일본소설, 일본소설일반, ",273,9.51,101.0
동급생,프레드 울만,"소설, ","독일소설, 독일소설일반, ",274,9.66,200.0
제5도살장,커트 보니것,"소설, 소설, 소설, ","영미소설, 고전소설/문학선, 고전소설/문학선, 영미고전소설/문학선, 세계문학전집, 문학동네 세계문학전집, ",275,9.53,148.0
데미안: 오리지널 초판본 표지디자인,이미영,"소설, ","독일소설, 독일소설일반, ",276,9.4,71.0
수레바퀴 아래서: 오리지널 초판본 표지디자인,김선형,"소설, ","독일소설, 독일소설일반, ",277,10.0,46.0
사람은 무엇으로 사는가,톨스토이,"소설, 소설, 소설, ","러시아소설, 고전소설/문학선, 고전소설/문학선, 러시아고전소설/문학선, 세계문학전집, 문예 세계문학선, ",278,9.67,126.0
애크로이드 살인 사건,애거서 크리스티,"소설, 소설, ","영미소설, 미스터리/스릴러소설, 장르소설, 미스터리/스릴러소설, ",279,9.81,30.0
안드로이드는 전기양의 꿈을 꾸는가,필립 K. 딕,"소설, 소설, ","영미소설, SF/과학소설, 장르소설, SF/과학소설, ",280,9.48,55.0
롤리타,블라디미르 나보코프,"소설, 소설, 소설, ","러시아소설, 고전소설/문학선, 고전소설/문학선, 러시아고전소설/문학선, 세계문학전집, 문학동네 세계문학전집, ",281,9.36,112.0
고도를 기다리며,사뮈엘 베케트,"소설, 소설, 소설, ","프랑스소설, 고전소설/문학선, 고전소설/문학선, 프랑스고전소설/문학선, 세계문학전집, 민음사 세계문학전집, ",282,9.48,191.0
세일즈맨의 죽음,아서 밀러,"소설, 소설, 소설, ","영미소설, 고전소설/문학선, 고전소설/문학선, 영미고전소설/문학선, 세계문학전집, 민음사 세계문학전집, ",283,9.54,69.0
리어 왕,윌리엄 셰익스피어,"소설, 소설, 소설, ","영미소설, 고전소설/문학선, 고전소설/문학선, 영미고전소설/문학선, 세계문학전집, 민음사 세계문학전집, ",285,9.55,33.0
맥베스,윌리엄 셰익스피어,"소설, 소설, 소설, ","영미소설, 고전소설/문학선, 고전소설/문학선, 영미고전소설/문학선, 세계문학전집, 민음사 세계문학전집, ",286,9.38,59.0
황야의 이리,헤르만 헤세,"소설, 소설, 소설, ","독일소설, 고전소설/문학선, 고전소설/문학선, 독일고전소설/문학선, 세계문학전집, 민음사 세계문학전집, ",287,9.46,63.0
달의 바다,정한아,"소설, ","한국소설, 한국소설일반, ",288,0.0,
귀멸의 칼날 노벨라이즈 2,Gotouge Koyoharu,"소설, 소설, ","일본소설, 판타지소설, 장르소설, 판타지소설, ",289,10.0,1.0
우주를 듣는 소년,루스 오제키,"소설, ","영미소설, 영미소설일반, ",290,10.0,27.0
SF보다 Vol 1 얼음,곽재식 외,"소설, 소설, ","한국소설, SF/과학소설, 장르소설, SF/과학소설, ",291,9.85,47.0
"땅거미 질 때 샌디에이고에서 로스앤젤레스로 운전하며 소형 디지털 녹음기에 구술한, 막연히 LA/운전 시들이라고 생각하는 작품들의 모음",정지돈,"소설, ","한국소설, 한국소설일반, ",292,9.61,14.0
파쇄,구병모,"소설, ","한국소설, 한국소설일반, ",293,9.71,42.0
1980년 5월 24일,조성기,"소설, ","한국소설, 한국소설일반, ",294,10.0,7.0
백야행 1,히가시노 게이고,"소설, 소설, ","일본소설, 미스터리/스릴러소설, 장르소설, 미스터리/스릴러소설, ",295,9.62,209.0
신곡(La Divina Commedia)(귀스타브 도레 삽화 수록본),단테 알리기에리,"소설, 소설, ","그외유럽소설, 이탈리아소설, 고전소설/문학선, 고전소설/문학선일반, ",296,9.83,45.0
백조와 박쥐,히가시노 게이고,"소설, 소설, ","일본소설, 미스터리/스릴러소설, 장르소설, 미스터리/스릴러소설, ",297,9.67,321.0
남아 있는 나날,가즈오 이시구로,"소설, 소설, ","일본소설, 일본소설일반, 세계문학전집, 민음사 세계문학전집, ",298,9.84,17.0
마션(스폐셜 에디션),앤디 위어,"소설, 소설, 소설, 소설, ","영미소설, SF/과학소설, 영미소설, 드라마/영화소설, 장르소설, SF/과학소설, 장르소설, 드라마/영화소설, ",299,9.91,33.0
구토,장 폴 사르트르,"소설, 소설, ","프랑스소설, 고전소설/문학선, 고전소설/문학선, 프랑스고전소설/문학선, ",300,9.49,45.0
카라마조프 가의 형제들 세트,표도로 도스토예프스키,"소설, 소설, 소설, ","러시아소설, 고전소설/문학선, 고전소설/문학선, 러시아고전소설/문학선, 세계문학전집, 민음사 세계문학전집, ",201,9.65,210.0
나의 라임 오렌지나무,J. M. 바스콘셀로스,"소설, 소설, ","기타나라소설, 중남미소설, 고전소설/문학선, 고전소설/문학선일반, ",202,9.75,318.0
파우스트 1,요한 볼프강 폰 괴테,"소설, 소설, 소설, ","독일소설, 고전소설/문학선, 고전소설/문학선, 독일고전소설/문학선, 세계문학전집, 민음사 세계문학전집, ",203,9.6,131.0
그리고 아무도 없었다,애거서 크리스티,"소설, 소설, ","영미소설, 미스터리/스릴러소설, 장르소설, 미스터리/스릴러소설, ",204,9.38,212.0
난장이가 쏘아올린 작은 공,조세희,"소설, 소설, ","한국소설, 고전소설/문학선, 고전소설/문학선, 한국고전소설/문학선, ",205,9.43,392.0
파우스트 2,요한 볼프강 폰 괴테,"소설, 소설, 소설, ","독일소설, 고전소설/문학선, 고전소설/문학선, 독일고전소설/문학선, 세계문학전집, 민음사 세계문학전집, ",206,9.5,89.0
젊은 베르테르의 슬픔,요한 볼프강 폰 괴테,"소설, 소설, 소설, ","독일소설, 고전소설/문학선, 고전소설/문학선, 독일고전소설/문학선, 세계문학전집, 민음사 세계문학전집, ",207,9.44,217.0
죽거나 죽이거나,허철웅,"소설, ","한국소설, 한국소설일반, ",208,10.0,5.0
달이 이끄는 이세계 여행 13,아즈미 케이,"소설, 소설, ","일본소설, 라이트노벨, 라이트노벨, 일본라이트노벨, ",209,10.0,1.0
#진상을 말씀드립니다,유키 신이치로,"소설, 소설, ","일본소설, 미스터리/스릴러소설, 장르소설, 미스터리/스릴러소설, ",210,8.68,14.0
2023 제10회 교보문고 스토리공모전 단편 수상작품집,이승훈 외,"소설, 교보오리지널, ","한국소설, 한국소설일반, 스토리공모전, 수상작 소설, ",211,9.76,31.0
위저드 베이커리,구병모,"소설, ","한국소설, 한국소설일반, ",212,9.78,127.0
이만큼 가까이,정세랑,"소설, ","한국소설, 한국소설일반, ",213,10.0,32.0
해리 포터와 비밀의 방 1(해리포터 20주년 개정판),J. K. 롤링,"소설, 소설, 소설, 소설, ","영미소설, 판타지소설, 영미소설, 드라마/영화소설, 장르소설, 판타지소설, 장르소설, 드라마/영화소설, ",214,9.84,155.0
일의 기쁨과 슬픔,장류진,"소설, ","한국소설, 한국소설일반, ",215,9.34,527.0
사랑의 이해,이혁진,"소설, ","한국소설, 한국소설일반, ",216,9.21,108.0
7년의 밤,정유정,"소설, 소설, ","한국소설, 미스터리/스릴러소설, 장르소설, 미스터리/스릴러소설, ",217,9.35,961.0
페스트,알베르 카뮈,"소설, 소설, 소설, ","프랑스소설, 고전소설/문학선, 고전소설/문학선, 프랑스고전소설/문학선, 세계문학전집, 민음사 세계문학전집, ",218,9.5,649.0
변신 시골의사,프란츠 카프카,"소설, 소설, 소설, ","독일소설, 고전소설/문학선, 고전소설/문학선, 독일고전소설/문학선, 세계문학전집, 민음사 세계문학전집, ",220,9.28,172.0
햄릿,셰익스피어,"소설, 소설, 소설, ","영미소설, 고전소설/문학선, 고전소설/문학선, 영미고전소설/문학선, 세계문학전집, 민음사 세계문학전집, ",221,9.29,136.0
인생,위화,"소설, ","중국소설, 중국소설일반, ",222,9.53,154.0
용왕이 하는 일! 16(화집 부속 특별판),시라토리 시로,"소설, 소설, ","일본소설, 라이트노벨, 라이트노벨, 일본라이트노벨, ",223,10.0,1.0
패밀리 트리,오가와 이토,"소설, ","일본소설, 일본소설일반, ",224,8.33,2.0
밤 소나기,향기바람이,,,225,10.0,3.0
바캉스 소설,김사과,"소설, ","한국소설, 한국소설일반, ",226,0.0,
서른의 반격(2023 서울국제도서전 특별판),손원평,"소설, ","한국소설, 한국소설일반, ",227,0.0,
경청,김혜진,"소설, ","한국소설, 한국소설일반, ",229,9.2,21.0
"당신, 거기 있어 줄래요?",기욤 뮈소,"소설, 소설, 소설, ","프랑스소설, 프랑스소설일반, 프랑스소설, 드라마/영화소설, 장르소설, 드라마/영화소설, ",230,9.58,32.0
아홉수 가위,범유진,"소설, ","한국소설, 한국소설일반, ",231,9.92,44.0
내가 되는 꿈,최진영,"소설, ","한국소설, 한국소설일반, ",232,10.0,60.0
해리 포터와 비밀의 방 2(해리포터 20주년 개정판),J. K. 롤링,"소설, 소설, 소설, 소설, ","영미소설, 판타지소설, 영미소설, 드라마/영화소설, 장르소설, 판타지소설, 장르소설, 드라마/영화소설, ",233,9.86,160.0
순이 삼촌,현기영,"소설, ","한국소설, 한국소설일반, ",234,9.76,115.0
가면산장 살인사건,히가시노 게이고,"소설, 소설, ","일본소설, 미스터리/스릴러소설, 장르소설, 미스터리/스릴러소설, ",235,9.38,941.0
천년의 사랑,양귀자,"소설, ","한국소설, 한국소설일반, ",236,9.88,24.0
누군가 내 몸에 빙의했다 세트,신솔라,"소설, 소설, ","한국소설, 판타지소설, 장르소설, 판타지소설, ",238,0.0,
"괴이, 학원",배명은 외,"소설, 소설, ","한국소설, 공포/호러소설, 장르소설, 공포/호러소설, ",239,0.0,
친구 여동생이 나한테만 짜증나게 군다 8,미카와 고스트,"소설, 소설, ","일본소설, 라이트노벨, 라이트노벨, 일본라이트노벨, ",240,10.0,8.0
학전도시 애스터리스크 17,Yu Miyazaki,"소설, 소설, ","일본소설, 라이트노벨, 라이트노벨, 일본라이트노벨, ",241,10.0,1.0
정치인,정진영,"소설, ","한국소설, 한국소설일반, ",242,10.0,4.0
던전에서 만남을 추구하면 안 되는 걸까 18,오모리 후지노,"소설, 소설, ","일본소설, 라이트노벨, 라이트노벨, 일본라이트노벨, ",243,10.0,6.0
청춘 돼지는 마이 스튜던트의 꿈을 꾸지 않는다 12,카모시다 하지메,"소설, 소설, ","일본소설, 라이트노벨, 라이트노벨, 일본라이트노벨, ",244,10.0,17.0
취미는 사생활,장진영,"소설, ","한국소설, 한국소설일반, ",245,10.0,7.0
13.67,찬호께이,"소설, 소설, ","중국소설, 미스터리/스릴러소설, 장르소설, 미스터리/스릴러소설, ",246,10.0,8.0
급류,정대건,"소설, ","한국소설, 한국소설일반, ",247,9.83,17.0
달팽이 식당,오가와 이토,"소설, ","일본소설, 일본소설일반, ",248,9.56,83.0
랑과 나의 사막,천선란,"소설, ","한국소설, 한국소설일반, ",249,9.91,82.0
"여기는 커스터드, 특별한 도시락을 팝니다",가토 겐,"소설, ","일본소설, 일본소설일반, ",250,9.53,111.0
1984,조지 오웰,"소설, 소설, 소설, ","영미소설, 고전소설/문학선, 고전소설/문학선, 영미고전소설/문학선, 세계문학전집, 민음사 세계문학전집, ",104,9.64,564.0
블랙 쇼맨과 이름 없는 마을의 살인,히가시노 게이고,"소설, 소설, ","일본소설, 미스터리/스릴러소설, 장르소설, 미스터리/스릴러소설, ",152,9.31,293.0
연금술사,파울로 코엘료,"소설, ","기타나라소설, 중남미소설, ",147,0.0,
헌신자,비엣 타인 응우옌,"소설, ","영미소설, 미스터리/스릴러소설, ",154,0.0,
눈물을 마시는 새 출판 20주년 일러스트 특별 한정판 세트,이영도,"소설, 소설, ","한국소설, 판타지소설, 장르소설, 판타지소설, ",155,10.0,14.0
2023 제6회 한국과학문학상 수상작품집,한이솔 외,"소설, 소설, ","한국소설, SF/과학소설, 장르소설, SF/과학소설, ",156,9.53,35.0
알래스카 한의원,이소영,"소설, ","한국소설, 한국소설일반, ",157,9.74,38.0
디 에센셜: 알베르 카뮈(교보문고 특별판),알베르 카뮈,"소설, 소설, ","프랑스소설, 고전소설/문학선, 고전소설/문학선, 프랑스고전소설/문학선, ",158,9.72,372.0
안젤리크,기욤 뮈소,"소설, ","프랑스소설, 프랑스소설일반, ",159,9.5,604.0
원청,위화,"소설, ","중국소설, 중국소설일반, ",160,9.75,114.0
그리스인 조르바,니코스 카잔차키스,"소설, 소설, 소설, ","그외유럽소설, 그외유럽소설, 고전소설/문학선, 고전소설/문학선일반, 세계문학전집, 열린책들 세계문학, ",162,9.57,356.0
설국,가와바타 야스나리,"소설, 소설, 소설, ","일본소설, 고전소설/문학선, 고전소설/문학선, 일본고전소설/문학선, 세계문학전집, 민음사 세계문학전집, ",163,9.16,324.0
"내가 연인이 될 수 있을 리 없잖아, 무리무리!(※무리가 아니었다?!) 5",미카미 테렌,"소설, 소설, ","일본소설, 라이트노벨, 라이트노벨, 일본라이트노벨, ",164,0.0,
종의 기원담,김보영,"소설, 소설, ","한국소설, SF/과학소설, 장르소설, SF/과학소설, ",165,0.0,
범도 2: 봉오동의 그들,방현석,"소설, 소설, ","한국소설, 역사/대하소설, 장르소설, 역사소설, ",166,10.0,2.0
나와 너의 365일,유이하,"소설, 소설, ","일본소설, 로맨스소설, 장르소설, 로맨스소설, ",167,10.0,24.0
디 에센셜: 장미의 이름(완전판),움베르토 에코,"소설, ","그외유럽소설, 이탈리아소설, ",168,9.72,538.0
가녀장의 시대,이슬아,"소설, ","한국소설, 한국소설일반, ",169,9.63,158.0
작은 땅의 야수들,김주혜,"소설, ","영미소설, 영미소설일반, ",170,9.59,805.0
"오늘 밤, 세계에서 이 눈물이 사라진다 해도",이치조 미사키,"소설, ","일본소설, 일본소설일반, ",171,9.7,250.0
작별하지 않는다,한강,"소설, ","한국소설, 한국소설일반, ",172,9.42,303.0
심판,베르나르 베르베르,"소설, 예술/대중문화, ","프랑스소설, 프랑스소설일반, 연극, 국외희곡작품, ",173,8.88,348.0
살인자의 기억법,김영하,"소설, 소설, 소설, ","한국소설, 한국소설일반, 한국소설, 드라마/영화소설, 장르소설, 드라마/영화소설, ",174,9.83,88.0
모스크바의 신사,에이모 토울스,"소설, 소설, 소설, ","영미소설, 영미소설일반, 영미소설, 드라마/영화소설, 장르소설, 드라마/영화소설, ",175,9.44,513.0
망원동 브라더스,김호연,"소설, ","한국소설, 한국소설일반, ",176,9.7,176.0
오만과 편견,제인 오스틴,"소설, 소설, 소설, ","영미소설, 고전소설/문학선, 고전소설/문학선, 영미고전소설/문학선, 세계문학전집, 민음사 세계문학전집, ",177,9.41,449.0
달과 6펜스,서머싯 몸,"소설, 소설, 소설, ","영미소설, 고전소설/문학선, 고전소설/문학선, 영미고전소설/문학선, 세계문학전집, 민음사 세계문학전집, ",178,9.64,373.0
데이트 어 라이브 어나더 루트,타치바나 코우시 외,"소설, 소설, ","일본소설, 라이트노벨, 라이트노벨, 일본라이트노벨, ",179,10.0,5.0
86 에이티식스 9,아사토 아사토,"소설, 소설, ","일본소설, 라이트노벨, 라이트노벨, 일본라이트노벨, ",180,10.0,12.0
오베라는 남자,프레드릭 배크만,"소설, 소설, ","북유럽소설, 북유럽소설일반, 장르소설, 드라마/영화소설, ",181,9.39,646.0
미키 7,에드워드 애슈턴,"소설, 소설, ","영미소설, SF/과학소설, 장르소설, SF/과학소설, ",182,9.65,63.0
그 남자네 집,박완서,"소설, ","한국소설, 한국소설일반, ",183,9.68,19.0
당신 인생의 이야기,테드 창,"소설, 소설, 소설, 소설, ","영미소설, SF/과학소설, 영미소설, 드라마/영화소설, 장르소설, SF/과학소설, 장르소설, 드라마/영화소설, ",92,9.38,275.0
모비 딕,허먼 멜빌,"소설, ","영미소설, 영미소설일반, ",185,9.66,95.0
파우스트 세트,요한 볼프강 폰 괴테,"소설, 소설, ","독일소설, 고전소설/문학선, 고전소설/문학선, 독일고전소설/문학선, ",186,9.35,28.0
신의 숨겨진 얼굴,후지사키 쇼,"소설, 소설, ","일본소설, 미스터리/스릴러소설, 장르소설, 미스터리/스릴러소설, ",187,10.0,2.0
양손에 토카레프,브래디 미카코,"소설, ","일본소설, 일본소설일반, ",188,10.0,2.0
영원히 알거나 무엇도 믿을 수 없게 된다,강화길 외,"소설, 소설, ","한국소설, 공포/호러소설, 장르소설, 공포/호러소설, ",189,0.0,
자기 앞의 생,에밀 아자르,"소설, ","프랑스소설, 프랑스소설일반, ",102,9.6,535.0
경험 많은 너와 경험 없는 내가 사귀게 된 이야기 3,나가오카 마키코,"소설, 소설, ","일본소설, 라이트노벨, 라이트노벨, 일본라이트노벨, ",191,10.0,8.0
굿,전상국,"소설, ","한국소설, 한국소설일반, ",192,0.0,
데미안(리커버 한정판),헤르만 헤세,"소설, 소설, ","독일소설, 고전소설/문학선, 고전소설/문학선, 독일고전소설/문학선, ",193,10.0,8.0
이방인,알베르 카뮈,"소설, 소설, 소설, ","프랑스소설, 고전소설/문학선, 고전소설/문학선, 프랑스고전소설/문학선, 세계문학전집, 민음사 세계문학전집, ",48,9.77,317.0
파이 이야기,얀 마텔,"소설, ","영미소설, 영미소설일반, ",196,10.0,33.0
눈사람 자살 사건,최승호,"소설, ","한국소설, 한국소설일반, ",197,9.34,60.0
바다의 뚜껑,요시모토 바나나,"소설, ","일본소설, 일본소설일반, ",198,8.83,58.0
앵무새 죽이기,하퍼 리,"소설, 소설, 소설, ","영미소설, 영미소설일반, 영미소설, 드라마/영화소설, 장르소설, 드라마/영화소설, ",199,9.68,507.0
신곡 세트,단테 알리기에리,"소설, 소설, 소설, ","그외유럽소설, 이탈리아소설, 고전소설/문학선, 고전소설/문학선일반, 세계문학전집, 민음사 세계문학전집, ",200,9.56,180.0
나목,박완서,"소설, ","한국소설, 한국소설일반, ",103,9.67,62.0
아쿠아리움이 문을 닫으면,셸비 반 펠트,"소설, ","영미소설, 영미소설일반, ",105,9.83,77.0
미드나잇 라이브러리(평행우주 에디션),매트 헤이그,"소설, 소설, 소설, ","영미소설, 영미소설일반, 영미소설, 드라마/영화소설, 장르소설, 드라마/영화소설, ",106,9.47,1366.0
용의자 X의 헌신,히가시노 게이고,"소설, 소설, 소설, 소설, ","일본소설, 미스터리/스릴러소설, 일본소설, 드라마/영화소설, 장르소설, 미스터리/스릴러소설, 장르소설, 드라마/영화소설, ",107,9.64,553.0
비행운,김애란,"소설, ","한국소설, 한국소설일반, ",108,9.42,317.0
마지막 이야기들,윌리엄 트레버,"소설, 소설, ","영미소설, 고전소설/문학선, 고전소설/문학선, 영미고전소설/문학선, ",110,10.0,2.0
프로젝트 헤일메리,앤디 위어,"소설, 소설, 소설, 소설, ","영미소설, SF/과학소설, 영미소설, 드라마/영화소설, 장르소설, SF/과학소설, 장르소설, 드라마/영화소설, ",111,9.82,235.0
단순한 열정,아니 에르노,"소설, 소설, 소설, ","프랑스소설, 고전소설/문학선, 고전소설/문학선, 프랑스고전소설/문학선, 세계문학전집, 문학동네 세계문학전집, ",112,9.46,204.0
대몰락: 리그 오브 레전드,앤서니 레이놀즈,"소설, 소설, 소설, ","영미소설, 판타지소설, 장르소설, 판타지소설, 장르소설, 게임소설, ",113,0.0,
환상서점,소서림,"소설, ","한국소설, 한국소설일반, ",114,9.44,67.0
홈 스위트 홈(제46회 이상문학상 작품집 2023년),최진영 외,"소설, ","한국소설, 한국소설일반, ",115,9.78,71.0
바깥은 여름,김애란,"소설, ","한국소설, 한국소설일반, ",116,9.39,902.0
죄와 벌 1,도스토예프스키,"소설, 소설, 소설, ","러시아소설, 고전소설/문학선, 고전소설/문학선, 러시아고전소설/문학선, 세계문학전집, 민음사 세계문학전집, ",117,9.8,177.0
차라투스트라는 이렇게 말했다,프리드리히 니체,"소설, 소설, 소설, ","독일소설, 고전소설/문학선, 고전소설/문학선, 독일고전소설/문학선, 세계문학전집, 민음사 세계문학전집, ",118,9.59,291.0
아구아 비바,클라리스 리스펙토르,"소설, ","기타나라소설, 중남미소설, ",119,10.0,1.0
범도 1: 포수의 원칙,방현석,"소설, 소설, ","한국소설, 역사/대하소설, 장르소설, 역사소설, ",120,10.0,3.0
책벌레의 하극상 제5부 여신의 화신 4,카즈키 미야,"소설, 소설, ","일본소설, 라이트노벨, 라이트노벨, 일본라이트노벨, ",121,0.0,
날씨의 아이(일러스트 에디션),신카이 마코토,"소설, 소설, 소설, 소설, ","일본소설, 라이트노벨, 일본소설, 드라마/영화소설, 라이트노벨, 일본라이트노벨, 장르소설, 드라마/영화소설, ",122,9.8,35.0
쇼코의 미소,최은영,"소설, ","한국소설, 한국소설일반, ",123,9.55,992.0
죄와 벌 2,도스토예프스키,"소설, 소설, 소설, ","러시아소설, 고전소설/문학선, 고전소설/문학선, 러시아고전소설/문학선, 세계문학전집, 민음사 세계문학전집, ",124,9.86,114.0
터무니없는 스킬로 이세계 방랑 밥 11,에구치 렌,"소설, 소설, ","일본소설, 라이트노벨, 라이트노벨, 일본라이트노벨, ",125,10.0,4.0
"고양이 식당, 추억을 요리합니다",다카하시 유타,"소설, ","일본소설, 일본소설일반, ",126,10.0,22.0
트러스트,에르난 디아스,"소설, ","영미소설, 영미소설일반, ",127,9.6,57.0
피프티 피플,정세랑,"소설, ","한국소설, 한국소설일반, ",128,9.62,85.0
내게 무해한 사람,최은영,"소설, ","한국소설, 한국소설일반, ",129,9.38,791.0
우리가 겨울을 지나온 방식,문미순,"소설, ","한국소설, 한국소설일반, ",131,10.0,15.0
작별 곁에서,신경숙,"소설, ","한국소설, 한국소설일반, ",132,8.75,10.0
요괴어사,설민석 외,"소설, 소설, ","한국소설, 판타지소설, 장르소설, 판타지소설, ",133,9.64,68.0
견딜 수 없는 사랑,이언 매큐언,"소설, ","영미소설, 영미소설일반, ",134,9.22,65.0
고백,미나토 가나에,"소설, 소설, 소설, 소설, ","일본소설, 미스터리/스릴러소설, 일본소설, 드라마/영화소설, 장르소설, 미스터리/스릴러소설, 장르소설, 드라마/영화소설, ",135,9.55,348.0
나도라키의 머리,사와무라 이치,"소설, 소설, ","일본소설, 공포/호러소설, 장르소설, 공포/호러소설, ",136,8.33,4.0
만조를 기다리며,조예은,"소설, 소설, ","한국소설, 미스터리/스릴러소설, 장르소설, 미스터리/스릴러소설, ",137,10.0,5.0
트로피컬 나이트,조예은,"소설, 소설, ","한국소설, 공포/호러소설, 장르소설, 공포/호러소설, ",138,9.86,92.0
사서함 110호의 우편물,이도우,"소설, ","한국소설, 한국소설일반, ",139,9.93,93.0
완전한 행복,정유정,"소설, ","한국소설, 한국소설일반, ",140,9.56,1207.0
재와 물거품,김청귤,"소설, ","한국소설, 한국소설일반, ",141,9.38,35.0
초급 한국어,문지혁,"소설, ","한국소설, 한국소설일반, ",142,9.49,21.0
해리 포터와 마법사의 돌 2(해리포터 20주년 개정판),J. K. 롤링,"소설, 소설, 소설, 소설, ","영미소설, 판타지소설, 영미소설, 드라마/영화소설, 장르소설, 판타지소설, 장르소설, 드라마/영화소설, ",143,9.77,220.0
지구에서 한아뿐,정세랑,"소설, 소설, ","한국소설, 로맨스소설, 장르소설, 로맨스소설, ",144,9.56,541.0
해가 지는 곳으로,최진영,"소설, ","한국소설, 한국소설일반, ",145,9.55,136.0
참을 수 없는 존재의 가벼움,밀란 쿤데라,"소설, 소설, ","그외유럽소설, 그외유럽소설, 고전소설/문학선, 고전소설/문학선일반, ",39,9.57,819.0
변론의 법칙,마이클 코넬리,"소설, ","영미소설, 미스터리/스릴러소설, ",148,9.9,20.0
"고양이 식당, 행복을 요리합니다",다카하시 유타,"소설, ","일본소설, 일본소설일반, ",149,9.89,19.0
중급 한국어,문지혁,"소설, ","한국소설, 한국소설일반, ",150,9.67,22.0
왜 나는 너를 사랑하는가(70만 부 기념 리커버),알랭 드 보통,"소설, ","영미소설, 영미소설일반, ",51,9.73,46.0
여름의 빌라,백수린,"소설, ","한국소설, 한국소설일반, ",52,9.56,227.0
작별인사,김영하,"소설, ","한국소설, 한국소설일반, ",53,9.51,844.0
이끼숲,천선란,"소설, ","한국소설, 한국소설일반, ",54,9.86,47.0
당신의 남자를 죽여드립니다,엘 코시마노,"소설, ","영미소설, 영미소설일반, ",55,9.83,39.0
"오늘 밤, 세계에서 이 사랑이 사라진다 해도",이치조 미사키,"소설, ","일본소설, 일본소설일반, ",56,9.45,769.0
나미야 잡화점의 기적(무선 보급판),히가시노 게이고,"소설, ","일본소설, 일본소설일반, ",57,9.57,59.0
"칵테일, 러브, 좀비 (리커버)",조예은,"소설, 소설, 소설, 소설, ","한국소설, 공포/호러소설, 한국소설, 미스터리/스릴러소설, 장르소설, 공포/호러소설, 장르소설, 미스터리/스릴러소설, ",58,9.65,209.0
여름은 오래 그곳에 남아,마쓰이에 마사시,"소설, ","일본소설, 일본소설일반, ",59,9.58,256.0
"어느 날, 내 죽음에 네가 들어왔다",세이카 료겐,"소설, ","일본소설, 일본소설일반, ",60,9.52,184.0
"어서 오세요, 휴남동 서점입니다",황보름,"소설, ","한국소설, 한국소설일반, ",61,9.69,825.0
지구 끝의 온실,김초엽,"소설, ","한국소설, 한국소설일반, ",62,9.72,484.0
홍학의 자리,정해연,"소설, 소설, ","한국소설, 미스터리/스릴러소설, 장르소설, 미스터리/스릴러소설, ",63,9.75,141.0
이토록 평범한 미래,김연수,"소설, ","한국소설, 한국소설일반, ",65,9.51,552.0
디 에센셜: 죄와 벌,표도르 도스토옙스키,"소설, 소설, ","러시아소설, 고전소설/문학선, 고전소설/문학선, 러시아고전소설/문학선, ",66,9.8,157.0
달러구트 꿈 백화점 2,이미예,"소설, 소설, ","한국소설, 판타지소설, 장르소설, 판타지소설, ",67,9.78,930.0
밝은 밤,최은영,"소설, ","한국소설, 한국소설일반, ",68,9.84,956.0
언어의 무게,파스칼 메르시어,"소설, ","독일소설, 독일소설일반, ",69,9.62,39.0
띵동! 당신의 눈물이 입금되었습니다,최소망,"소설, ","한국소설, 한국소설일반, ",70,9.77,54.0
악의,히가시노 게이고,"소설, 소설, ","일본소설, 미스터리/스릴러소설, 장르소설, 미스터리/스릴러소설, ",71,9.7,196.0
가재가 노래하는 곳,델리아 오언스,"소설, 소설, 소설, 소설, ","영미소설, 드라마/영화소설, 영미소설, 미스터리/스릴러소설, 장르소설, 미스터리/스릴러소설, 장르소설, 드라마/영화소설, ",72,9.59,477.0
폭탄,오승호,"소설, 소설, ","일본소설, 미스터리/스릴러소설, 장르소설, 미스터리/스릴러소설, ",73,9.18,35.0
저주토끼,정보라,"소설, 소설, 소설, 소설, ","한국소설, 미스터리/스릴러소설, 한국소설, 공포/호러소설, 장르소설, 공포/호러소설, 장르소설, 미스터리/스릴러소설, ",74,9.57,36.0
희망의 끈,히가시노 게이고,"소설, 소설, ","일본소설, 미스터리/스릴러소설, 장르소설, 미스터리/스릴러소설, ",75,9.78,279.0
채식주의자,한강,"소설, ","한국소설, 한국소설일반, ",76,9.52,104.0
테라피스트,B. A. 패리스,"소설, 소설, ","영미소설, 미스터리/스릴러소설, 장르소설, 미스터리/스릴러소설, ",77,9.53,179.0
여름,이디스 워튼,"소설, 소설, 소설, ","영미소설, 고전소설/문학선, 고전소설/문학선, 영미고전소설/문학선, 세계문학전집, 민음사 세계문학전집, ",78,9.47,83.0
회색 인간,김동식,"소설, ","한국소설, 한국소설일반, ",79,9.51,208.0
종의 기원,정유정,"소설, 소설, ","한국소설, 미스터리/스릴러소설, 장르소설, 미스터리/스릴러소설, ",81,9.31,891.0
아가미,구병모,"소설, ","한국소설, 한국소설일반, ",82,9.58,269.0
호랑이가 눈뜰 때,이윤하,"소설, 소설, 소설, 소설, 청소년, ","한국소설, SF/과학소설, 한국소설, 청소년소설, 영미소설, SF/과학소설, 장르소설, SF/과학소설, 청소년 소설, 한국, ",83,9.67,22.0
노인과 바다,어니스트 헤밍웨이,"소설, 소설, 소설, ","영미소설, 고전소설/문학선, 고전소설/문학선, 영미고전소설/문학선, 세계문학전집, 민음사 세계문학전집, ",84,9.73,344.0
어서 오세요 실력지상주의 교실에 2학년 편 9,키누가사 쇼고,"소설, 소설, ","일본소설, 라이트노벨, 라이트노벨, 일본라이트노벨, ",86,10.0,13.0
"시선으로부터,",정세랑,"소설, ","한국소설, 한국소설일반, ",87,9.67,568.0
여성향 게임 세계는 모브에게 가혹한 세계입니다 11,미시마 요무,"소설, 소설, ","일본소설, 라이트노벨, 라이트노벨, 일본라이트노벨, ",89,10.0,2.0
해리 포터와 마법사의 돌 1(해리포터 20주년 개정판),J. K. 롤링,"소설, 소설, 소설, 소설, ","영미소설, 판타지소설, 영미소설, 드라마/영화소설, 장르소설, 판타지소설, 장르소설, 드라마/영화소설, ",90,9.78,474.0
파과,구병모,"소설, ","한국소설, 한국소설일반, ",91,9.67,276.0
테디베어는 죽지 않아,조예은,"소설, 소설, ","한국소설, 미스터리/스릴러소설, 장르소설, 미스터리/스릴러소설, ",93,0.0,
스즈메의 문단속,신카이 마코토,"소설, 소설, 소설, 소설, ","일본소설, 라이트노벨, 일본소설, 드라마/영화소설, 라이트노벨, 일본라이트노벨, 장르소설, 드라마/영화소설, ",10,9.67,684.0
리스본행 야간열차,파스칼 메르시어,"소설, 소설, ","독일소설, 고전소설/문학선, 고전소설/문학선, 독일고전소설/문학선, ",95,9.88,35.0
소년이 온다,한강,"소설, ","한국소설, 한국소설일반, ",96,9.7,984.0
노 게임 노 라이프 12,카미야 유우,"소설, 소설, ","일본소설, 라이트노벨, 라이트노벨, 일본라이트노벨, ",97,0.0,
브람스를 좋아하세요,프랑수아즈 사강,"소설, 소설, 소설, ","프랑스소설, 고전소설/문학선, 고전소설/문학선, 프랑스고전소설/문학선, 세계문학전집, 민음사 세계문학전집, ",98,9.51,585.0
한밤의 시간표,정보라,"소설, 소설, ","한국소설, 공포/호러소설, 장르소설, 공포/호러소설, ",99,10.0,3.0
젊은 근희의 행진,이서수,"소설, ","한국소설, 한국소설일반, ",100,10.0,14.0
메리골드 마음 세탁소,윤정은,"소설, ","한국소설, 한국소설일반, ",1,9.49,332.0
꿀벌의 예언 1,베르나르 베르베르,"소설, 소설, ","프랑스소설, SF/과학소설, 장르소설, SF/과학소설, ",2,9.82,13.0
꿀벌의 예언 2,베르나르 베르베르,"소설, 소설, ","프랑스소설, SF/과학소설, 장르소설, SF/과학소설, ",3,10.0,9.0
바다가 들리는 편의점,마치다 소노코,"소설, ","일본소설, 일본소설일반, ",4,9.88,111.0
풍수전쟁,김진명,"소설, ","한국소설, 한국소설일반, ",5,9.49,132.0
불편한 편의점(벚꽃 에디션),김호연,"소설, ","한국소설, 한국소설일반, ",6,9.77,3058.0
모순,양귀자,"소설, ","한국소설, 한국소설일반, ",7,9.83,1015.0
마당이 있는 집,김진영,"소설, ","한국소설, 한국소설일반, ",8,9.11,85.0
아버지의 해방일지,정지아,"소설, ","한국소설, 한국소설일반, ",9,9.82,1141.0
불편한 편의점 2(단풍 에디션),김호연,"소설, ","한국소설, 한국소설일반, ",11,9.75,1265.0
돌연한 출발,프란츠 카프카,"소설, 소설, ","그외유럽소설, 그외유럽소설, 고전소설/문학선, 고전소설/문학선일반, ",12,9.61,276.0
비가 오면 열리는 상점,유영광,"소설, ","한국소설, 한국소설일반, ",13,9.44,5.0
눈부신 안부,백수린,"소설, ","한국소설, 한국소설일반, ",14,9.58,21.0
구의 증명,최진영,"소설, ","한국소설, 한국소설일반, ",15,9.55,19.0
세상의 마지막 기차역(리커버 에디션),무라세 다케시,"소설, ","일본소설, 일본소설일반, ",16,9.64,665.0
작별의 건너편,시미즈 하루키,"소설, ","일본소설, 일본소설일반, ",17,10.0,34.0
연수,장류진,"소설, ","한국소설, 한국소설일반, ",18,10.0,4.0
어머니의 유산,미즈무라 미나에,"소설, ","일본소설, 일본소설일반, ",19,9.76,35.0
스토너,존 윌리엄스,"소설, ","영미소설, 영미소설일반, ",20,9.6,170.0
2023 제14회 젊은작가상 수상작품집,이미상 외,"소설, ","한국소설, 한국소설일반, ",21,9.55,190.0
블랙 쇼맨과 환상의 여자,히가시노 게이고,"소설, 소설, ","일본소설, 미스터리/스릴러소설, 장르소설, 미스터리/스릴러소설, ",23,9.46,123.0
"너는, 어느 계절에 죽고 싶어",홍선기,"소설, ","한국소설, 한국소설일반, ",24,10.0,10.0
각각의 계절,권여선,"소설, ","한국소설, 한국소설일반, ",25,9.68,95.0
매스커레이드 게임,히가시노 게이고,"소설, 소설, ","일본소설, 미스터리/스릴러소설, 장르소설, 미스터리/스릴러소설, ",26,0.0,
스토너(초판본),존 윌리엄스,"소설, ","영미소설, 영미소설일반, ",27,9.7,198.0
맡겨진 소녀,클레어 키건,"소설, 소설, 소설, ","영미소설, 영미소설일반, 영미소설, 드라마/영화소설, 장르소설, 드라마/영화소설, ",28,9.61,64.0
코드612 누가 어린왕자를 죽였는가,미셸 뷔시,"소설, 소설, ","프랑스소설, 미스터리/스릴러소설, 장르소설, 미스터리/스릴러소설, ",29,9.0,32.0
작은 땅의 야수들(리커버 특별판),김주혜,"소설, ","영미소설, 영미소설일반, ",31,10.0,2.0
소설 보다: 여름(2023),공현진 외,"소설, ","한국소설, 한국소설일반, ",32,9.41,9.0
너무나 많은 여름이,김연수,"소설, ","한국소설, 한국소설일반, ",33,0.0,
데미안,헤르만 헤세,"소설, 소설, 소설, ","독일소설, 고전소설/문학선, 고전소설/문학선, 독일고전소설/문학선, 세계문학전집, 민음사 세계문학전집, ",34,9.53,1144.0
달러구트 꿈 백화점,이미예,"소설, 소설, ","한국소설, 판타지소설, 장르소설, 판타지소설, ",35,9.47,2074.0
파친코 2,이민진,"소설, 소설, 소설, ","영미소설, 영미소설일반, 영미소설, 드라마/영화소설, 장르소설, 드라마/영화소설, ",37,9.76,495.0
파친코 1,이민진,"소설, 소설, 소설, ","영미소설, 영미소설일반, 영미소설, 드라마/영화소설, 장르소설, 드라마/영화소설, ",38,9.76,888.0
하얼빈,김훈,"소설, 소설, ","한국소설, 역사/대하소설, 장르소설, 역사소설, ",40,9.73,1062.0
나는 소망한다 내게 금지된 것을,양귀자,"소설, ","한국소설, 한국소설일반, ",41,9.85,300.0
천 개의 파랑,천선란,"소설, 소설, ","한국소설, SF/과학소설, 장르소설, SF/과학소설, ",42,9.8,316.0
우리가 빛의 속도로 갈 수 없다면,김초엽,"소설, 소설, ","한국소설, SF/과학소설, 장르소설, SF/과학소설, ",43,9.59,1036.0
모성,미나토 가나에,"소설, ","일본소설, 일본소설일반, ",44,9.92,122.0
싯다르타,헤르만 헤세,"소설, 소설, 소설, ","독일소설, 고전소설/문학선, 고전소설/문학선, 독일고전소설/문학선, 세계문학전집, 민음사 세계문학전집, ",45,9.64,398.0
동조자 The Sympathizer,비엣 타인 응우옌,"소설, 소설, 소설, ","영미소설, 영미소설일반, 영미소설, 드라마/영화소설, 장르소설, 드라마/영화소설, ",46,10.0,2.0
행복배틀,주영하,"소설, 소설, 소설, 소설, ","한국소설, 미스터리/스릴러소설, 한국소설, 드라마/영화소설, 장르소설, 미스터리/스릴러소설, 장르소설, 드라마/영화소설, ",47,10.0,25.0
