title,author,genre_1,genre_2,brank,rate,count,isbn
물리학자가 들려주는 물리학 이야기,다나카 미유키 외,"과학, 과학, 청소년, ","교양과학, 교양물리, 청소년 교양과학, 청소년 과학/컴퓨터, ",951,10.0,9.0,9791163635659
수학 탐구를 위한 종이접기 프로젝트,토머스 헐,"과학, 과학, 대학교재, ","수학, 수학일반, 대학교재, 수학, 자연과학, 수학, ",952,7.5,1.0,9791160735178
현대 물리학의 논리,퍼시 윌리엄스 브리지먼,"과학, ","물리학, 물리학일반, ",953,10.0,1.0,9788957337806
수학하는 뇌,안드레아스 니더,"과학, ","교양과학, 교양수학/수학이야기, ",954,10.0,5.0,9791166890802
숫자에 속지 않고 숫자 읽는 법,톰 치버스 외,"과학, 인문, ","교양과학, 교양수학/수학이야기, 인문학일반, 인문교양, ",955,9.35,25.0,9788934961734
기후학,이승호,"과학, 과학, 대학교재, ","지구과학, 기상학/기후학, 대학교재, 지학/광물학, 자연과학, 지학/광물학, ",956,7.5,1.0,9788962919554
과학페어(과학토론)대회,박진국,"과학, ","교양과학, 과학이야기, ",957,10.0,3.0,9791197779312
수학이 쉬워지는 인도베다수학,김경중,"과학, ","교양과학, 교양수학/수학이야기, ",958,9.17,8.0,9791164460496
퍼스트 스텝,제레미 드실바,"과학, ","교양과학, 교양유전, ",959,9.17,3.0,9791135474552
STEIN 푸리에 해석학,Elias M. Stein 외,"과학, 과학, 대학교재, ","수학, 해석학, 대학교재, 수학, 자연과학, 수학, ",960,10.0,1.0,9791156645962
식물의 죽살이,이유,"과학, 과학, 대학교재, ","생물학, 식물학, 대학교재, 식물학, 자연과학, 식물학, ",961,10.0,1.0,9788978894920
물리발상법,이나바 야스히로,"과학, 과학, 대학교재, ","물리학, 물리학일반, 대학교재, 물리학, 자연과학, 물리학, ",962,10.0,1.0,9791197338014
그림으로 읽는 서양과학사,김성근,"과학, ","과학이론, 과학의역사, ",963,9.17,4.0,9791188569342
미적분학,미적분학 교재편찬위원회,"과학, 과학, 대학교재, ","수학, 미분적분학, 대학교재, 수학, 자연과학, 수학, ",964,0.0,,9791159714139
나를 발견하는 뇌과학,사라-제인 블레이크모어,"과학, ","교양과학, 뇌과학, ",965,9.44,10.0,9788983928955
공학수학 문제풀이,텍스트북스 편집부,"과학, 과학, 대학교재, ","수학, 공업수학/대학수학, 대학교재, 수학, 자연과학, 수학, ",966,7.5,2.0,9791191679106
대학 미분적분학,이정례,"과학, 과학, 대학교재, ","수학, 미분적분학, 대학교재, 수학, 자연과학, 수학, ",967,10.0,1.0,9791125103455
식물 분류학 개론: 한국의 관속식물,김재근,"과학, 과학, 대학교재, ","생물학, 식물학, 대학교재, 식물학, 자연과학, 식물학, ",968,0.0,,9788961543897
현대물리학,Beiser 외,"과학, 과학, 대학교재, ","물리학, 물리학일반, 대학교재, 물리학, 자연과학, 물리학, ",387,9.1,20.0,9791132102250
노영순교수의 위상수학,노영순,"과학, 과학, 대학교재, ","수학, 기하학, 대학교재, 수학, 자연과학, 수학, ",970,0.0,,9788962362169
악령이 출몰하는 세상,칼 세이건,"과학, ","교양과학, 과학이야기, ",971,9.88,75.0,9791192107226
다변수 함수론 입문,김종진 외,"과학, 과학, 대학교재, ","수학, 미분적분학, 대학교재, 수학, 자연과학, 수학, ",972,10.0,1.0,9791160735192
해석학개론,강병개 외,"과학, 과학, 대학교재, ","수학, 해석학, 대학교재, 수학, 자연과학, 수학, ",973,0.0,,9791160735246
미적분과 벡터해석 기초 with Python,심성아 외,"과학, 과학, 대학교재, ","수학, 미분적분학, 대학교재, 수학, 자연과학, 수학, ",974,0.0,,9791160735314
양자화학 입문,S. M. Blinder,"과학, 과학, 대학교재, ","화학, 화학이론, 대학교재, 화학, 자연과학, 화학, ",975,8.33,2.0,9791188731282
다이얼로그 물리학 4: 상대성이론·양자역학,이공주복,"과학, ","물리학, 물리학일반, ",976,10.0,2.0,9791158904562
내 생의 중력에 맞서,정인경,"과학, 인문, ","교양과학, 과학이야기, 인문학일반, 인문교양, ",977,9.86,14.0,9791160407747
물고기 박사가 들려주는 신기한 바다 이야기(큰글씨책),명정구,"과학, ","교양과학, 교양생물, ",978,10.0,1.0,9791168610132
문학과 수학 etc.,김태화,"과학, ","교양과학, 교양수학/수학이야기, ",979,5.0,1.0,9791125103523
동네에서 자연을 관찰하는 9가지 방법,최성용,"과학, ","교양과학, 교양자연, ",980,0.0,,9791185415475
기초미적분학: Precalculus,문은호 외,"과학, 과학, 대학교재, ","수학, 미분적분학, 대학교재, 수학, 자연과학, 수학, ",981,0.0,,9788973354061
공학수학 with MATLAB(상),송철기 외,"과학, 과학, 대학교재, ","수학, 공업수학/대학수학, 대학교재, 수학, 자연과학, 수학, ",982,0.0,,9788964214336
알기 쉬운 고분자 이야기,박오옥,"과학, 과학, 대학교재, ","화학, 고분자화학, 대학교재, 화학, 자연과학, 화학, ",983,8.75,3.0,9791158083472
사로잡힌 사람들,이브 러플랜트,"과학, ","교양과학, 뇌과학, ",984,7.5,1.0,9791159923548
"Ai-X, 인공지능 익스프레스",임창환 외,"과학, ","교양과학, 과학이야기, ",985,10.0,3.0,9791167960986
기초 분자생물학 실험: 유전자 재조합 전과정,최미영 외,"과학, 과학, 대학교재, ","생물학, 분자생물학, 대학교재, 생명과학, 자연과학, 생명과학, ",986,10.0,2.0,9788961543927
1 더하기 1은 2인가,존 배로,"과학, ","교양과학, 교양수학/수학이야기, ",987,9.75,13.0,9788934951308
AI는 세상을 어떻게 바꾸는가,장동선,"과학, 컴퓨터/IT, ","교양과학, 과학이야기, 컴퓨터공학, 인공지능, ",988,9.76,16.0,9788934949213
다정함의 과학,켈리 하딩,"과학, ","교양과학, 과학이야기, ",989,9.58,48.0,9791165218386
우리는 연결되어 있다,톰 올리버,"과학, ","교양과학, 과학이야기, ",990,9.62,7.0,9791135473791
생화학 실험서,김영희,"과학, 과학, 대학교재, ","생물학, 생화학, 대학교재, 생명과학, 자연과학, 생명과학, ",991,0.0,,9788958813101
한영 수학 용어 총정리,최창우,"과학, ","수학, 수학일반, ",992,0.0,,9791125103431
Newton의 운동법칙,Sanjoy Mahajan,"과학, 과학, 대학교재, ","물리학, 물리학일반, 대학교재, 물리학, 자연과학, 물리학, ",993,0.0,,9791185294353
"오늘은, 별자리 여행",지호진,"과학, 과학, 청소년, ","교양과학, 별자리, 청소년 교양과학, 청소년 과학/컴퓨터, ",994,9.67,19.0,9791190779494
이렇게 인간이 되었습니다,박재용,"과학, ","교양과학, 교양유전, ",995,9.77,10.0,9791190116602
DNA 클로닝,최석용 외,"과학, ","교양과학, 교양유전, ",996,7.5,1.0,9788961543934
고체화학,Elaine A. Moore 외,"과학, 과학, 대학교재, ","화학, 화학이론, 대학교재, 화학, 자연과학, 화학, ",997,10.0,1.0,9791158083076
키스 더 유니버스,KBS 키스더유니버스 제작팀,"과학, 과학, ","교양과학, 교양우주, 천문학, 교양천문학, ",998,9.64,5.0,9791168210103
프렌즈,로빈 던바,"과학, 인문, ","교양과학, 과학이야기, 인문학일반, 인문교양, ",999,9.57,24.0,9791167740250
테크놀로지의 정치,실라 재서노프,"과학, 기술/공학, ","교양과학, 과학이야기, 공학일반, 기술공학일반, ",1000,0.0,,9788936479015
우주미션 이야기,황정아,"과학, ","교양과학, 교양우주, ",901,9.5,3.0,9791188569380
호모 커먼스,홍윤철,"과학, ","교양과학, 과학이야기, ",902,10.0,1.0,9791191393972
아주 작은 죽음들,브루스 골드파브,"과학, ","교양과학, 과학이야기, ",903,0.0,,9788925577579
화이트 스카이,엘리자베스 콜버트,"과학, ","교양과학, 교양우주, ",904,10.0,13.0,9791165345532
노화학 사전,최현석,"과학, 기술/공학, ","교양과학, 과학이야기, 의학, 기초의학, ",905,10.0,2.0,9791192085647
이런 화학이라면 포기하지 않을 텐데,김소환,"과학, ","교양과학, 교양화학, ",906,9.38,5.0,9788964945735
행동신경과학: 생물심리학 입문,Laura A. Freberg,"과학, 인문, 과학, 과학, 대학교재, ","생물학, 생물과학, 심리학, 심리이론, 교양과학, 뇌과학, 대학교재, 생명과학, 자연과학, 생명과학, ",907,10.0,3.0,9791167070722
범주형 자료분석 개론: SAS와 R의 응용 및 해석,양호진 외,"과학, 과학, 대학교재, ","수학, 통계, 대학교재, 수학, 자연과학, 수학, ",908,10.0,1.0,9791158083694
다정한 물리학,해리 클리프,"과학, ","교양과학, 교양물리, ",909,9.27,85.0,9791130693057
기초통계학과 데이터 사이언스: R 활용,오진호,"과학, 과학, 대학교재, ","수학, 통계, 대학교재, 수학, 자연과학, 수학, ",910,0.0,,9791158083779
선형방법론,구자용 외,"과학, 과학, 대학교재, ","수학, 통계, 대학교재, 수학, 자연과학, 수학, ",911,10.0,1.0,9791158083762
내 몸 안의 뇌와 마음탐험 신경정신의학,고시노 요시후미,"과학, ","교양과학, 과학이야기, ",912,0.0,,9791188544899
그림으로 읽는 친절한 우주과학 이야기,인포비주얼 연구소,"과학, 과학, ","교양과학, 과학이야기, 교양과학, 교양우주, ",913,10.0,2.0,9791197404337
최신 고체물리학,이종수,"과학, 과학, 대학교재, ","물리학, 물리학일반, 대학교재, 물리학, 자연과학, 물리학, ",914,7.5,1.0,9788936323875
물리학자처럼 영화 보기,다카미즈 유이치,"과학, 예술/대중문화, ","교양과학, 교양물리, 영화, 영화이야기, ",915,10.0,10.0,9791190147484
공업수학,임헌찬,"과학, 과학, 대학교재, ","수학, 공업수학/대학수학, 대학교재, 수학, 자연과학, 수학, ",916,0.0,,9788938115034
텔로스 2: 변형과정에 있는 인류의 깨어남을 위해서,오릴리아 루이즈 존스,"과학, ","교양과학, 과학이야기, ",917,0.0,,9788994287270
미생물: 잠 못들 정도로 재미있는 이야기,야마가타 요헤이,"과학, ","생물학, 미생물학, ",918,10.0,3.0,9788931558241
머릿속에 쏙쏙! 상대성이론 노트,사이토 가쓰히로,"과학, ","물리학, 물리학일반, ",919,10.0,4.0,9791168620414
그래서 우리는 달에 간다,곽재식,"과학, ","교양과학, 교양우주, ",920,10.0,37.0,9788962624427
통계학 도감,정석오,"과학, ","수학, 통계, ",921,9.45,51.0,9788931582598
과학혁명의 기원,오퍼 갤,"과학, ","과학이론, 과학철학, ",922,10.0,1.0,9788991195622
양성덕의 미분기하강의 2편,양성덕,"과학, 과학, 대학교재, ","수학, 기하학, 대학교재, 수학, 자연과학, 수학, ",923,10.0,1.0,9791125103592
모든 순간의 과학,브라이언 클레그,"과학, ","교양과학, 과학이야기, ",924,9.57,29.0,9788934943433
지구를 구한다는 거짓말,스티븐 E. 쿠닌,"과학, 정치/사회, 과학, ","교양과학, 교양우주, 사회문제/복지, 사회문제, 지구과학, 기상학/기후학, ",925,9.65,58.0,9788947548311
미식가를 위한 식물 사전,스쥔,"과학, 시/에세이, 요리, ","교양과학, 교양식물, 나라별 에세이, 중국에세이, 요리에세이, ",926,9.38,6.0,9791139706642
무엇이 우주를 삼키고 있는가,폴 데이비스,"과학, 과학, ","교양과학, 과학이야기, 교양과학, 교양우주, ",927,9.74,16.0,9791167960399
기후 1.5℃ 미룰 수 없는 오늘,박상욱,"과학, 정치/사회, ","지구과학, 기상학/기후학, 사회문제/복지, 사회문제, ",928,10.0,10.0,9791197739729
"메타버스의 미래, 초실감 기술",우탁 외,"과학, 기술/공학, ","교양과학, 과학이야기, 공학일반, 기술공학일반, ",929,9.38,6.0,9788982227226
완경 선언,제니퍼 건터,"과학, 건강, ","교양과학, 교양생물, 건강일반, 여성건강, ",930,9.67,10.0,9791190955638
통계학: R을 이용한 분석,인하대학교 통계학과,"과학, 과학, 대학교재, ","수학, 통계, 대학교재, 수학, 자연과학, 수학, ",931,10.0,1.0,9791158083564
권총의 과학,가노 요시노리,"과학, ","교양과학, 과학이야기, ",932,8.57,8.0,9788964945568
탄소 교향곡,로버트 M. 헤이즌,"과학, ","교양과학, 과학이야기, ",933,10.0,4.0,9788964621721
마법의 비행,리처드 도킨스,"과학, ","교양과학, 과학이야기, ",934,9.76,69.0,9788932474724
걷기의 세계,셰인 오마라,"과학, ","교양과학, 과학이야기, ",935,9.36,24.0,9791191464719
교실밖 화학 이야기,진정일,"과학, ","교양과학, 교양화학, ",936,10.0,1.0,9788958207658
면역에 관하여,율라 비스,"과학, 과학, ","교양과학, 교양생물, 생물학, 면역,세포, ",937,8.71,83.0,9788932918105
거의 모든 물질의 화학,김병민,"과학, ","교양과학, 교양화학, ",938,9.71,13.0,9788932320960
모든 것의 시작과 끝에 대한 사색,앨런 라이트먼,"과학, ","교양과학, 교양물리, ",939,9.74,23.0,9791197076848
역사가 묻고 화학이 답하다,장홍제,"과학, ","교양과학, 교양화학, ",940,9.69,17.0,9791197637940
이일하 교수의 식물학 산책,이일하,"과학, ","생물학, 식물학, ",941,10.0,3.0,9788958207672
탄소로운 식탁,윤지로,"과학, 정치/사회, ","지구과학, 기상학/기후학, 사회문제/복지, 사회문제, ",942,9.5,15.0,9788984079816
우종학 교수의 블랙홀 강의,우종학,"과학, ","교양과학, 교양우주, ",943,10.0,4.0,9788934961765
물성의 기술,최낙언,"과학, 기술/공학, ","생물학, 분자생물학, 생활과학, 식품학, ",944,0.0,,9788970016252
과학하고 놉니다,정용준,"과학, ","교양과학, 과학이야기, ",945,10.0,38.0,9791168122956
방사선 방사능 이야기,정홍량,"과학, ","물리학, 원자력/핵/방사선, ",946,0.0,,9788931558609
식물의 방식,베론다 L. 몽고메리,"과학, ","교양과학, 교양식물, ",947,9.17,2.0,9788993690552
"미르카, 수학에 빠지다 2: 우연과 페르마의 정리",유키 히로시,"과학, ","교양과학, 교양수학/수학이야기, ",948,10.0,2.0,9788957072264
그림으로 읽는 친절한 뇌과학 이야기,인포비주얼연구소,"과학, 과학, 청소년, ","교양과학, 뇌과학, 청소년 교양과학, 청소년 과학/컴퓨터, ",949,9.5,5.0,9791197404320
한없이 가까운 세계와의 포옹,수시마 수브라마니안,"과학, ","교양과학, 과학이야기, ",950,9.0,3.0,9788962624236
내 방에서 떠나는 우주여행(하): 우주여행 가이드 편,윤영은,"과학, ","교양과학, 교양우주, ",851,0.0,,9791168366299
인류의 미래를 묻다,데이비드 싱클레어 외,"과학, ","교양과학, 과학이야기, ",852,9.86,15.0,9791168340794
BIG QUESTIONS 118 원소,잭 챌리너,"과학, ","화학, 화학이론, ",853,10.0,3.0,9788959795031
"샐러리맨, 아인슈타인 되기 프로젝트",이종필,"과학, ","물리학, 물리학일반, ",854,10.0,10.0,9788934943303
과학에서 가치란 무엇인가,케빈 엘리엇,"과학, ","교양과학, 과학이야기, ",855,10.0,2.0,9788934943372
최적화 이론,임장환,"과학, 과학, 대학교재, ","수학, 수학일반, 대학교재, 수학, 자연과학, 수학, ",856,0.0,,9788969060303
우리는 블랙홀 속에 산다,신동윤,"과학, ","교양과학, 교양우주, ",857,0.0,,9791198075093
지질시대,최덕근,"과학, 과학, 대학교재, ","지구과학, 구조지질학, 대학교재, 지학/광물학, 자연과학, 지학/광물학, ",858,10.0,1.0,9788952131133
리처드 도킨스의 진화론 강의,리처드 도킨스,"과학, ","교양과학, 교양유전, ",859,10.0,3.0,9791189936396
겨울나무,김태영 외,"과학, ","교양과학, 교양식물, ",860,10.0,2.0,9791191438987
생태로 만나는 디엠지(DMZ) 이야기,국립생태원,"과학, ","생물학, 생태학, ",861,0.0,,9791166981692
대학수학 길라잡이,김현규 외,"과학, 과학, 대학교재, ","수학, 공업수학/대학수학, 대학교재, 수학, 자연과학, 수학, ",862,0.0,,9791160735932
파동물리학,Daniel Fleisch 외,"과학, 과학, 대학교재, ","물리학, 물리학일반, 대학교재, 물리학, 자연과학, 물리학, ",863,0.0,,9791185294407
"인간이 만든 물질, 물질이 만든 인간",아이니사 라미레즈,"과학, 역사/문화, 역사/문화, 과학, ","교양과학, 과학이야기, 문화일반, 문화사일반, 문화사, 문화사일반, 교양과학, 발견/발명, ",864,9.86,26.0,9788934943358
인류의 운명을 바꾼 화학,하상수,"과학, ","교양과학, 교양화학, ",865,10.0,4.0,9788982227363
공기 전쟁: 전 세계에 드리운 대기오염의 절박한 현실,베스 가디너,"과학, 기술/공학, ","지구과학, 기상학/기후학, 환경/소방/도시/조경, 환경문제, ",866,10.0,3.0,9791164051823
마이코스피어,박현숙,"과학, ","생물학, 미생물학, ",867,0.0,,9788998243197
스톡홀름에서 걸려온 전화,스테파노 산드로네,"과학, 시/에세이, 과학, ","교양과학, 과학자, 인물/자전적에세이, 과학자, 교양과학, 과학이야기, ",868,9.72,35.0,9791197921223
나는 연구하고 실험하고 개발하는 과학자입니다,정종수,"과학, 과학, 청소년, ","교양과학, 과학이야기, 청소년 교양과학, 청소년 과학/컴퓨터, ",869,10.0,1.0,9791188569403
"지식 편의점: 과학, 신을 꿈꾸는 인간 편",이시한,"과학, 인문, ","교양과학, 과학이야기, 인문학일반, 인문교양, ",870,10.0,7.0,9788965965442
"만들어진 기적, 진화",유성오,"과학, ","교양과학, 교양유전, ",871,10.0,4.0,9791197770807
블랙홀에서 살아남는 법,재너 레빈,"과학, 과학, ","천문학, 교양천문학, 교양과학, 교양우주, ",872,10.0,6.0,9791167700490
크립토그래피,키스 M. 마틴,"과학, 컴퓨터/IT, ","교양과학, 교양수학/수학이야기, 보안/해킹, ",873,0.0,,9791140803019
날씨의 세계,트리스탄 굴리,"과학, ","교양과학, 교양우주, ",874,10.0,5.0,9791160809381
조선의 숲은 왜 사라졌는가,전영우,"과학, 역사/문화, ","교양과학, 교양식물, 한국사, 조선시대, ",875,0.0,,9791155801949
"과학, 명화에 숨다",김달우,"과학, ","교양과학, 교양물리, ",876,10.0,2.0,9788970443805
분자생물학 입문,마루야마 고사쿠,"과학, ","생물학, 분자생물학, ",877,0.0,,9788970443829
뜻밖의 수학,박종하,"과학, ","교양과학, 교양수학/수학이야기, ",878,10.0,3.0,9791191573114
침묵의 지구,데이브 굴슨,"과학, 정치/사회, ","교양과학, 교양곤충, 사회문제/복지, 사회문제, ",879,10.0,7.0,9788972917830
보이지 않아도 존재하고 있습니다.,김범준,"과학, ","교양과학, 과학이야기, ",880,10.0,15.0,9788901266350
알아두면 쓸모있는 식품과학 이야기,사이토 가쓰히로,"과학, 건강, ","교양과학, 과학이야기, 건강식사, 식품과건강, ",881,10.0,1.0,9791168620834
유클리드 원론 2,유클리드,"과학, 과학, 대학교재, ","수학, 수학일반, 대학교재, 수학, 자연과학, 수학, ",882,10.0,5.0,9788957338223
잠 못들 정도로 재미있는 이야기: 수열,마쓰시타 아키라,"과학, ","교양과학, 교양수학/수학이야기, ",883,10.0,3.0,9788931558258
"뭉크 씨, 도파민 과잉입니다(큰글자책)",안철우,"과학, ","교양과학, 교양생물, ",884,0.0,,9788934943532
천체물리학: 복사와 기체역학,구본철 외,"과학, 과학, 대학교재, ","물리학, 물리학일반, 대학교재, 물리학, 자연과학, 물리학, ",885,0.0,,9788952130815
UFO는 물체다!,김영남,"과학, ","교양과학, 교양우주, ",886,10.0,2.0,9791185701738
돌고래 씨 안녕허우꽈?,홍아름,"과학, ","교양과학, 교양동물, ",887,0.0,,9791198020277
수학의 기쁨 혹은 가능성,김민형,"과학, ","교양과학, 교양수학/수학이야기, ",888,9.55,8.0,9788934943266
청와대의 나무들,박상진,"과학, ","교양과학, 교양식물, ",889,8.13,6.0,9791189074531
빅뱅의 질문들,토니 로스먼,"과학, ","천문학, 교양천문학, ",890,10.0,6.0,9791160405163
도란도란 탄소 이야기,윤용진,"과학, ","화학, 유기화학, ",891,0.0,,9791158083809
제주 오름에 피는 들꽃,국립산림과학원,"과학, ","도감, 식물도감, ",892,0.0,,9791168330603
딱정벌레 도감,옥영관,"과학, ","교양과학, 교양곤충, ",893,10.0,2.0,9791163140535
어쩌다 숲,피터 S. 알레고나,"과학, ","교양과학, 과학이야기, ",894,10.0,1.0,9791186222478
혁명을 위한 수학,저스틴 조크,"과학, ","교양과학, 교양수학/수학이야기, ",895,10.0,1.0,9791197932571
원서읽기를 위한 수학용어사전,조민형,"과학, ","수학, 수학일반, ",896,0.0,,9791191346411
뉴로사이언스 픽션,로드리고 퀴안 퀴로가,"과학, ","교양과학, 과학이야기, ",897,10.0,2.0,9791197764714
만화로 배우는 불멸의 역사,브누아 시마,"과학, ","교양과학, 과학이야기, ",898,10.0,10.0,9791157846184
컵라면이 익을 동안 읽는 과학,꿈꾸는 과학,"과학, ","교양과학, 과학이야기, ",899,10.0,2.0,9788958207948
위대한 과학 고전 30권을 1권으로 읽는 책,김성근,"과학, 과학, 청소년, ","교양과학, 과학이야기, 청소년 교양과학, 청소년 과학/컴퓨터, ",900,10.0,24.0,9791191825510
유기화학이 좋아지는 책,요네야마 마사노부 외,"과학, ","화학, 유기화학, ",801,0.0,,9788970445953
유전체데이터분석 1 기초편,김주한 외,"과학, 과학, 대학교재, ","생물학, 유전학, 대학교재, 생명과학, 자연과학, 생명과학, ",802,0.0,,9791159433931
인간은 왜 인간이고 초파리는 왜 초파리인가,이대한,"과학, 과학, ","교양과학, 교양유전, 교양과학, 교양유전, ",803,8.75,2.0,9791166891458
한눈에 알아보는 우리 나무 4,박승철,"과학, ","도감, 식물도감, ",804,0.0,,9791169090933
알아두면 쓸모 있는 컬러 잡학사전,이리쿠라 다카시,"과학, ","교양과학, 과학이야기, ",805,10.0,8.0,9791192143873
자연과학 10대 원리,고중숙,"과학, ","교양과학, 과학이야기, ",806,10.0,1.0,9791198188106
호모 엑스 데이터: 인공적 자연,피터 젝 외,"과학, 인문, 기술/공학, 과학, ","교양과학, 과학이야기, 인문학일반, 인문교양, 공학일반, 기술공학일반, 과학이론, 과학철학, ",807,0.0,,9791197686320
양서파충류사육학,이태원 외,"과학, 과학, 대학교재, ","생물학, 동물학, 대학교재, 동물학, 자연과학, 동물학, ",808,10.0,1.0,9791130317366
알아두면 득이 되는 생활 속 통계학,사토 마이,"과학, ","수학, 통계, ",809,10.0,1.0,9791168621152
개가 보는 세상이 흑백이라고?,매트 브라운,"과학, ","교양과학, 교양동물, ",810,10.0,3.0,9788972970750
특수동물학,김옥진 외,"과학, 과학, 대학교재, ","생물학, 동물학, 대학교재, 동물학, 자연과학, 동물학, ",811,0.0,,9788947286480
양자컴퓨팅,이민철 외,"과학, 과학, 컴퓨터/IT, 대학교재, ","물리학, 양자역학, 대학교재, 물리학, 컴퓨터공학, 컴퓨터공학/과학개론, 자연과학, 물리학, ",812,10.0,2.0,9788988247778
한눈에 알아보는 우리 나무 3,박승철,"과학, ","도감, 식물도감, ",813,10.0,2.0,9791169090896
5분 뚝딱 물리학 수업,사마키 다케오,"과학, ","교양과학, 교양물리, ",814,10.0,1.0,9791155642894
팀버레이크의 대학화학기초,Karen Timberlake 외,"과학, 과학, 대학교재, ","화학, 대학화학, 대학교재, 화학, 자연과학, 화학, ",815,0.0,,9791188731374
연어의 시간,마크 쿨란스키,"과학, ","교양과학, 교양동물, ",816,10.0,4.0,9791197918148
혼자 공부하는 대학물리학,황성태,"과학, 과학, 대학교재, ","물리학, 물리학일반, 대학교재, 물리학, 자연과학, 물리학, ",817,0.0,,9791159714955
잠의 과학,월리스 B. 멘덜슨,"과학, 건강, ","교양과학, 뇌과학, 질병치료/예방, 수면, ",818,0.0,,9791169090810
미분방정식,William E. Boyce 외,"과학, 과학, 대학교재, ","수학, 미분적분학, 대학교재, 수학, 자연과학, 수학, ",639,10.0,8.0,9788993543803
실버버그의 일반화학,Martin S. Silberberg 외,"과학, 과학, 대학교재, ","화학, 일반화학, 대학교재, 화학, 자연과학, 화학, ",820,0.0,,9791188731367
생명 여행,권혁빈 외,"과학, 과학, 대학교재, ","생물학, 생물과학, 대학교재, 생명과학, 자연과학, 생명과학, ",821,10.0,1.0,9788961544177
환경생태학,김동필 외,"과학, 과학, 대학교재, ","생물학, 생태학, 대학교재, 생명과학, 자연과학, 생명과학, ",822,0.0,,9788961544108
지오지브라를 활용한 선형대수학,최경식,"과학, 과학, 대학교재, ","수학, 선형대수학, 대학교재, 수학, 자연과학, 수학, ",823,10.0,1.0,9791191346435
대수학에 관한 연구,조지 피콕,"과학, 과학, 대학교재, ","수학, 수학일반, 대학교재, 수학, 자연과학, 수학, ",824,0.0,,9788957338438
다상 유체 유동에 대한 상태장 모델링과 멀티그리드 수치기법,곽수빈 외,"과학, 기술/공학, ","과학이론, 과학이론일반, 기계/역학/항공, 유체역학, ",825,0.0,,9791191346572
카할의 과학하는 삶,산티아고 라몬 이 카할,"과학, ","교양과학, 과학이야기, ",826,0.0,,9791198197320
대학물리학,Raymond A. Serway 외,"과학, 과학, 대학교재, ","물리학, 물리학일반, 대학교재, 물리학, 자연과학, 물리학, ",180,10.0,9.0,9791159714665
침엽수의 자연사,공우석,"과학, ","생물학, 식물학, ",828,10.0,2.0,9788994242859
퀀텀스토리,짐 배것,"과학, ","물리학, 양자역학, ",829,10.0,1.0,9791167960887
인공지능 속 수학,김수환,"과학, ","교양과학, 교양수학/수학이야기, ",830,0.0,,9791125103707
데이비드 애튼버러의 동물탐사기,데이비드 애튼버러,"과학, ","교양과학, 교양동물, ",831,0.0,,9788994242842
R 해양 빅데이터 분석,변상신,"과학, 과학, 과학, 컴퓨터/IT, 대학교재, 대학교재, ","지구과학, 해양학, 대학교재, 수학, 대학교재, 지학/광물학, 전산통계/해석, 자료분석/빅데이터, 자연과학, 수학, 자연과학, 지학/광물학, ",832,10.0,1.0,9788959729210
양성덕의 미분기하강의 3편,양성덕,"과학, 과학, 과학, 대학교재, ","수학, 미분적분학, 수학, 기하학, 대학교재, 수학, 자연과학, 수학, ",833,10.0,1.0,9791125103677
새로운 창세기,에드워드 윌슨,"과학, ","교양과학, 과학이야기, ",834,9.79,11.0,9791192107349
라파엘로가 사랑한 철학자들,김종성,"과학, 시/에세이, 인문, 과학, ","교양과학, 과학이야기, 인물/자전적에세이, 과학자, 철학, 교양철학, 교양과학, 과학자, ",835,10.0,6.0,9791165921996
지구의 미스터리,김종태,"과학, ","천문학, 지구, ",836,10.0,7.0,9791160546040
확률과 통계,이재원 외,"과학, 과학, 대학교재, ","수학, 통계, 대학교재, 수학, 자연과학, 수학, ",403,6.25,2.0,9791159711510
후생동물,피터 고프리스미스,"과학, ","교양과학, 교양동물, ",838,9.69,6.0,9791189680398
학교수학 종이접기 2: 내가 원하는 길이로 어떻게 접을까,이대영,"과학, ","교양과학, 교양수학/수학이야기, ",839,0.0,,9791191346558
감각의 거짓말 감각은 당신을 어떻게 속이는가,기 레슈차이너,"과학, ","교양과학, 뇌과학, ",840,10.0,11.0,9788965403500
수학은 스토리다,박옥균,"과학, ","교양과학, 교양수학/수학이야기, ",841,0.0,,9791189471033
이것이 최초의 블랙홀 사진입니다,하이노 팔케 외,"과학, ","천문학, 교양천문학, ",842,9.44,8.0,9788962632460
복잡한 세상을 이기는 수학의 힘,류쉐펑,"과학, ","교양과학, 교양수학/수학이야기, ",843,9.9,132.0,9791158741754
나쁜 씨앗들,카티아 아스타피에프,"과학, ","생물학, 식물학, ",844,9.83,15.0,9791190855389
비선형계획법,목타르 S. 바자라 외,"과학, 과학, 대학교재, ","수학, 현대대수학, 대학교재, 수학, 자연과학, 수학, ",845,0.0,,9788963248196
"모스크바 수학퍼즐: 1, 2단계 세트(전2권)",보리스 A. 코르뎀스키,"과학, ","교양과학, 교양수학/수학이야기, ",846,0.0,,9788963221960
과학기술의 일상사,"과학기술정책 읽어주는 남자들(박대인, 정한별)","과학, ","교양과학, 과학이야기, ",847,0.0,,9791190254236
수학을 공부하고 있다는 착각,조안호,"과학, 인문, ","교양과학, 교양수학/수학이야기, 교육학, 교과교육과정, ",848,10.0,11.0,9791197620720
과학고서 해제집 3,나일성 외,"과학, ","천문학, 이론천문학, ",849,0.0,,9788982501562
내 방에서 떠나는 우주여행(상): 우주여행 설명서 편,윤영은,"과학, ","교양과학, 교양우주, ",850,10.0,1.0,9791168366275
내 안의 물고기,닐 슈빈,"과학, ","교양과학, 교양생물, ",751,9.5,18.0,9788934934660
경이로운 꿀벌의 세계: 초개체 생태학,위르겐 타우츠,"과학, 과학, ","생물학, 생태학, 생물학, 동물학, ",752,9.4,20.0,9788991215849
과학이란 무엇인가,리처드 파인만,"과학, ","교양과학, 과학이야기, ",753,9.47,10.0,9788961390132
꿈꾸는 기계의 진화(복간복),로돌포 R. 이나스,"과학, 과학, ","생물학, 생물과학, 교양과학, 뇌과학, ",754,9.58,13.0,9788995677230
양서 파충류 도감,손상호 외,"과학, ","도감, 동물/곤충/어류도감, ",755,8.75,2.0,9788989370536
해석학,조영수 외,"과학, 과학, 대학교재, ","수학, 해석학, 대학교재, 수학, 자연과학, 수학, ",756,0.0,,9788961050036
파인만의 물리학 강의 2,리처드 파인만,"과학, 과학, 대학교재, ","물리학, 물리학일반, 대학교재, 물리학, 자연과학, 물리학, ",757,9.88,22.0,9788988907849
풀들의 전략,이나가키 히데히로,"과학, ","교양과학, 교양생명과학, ",758,9.5,7.0,9788972207061
현대통계학,김우철 외,"과학, 과학, 대학교재, ","수학, 통계, 대학교재, 수학, 자연과학, 수학, ",759,7.92,6.0,9788971940730
섹스의 진화,제러드 다이아몬드,"과학, ","과학문고, 사이언스 마스터스, ",760,9.23,37.0,9788983719416
화성암석학,LOREN A.RAYMOND,"과학, 과학, 대학교재, ","지구과학, 지형학, 대학교재, 지학/광물학, 자연과학, 지학/광물학, ",762,10.0,1.0,9788990685636
인간의 그늘에서:제인 구달의 침팬지 이야기,제인 구달,"과학, ","생물학, 면역,세포, ",763,9.0,4.0,9788983710888
현대물리학이 발견한 창조주,폴 데이비스,"과학, ","교양과학, 교양물리, ",764,9.67,13.0,9788935701537
변성암석학,LOREN A.RAYMOND,"과학, 과학, 대학교재, ","지구과학, 지형학, 대학교재, 지학/광물학, 자연과학, 지학/광물학, ",765,10.0,2.0,9788984450202
우주심과 정신물리학,이차크 벤토프,"과학, ","교양과학, 교양물리, ",766,9.67,9.0,9788935700165
누구나 읽을 수 있는 유클리드 기하학원론 3,정완상,"과학, ","수학, 기하학, ",767,0.0,,9791191346633
수학자의 변명,고드프리 해럴드 하디,"과학, ","교양과학, 교양수학/수학이야기, ",768,0.0,,9788961673372
아파트 속 과학,김홍재,"과학, 기술/공학, ","교양과학, 과학이야기, 건축/인테리어, 교양건축/건축이야기, ",769,0.0,,9791192229249
"하루 한 권, 일상 속 수학",사사키 준,"과학, ","교양과학, 교양수학/수학이야기, ",770,0.0,,9791169833820
"하루 한 권, 실력 향상의 길",고다마 미츠오,"과학, ","교양과학, 과학이야기, ",771,0.0,,9791169833707
과학을 생각하다(큰글자책),허준영,"과학, ","교양과학, 과학이야기, ",772,0.0,,9791187700869
과학을 생각하다,허준영,"과학, ","교양과학, 과학이야기, ",773,0.0,,9791187700500
사이버 물리 공간의 시대,최준균 외,"과학, 과학, 대학교재, ","물리학, 첨단물리학, 대학교재, 물리학, 자연과학, 물리학, ",774,0.0,,9791192908175
원소란 무엇인가,‘원소의 모든 것’ 편집실,"과학, ","교양과학, 교양물리, ",775,10.0,4.0,9791188768660
굿바이 남도풀꽃,김영선,"과학, ","교양과학, 교양식물, ",776,0.0,,9791188297788
한 권으로 이해하는 하늘의 과학,시라토리 케이,"과학, ","교양과학, 과학이야기, ",777,0.0,,9791168621411
"하루 한 권, 주기율의 세계",사이토 가쓰히로,"과학, ","교양과학, 교양화학, ",778,0.0,,9791169833264
수학과 자연 그리고 인간,성찬영,"과학, ","교양과학, 과학이야기, ",779,0.0,,9791125103745
수학은 문해력이다,차오름,"과학, ","수학, 수학일반, ",780,10.0,9.0,9791197023620
물리학의 숲에서,정태성,"과학, ","교양과학, 교양물리, ",781,0.0,,9791191926569
카본 퀸,마이아 와인스톡,"과학, 시/에세이, ","교양과학, 과학자, 인물/자전적에세이, 과학자, ",782,0.0,,9791188569458
"바다, 저자와의 대화 3",공강귀 외,"과학, ","지구과학, 해양학, ",783,10.0,3.0,9788918914053
화학으로의 초대,사키카와 노리유키,"과학, ","교양과학, 교양화학, ",784,0.0,,9788970446004
치매,캐슬린 테일러,"과학, 건강, ","교양과학, 뇌과학, 건강일반, 노년건강, ",785,0.0,,9788934963363
경이로운 지구의 생명들,데이비드 애튼버러,"과학, ","교양과학, 교양생물, ",786,10.0,4.0,9788972917977
진격의 물리학,이광진,"과학, ","교양과학, 교양물리, ",787,10.0,6.0,9791189799922
인간 등정의 발자취,제이콥 브로노우스키,"과학, ","생물학, 유전학, ",788,10.0,1.0,9791166891489
한국거미도감,김주필,"과학, ","도감, 동물/곤충/어류도감, ",789,0.0,,9791190631617
산불 관리의 과학적 근거,이창배 외,"과학, 과학, 대학교재, ","지구과학, 기상학/기후학, 대학교재, 지학/광물학, 자연과학, 지학/광물학, ",790,10.0,12.0,9791197643378
생명은 어떻게 정보가 되었는가,김동광,"과학, ","교양과학, 교양생명과학, ",791,0.0,,9788958208303
"두 뇌, 협력의 뇌과학",우타 프리스 외,"과학, ","교양과학, 뇌과학, ",792,10.0,6.0,9788934964414
"하루 한 권, 탄소",사이토 가쓰히로,"과학, ","교양과학, 교양화학, ",793,10.0,1.0,9791169832304
우리의 미래를 결정할 과학 4.0,박재용,"과학, 기술/공학, ","과학이론, 과학이론일반, 공학일반, 기술공학일반, ",794,9.92,29.0,9791198125613
가짜과학 세상을 여행하는 팩트체커를 위한 안내서,선정수,"과학, ","교양과학, 과학이야기, ",795,9.0,4.0,9788955479959
나의 뇌,최완섭 외,"과학, ","교양과학, 뇌과학, ",796,0.0,,9791168368224
그림으로 읽는 잠 못들 정도로 재미있는 이야기 심리학,시부야 쇼조,"과학, 인문, ","교양과학, 과학이야기, 심리학, 교양심리, ",797,0.0,,9788931558326
곤충의 짝짓기,정부희,"과학, ","교양과학, 교양곤충, ",798,0.0,,9791163142867
우리가 절대 알 수 없는 것들에 대해,마르쿠스 듀 소토이,"과학, ","교양과학, 과학이야기, ",799,10.0,1.0,9791167961136
자연은 언제나 인간을 앞선다,패트릭 아리,"과학, ","교양과학, 과학이야기, ",800,10.0,13.0,9791169255660
벼과 사초과 생태도감,조양훈 외,"과학, ","도감, 식물도감, ",701,9.17,5.0,9788994242422
고분자화학,Harry R. Allcock 외,"과학, 과학, 대학교재, ","화학, 고분자화학, 대학교재, 화학, 자연과학, 화학, ",702,8.44,5.0,9791158080624
세계를 바꾼 17가지 방정식,이언 스튜어트,"과학, ","교양과학, 교양수학/수학이야기, ",703,8.68,30.0,9788983717436
일반역학,Stephen T. Thornton 외,"과학, 과학, 대학교재, ","물리학, 역학, 대학교재, 물리학, 자연과학, 물리학, ",704,9.81,13.0,9788962183825
바닷물고기 나들이도감,명정구,"과학, ","도감, 동물/곤충/어류도감, ",705,9.29,8.0,9788984289079
갯벌 나들이도감,보리 편집부,"과학, 과학, ","도감, 동물/곤충/어류도감, 도감, 식물도감, ",706,9.0,8.0,9788984288928
수학의 수학,김민형 외,"과학, ","교양과학, 교양수학/수학이야기, ",707,8.47,10.0,9788956609775
현대대수학,John B. Fraleigh,"과학, 과학, 대학교재, ","수학, 현대대수학, 대학교재, 수학, 자연과학, 수학, ",708,9.7,23.0,9788998308162
천국의 문을 두드리며,리사 랜들,"과학, ","교양과학, 교양물리, ",709,8.24,22.0,9788983716798
뼈가 들려준 이야기,진주현,"과학, ","생물학, 생물과학, ",710,9.55,21.0,9791156756217
잃어버린 게놈을 찾아서,스반테 페보,"과학, ","교양과학, 교양유전, ",711,9.88,12.0,9788960515123
"과학, 인문으로 탐구하다",박민아 외,"과학, ","교양과학, 과학이야기, ",712,9.83,26.0,9788987527451
아주 특별한 생물학 수업,장수철 외,"과학, ","교양과학, 교양생물, ",713,9.38,10.0,9788958628538
마음의 미래,미치오 카쿠,"과학, ","교양과학, 뇌과학, ",714,9.24,60.0,9788934970576
회귀분석,Samprit Chatterjee 외,"과학, 과학, 대학교재, ","수학, 통계, 대학교재, 수학, 자연과학, 수학, ",715,9.62,8.0,9791158080105
내일의 경제,마크 뷰캐넌,"과학, 경제/경영, ","지구과학, 기상학/기후학, 경제일반, 경제전망, ",716,8.55,23.0,9788983716989
아인슈타인: 삶과 우주,월터 아이작슨,"과학, 시/에세이, 시/에세이, 역사/문화, 역사/문화, ","교양과학, 과학자, 인물/자전적에세이, 과학자, 인물/자전적에세이, 역사인물, 세계사, 세계역사인물, 역사인물, 세계역사인물, ",717,9.53,25.0,9788972914358
삼각 함수의 세계,일본 뉴턴프레스,"과학, ","수학, 집합/정수/함수, ",718,10.0,20.0,9788955378887
역사를 바꾼 17가지 화학이야기 1,페니 르 쿠터 외,"과학, ","교양과학, 교양화학, ",719,9.77,43.0,9788983711922
우주의 끝을 찾아서,이강환,"과학, ","교양과학, 교양우주, ",720,9.77,9.0,9788932316963
가지: 형태들을 연결하는 관계,필립 볼,"과학, ","교양과학, 과학이야기, ",721,10.0,2.0,9788983716538
대기역학,James R. Holton 외,"과학, 과학, 대학교재, ","지구과학, 기상학/기후학, 대학교재, 지학/광물학, 자연과학, 지학/광물학, ",722,10.0,2.0,9788968661341
8일간의 선형대수학,박부성,"과학, 과학, 대학교재, ","수학, 선형대수학, 대학교재, 수학, 자연과학, 수학, ",723,9.81,15.0,9788961057097
"미분적분학 1, 2 세트",James Stewart,"과학, 과학, 대학교재, ","수학, 미분적분학, 대학교재, 수학, 자연과학, 수학, ",724,9.0,19.0,9791125100027
지구의 정복자,에드워드 윌슨,"과학, ","교양과학, 교양우주, ",725,9.53,46.0,9788983716200
온도계의 철학,장하석,"과학, 과학, ","과학이론, 과학철학, 교양과학, 과학이야기, ",726,9.83,10.0,9788962620740
태양계의 모든것,마커스 초운,"과학, ","교양과학, 교양우주, ",727,9.77,12.0,9788984011762
소수 공상,김민형,"과학, ","교양과학, 교양수학/수학이야기, ",728,8.57,4.0,9788996914679
위대한 수학문제들,이언 스튜어트,"과학, ","교양과학, 교양수학/수학이야기, ",729,10.0,11.0,9788996914655
화학에서 영성을 만나다,황영애,"과학, 종교, ","교양과학, 교양화학, 기독교(개신교), 신앙생활, ",730,9.17,9.0,9788994418612
카오스(20주년 기념판),제임스 글릭,"과학, ","교양과학, 과학이야기, ",731,9.51,40.0,9788962620696
상대성이론: 특수 상대성 이론과 일반 상대성 이론,알베르트 아인슈타인,"과학, ","물리학, 물리학일반, ",732,9.33,11.0,9788966805488
철학적 질문 과학적 대답,김희준,"과학, ","교양과학, 과학이야기, ",733,8.68,18.0,9788996919506
대기모델링 자료동화 그리고 예측가능성,Eugenia Kalnay,"과학, 과학, 대학교재, ","지구과학, 기상학/기후학, 대학교재, 지학/광물학, 자연과학, 지학/광물학, ",734,10.0,1.0,9788958329145
자발적 진화,브루스립튼 외,"과학, 과학, ","생물학, 생물과학, 교양과학, 교양유전, ",735,10.0,8.0,9788935703593
우주이야기,위베르 리브스,"과학, ","교양과학, 교양우주, ",736,9.09,22.0,9788970636900
양자심리학,ARNOLD MINDELL,"과학, 인문, ","과학이론, 과학철학, 심리학, 심리이론, ",737,10.0,5.0,9788963306315
생명과학 교과서는 살아 있다,유영제 외,"과학, ","교양과학, 교양생명과학, ",738,8.68,16.0,9788962620320
로지코믹스,아포스톨로스 독시아디스 외,"과학, 만화, ","교양과학, 교양수학/수학이야기, 그래픽노블, 그래픽노블일반, ",739,8.93,47.0,9788925541648
파브르 식물 이야기,장 앙리 파브르,"과학, ","교양과학, 교양식물, ",740,9.9,17.0,9788958285212
현대 물리학과 동양사상,프리초프 카프라,"과학, 과학, 대학교재, ","물리학, 물리학일반, 대학교재, 물리학, 자연과학, 물리학, ",741,9.64,26.0,9788971671634
바이오필리아,에드워드 윌슨,"과학, ","교양과학, 교양유전, ",742,8.93,18.0,9788983715395
우주 이야기,토마스 베리 외,"과학, ","교양과학, 교양우주, ",743,10.0,3.0,9788985155311
아파야 산다,샤론 모알렘,"과학, ","교양과학, 교양생명과학, ",744,9.22,12.0,9788934941439
손바닥 식물도감: 여름 가을꽃 여름 가을나무편,이동혁,"과학, ","도감, 식물도감, ",745,7.5,1.0,9788962450392
손바닥 식물도감: 봄꽃 봄나무편,이동혁,"과학, ","도감, 식물도감, ",746,10.0,3.0,9788962450385
아름다움은 왜 진리인가,이언 스튜어트,"과학, 과학, ","교양과학, 과학이야기, 교양과학, 교양수학/수학이야기, ",747,9.58,8.0,9788961390323
양자화학,DONALD A. MCQUARRIE,"과학, 과학, 대학교재, ","화학, 화학이론, 대학교재, 화학, 자연과학, 화학, ",748,10.0,3.0,9788973388158
주머니 속 딱정벌레 도감,손상봉,"과학, ","도감, 동물/곤충/어류도감, ",749,7.5,2.0,9788989370642
과학기술의 역사,곽영직,"과학, ","과학이론, 과학의역사, ",750,10.0,2.0,9788955265965
한국의 양치식물,이창숙 외,"과학, ","도감, 식물도감, ",651,8.33,3.0,9788994242590
"행복한 교과서, 수학자를 만나다",계영희 외,"과학, ","교양과학, 교양수학/수학이야기, ",652,10.0,3.0,9791160731774
대학수학,김현석 외,"과학, 과학, 대학교재, ","수학, 공업수학/대학수학, 대학교재, 수학, 자연과학, 수학, ",653,7.5,1.0,9788936317638
수학에 관한 어마어마한 이야기,미카엘 로네,"과학, ","교양과학, 교양수학/수학이야기, ",654,10.0,6.0,9791188907182
뷰티풀 퀘스천,프랭크 윌첵,"과학, ","교양과학, 과학이야기, ",655,9.76,21.0,9788965962656
초공간,미치오 카쿠,"과학, ","교양과학, 교양물리, ",656,9.64,47.0,9788934981732
뇌와 뉴런(신경 세포),뉴턴프레스,"과학, ","교양과학, 뇌과학, ",657,9.57,22.0,9791161960302
통계학,김선민,"과학, ","수학, 통계, ",658,10.0,2.0,9788931582505
물리의 정석: 양자 역학 편,레너드 서스킨드 외,"과학, ","물리학, 양자역학, ",659,9.53,39.0,9788983718884
아날로그 사이언스: 그냥 시작하는 과학,윤진,"과학, ","교양과학, 과학이야기, ",660,9.71,28.0,9788956059594
신경과학: 뇌의 탐구,Mark F. BEAR 외,"과학, 과학, 대학교재, ","생물학, 생물학이론, 대학교재, 생명과학, 자연과학, 생명과학, ",661,10.0,5.0,9791185375137
"광물, 그 호기심의 문을 열다",이지섭,"과학, ","물리학, 광학/음향학, ",662,10.0,4.0,9788941181873
실해석학 개론,정동명 외,"과학, 과학, 대학교재, ","수학, 해석학, 대학교재, 수학, 자연과학, 수학, ",663,9.87,10.0,9791160730302
미분적분학 바이블,James Stewart,"과학, 과학, 대학교재, ","수학, 미분적분학, 대학교재, 수학, 자연과학, 수학, ",664,0.0,,9791156646143
미적분학 기초,수학교재편찬위원회,"과학, 과학, 대학교재, ","수학, 미분적분학, 대학교재, 수학, 자연과학, 수학, ",665,9.38,5.0,9791159711251
유기화학,사이토 가츠히로,"과학, ","화학, 유기화학, ",275,10.0,14.0,9791159712180
같기도 하고 아니 같기도 하고,로얼드 호프만,"과학, ","교양과학, 교양화학, ",667,9.65,25.0,9788972916536
광학,조재흥 외,"과학, 과학, 대학교재, ","물리학, 광학/음향학, 대학교재, 물리학, 자연과학, 물리학, ",668,10.0,8.0,9791158081621
문경수의 제주 과학 탐험,문경수,"과학, ","지구과학, 지형학, ",669,9.86,13.0,9788962622164
광학기기의 기초,김규욱,"과학, 과학, 대학교재, ","물리학, 광학/음향학, 대학교재, 물리학, 자연과학, 물리학, ",670,0.0,,9791159711169
통계적 인과 추론,Judea Pearl 외,"과학, 과학, 대학교재, ","수학, 통계, 대학교재, 수학, 자연과학, 수학, ",671,8.13,3.0,9791125102236
실버만 복소해석학: 복소해석학과 응용,Saminathan Ponnusamy 외,"과학, 과학, 대학교재, ","수학, 해석학, 대학교재, 수학, 자연과학, 수학, ",672,9.17,5.0,9791196120320
뇌과학으로 사회성 기르기,박솔,"과학, ","교양과학, 뇌과학, ",673,6.94,7.0,9788958204947
인체: 소화의 과정,아이뉴턴 편집부,"과학, ","교양과학, 교양생물, ",674,9.62,9.0,9791161960203
"생명, 경계에 서다",짐 알칼릴리 외,"과학, ","교양과학, 교양생명과학, ",675,9.78,12.0,9788967354589
DNA 혁명 크리스퍼 유전자가위,전방욱,"과학, ","교양과학, 교양유전, ",676,9.6,18.0,9788993690491
바닷바람을 맞으며,레이첼 카슨,"과학, ","교양과학, 교양자연, ",677,9.79,7.0,9788962631661
유전학의 이해,Benjamin A. Pierce,"과학, 과학, 대학교재, ","생물학, 유전학, 대학교재, 생명과학, 자연과학, 생명과학, ",678,10.0,2.0,9788961542777
터칭,애슐리 몬터규,"과학, ","교양과학, 과학이야기, ",679,8.33,3.0,9788967354367
인체 완전판,앨리스 로버츠 외 9인,"과학, 기술/공학, ","교양과학, 교양생물, 의학, 기초의학, ",680,9.56,20.0,9788983718365
수학의 언어로 세상을 본다면,오구리 히로시,"과학, ","교양과학, 교양수학/수학이야기, ",681,9.1,51.0,9788955619317
비행기 구조 교과서,나카무라 간지,"과학, 기술/공학, ","교양과학, 과학이야기, 기계/역학/항공, 항공/우주공학, ",683,9.24,22.0,9788964942802
친절한 과학 그림책,랜들 먼로,"과학, ","교양과학, 과학이야기, ",684,9.35,39.0,9788952785220
600가지 꽃 도감,한국화훼장식학회,"과학, ","도감, 식물도감, ",685,8.89,5.0,9788938502452
세컨드 네이처,제럴드 에델만,"과학, ","교양과학, 뇌과학, ",686,9.69,9.0,9788993166194
"함수, 통계, 기하에 관한 최소한의 수학지식",EBSMath 제작팀,"과학, ","교양과학, 교양수학/수학이야기, ",687,9.19,20.0,9788957368893
수와 문자에 관한 최소한의 수학지식,EBSMath 제작팀,"과학, ","교양과학, 교양수학/수학이야기, ",688,9.49,25.0,9788957368886
주머니 속 새도감,강창완 외,"과학, ","도감, 동물/곤충/어류도감, ",689,10.0,10.0,9791186821084
아인슈타인의 주사위와 슈뢰딩거의 고양이,폴 핼펀,"과학, ","교양과학, 교양물리, ",690,10.0,8.0,9791195618446
필드,린 맥태거트,"과학, ","교양과학, 과학이야기, ",691,9.29,9.0,9788934976431
"홍성욱의 STS, 과학을 경청하다",홍성욱,"과학, ","교양과학, 과학이야기, ",692,9.25,12.0,9788962621570
자동차 운전 교과서,가와사키 준코,"과학, 기술/공학, ","교양과학, 과학이야기, 자동차/운전, 자동차일반, ",693,8.78,20.0,9788964942710
과학을 읽다,정인경,"과학, 인문, ","교양과학, 과학이야기, 인문학일반, 인문교양, ",694,9.17,18.0,9791195651184
"과학한다, 고로 철학한다",팀 르윈스,"과학, ","과학이론, 과학철학, ",695,9.35,17.0,9791185104843
트라우마와 통증,스티브 헤인스,"과학, ","교양과학, 뇌과학, ",696,10.0,6.0,9788998282790
우리 모두의 수학자 오일러,윌리엄 던햄 외,"과학, 시/에세이, 과학, ","교양과학, 과학자, 인물/자전적에세이, 과학자, 교양과학, 교양수학/수학이야기, ",697,9.44,5.0,9788961059664
암흑 물질과 공룡,리사 랜들,"과학, ","교양과학, 교양우주, ",698,5.56,5.0,9788983712820
식물 도감,김성환,"과학, ","도감, 식물도감, ",699,9.62,8.0,9788997429646
수소 폭탄 만들기,리처드 로즈,"과학, ","교양과학, 교양화학, ",700,9.17,5.0,9788983717764
메타분석,황성동,"과학, 과학, 대학교재, ","수학, 통계, 대학교재, 수학, 자연과학, 수학, ",601,10.0,1.0,9788999721328
털 없는 원숭이(단독 리커버 한정 50주년 기념판),데즈먼드 모리스,"과학, ","생물학, 동물학, ",602,9.38,17.0,9788976044143
NASA 밤하늘을 기록하다,NASA 외,"과학, ","천문학, 교양천문학, ",603,9.55,19.0,9788931461992
잠 못들 정도로 재미있는 이야기: 비행기,남명관,"과학, 기술/공학, ","교양과학, 과학이야기, 기계/역학/항공, 항공/우주공학, ",604,10.0,9.0,9788931588828
신약의 탄생,윤태진,"과학, ","교양과학, 과학이야기, ",605,8.75,9.0,9791189932619
자연이 알려 주는 우리 속담,국립생태원,"과학, ","교양과학, 교양자연, ",606,0.0,,9791190518680
과학이 가르쳐준 것들,이정모,"과학, ","교양과학, 과학이야기, ",607,9.5,11.0,9791196486983
미생물학,Madigan 외,"과학, 과학, 대학교재, ","생물학, 미생물학, 대학교재, 생명과학, 자연과학, 생명과학, ",608,10.0,3.0,9788968240980
수학 역사 퍼즐,후지무라 고자부로 외,"과학, ","교양과학, 교양수학/수학이야기, ",609,10.0,1.0,9788970449265
범주형 자료분석 개론,Alan Agresti,"과학, 과학, 대학교재, ","수학, 통계, 대학교재, 수학, 자연과학, 수학, ",610,9.79,7.0,9791158082512
대학기초수학,유주식 외,"과학, 과학, 대학교재, ","수학, 기초수학, 대학교재, 수학, 자연과학, 수학, ",611,0.0,,9791160733273
"저글러, 땜장이, 놀이꾼, 디지털 세상을 설계하다",지미 소니 외,"과학, 과학, ","교양과학, 과학이야기, 과학이론, 과학의역사, ",613,9.55,6.0,9791189327057
너무 재밌어서 잠 못 드는 뇌과학,테오 컴퍼놀,"과학, ","교양과학, 뇌과학, ",615,8.24,20.0,9788965135753
심리 원리,DK 심리 원리 편집 위원회,"과학, ","교양과학, 과학이야기, ",616,9.72,9.0,9791189198824
화석은 말한다,도널드 R. 프로세로,"과학, ","교양과학, 교양유전, ",617,10.0,12.0,9791189932374
화학이란 무엇인가,피터 앳킨스,"과학, ","교양과학, 교양화학, ",618,9.25,10.0,9791189198848
식물의 책,이소영,"과학, ","교양과학, 교양식물, ",619,9.6,139.0,9788986022100
나는 과학책으로 세상을 다시 배웠다,최준석,"과학, ","교양과학, 과학이야기, ",620,9.23,29.0,9791189932343
내 몸 안의 주치의 면역학,하기와라 기요후미,"과학, 과학, 청소년, ","교양과학, 교양생물, 청소년 교양과학, 청소년 과학/컴퓨터, ",621,9.55,13.0,9791188544363
사고실험,조엘 레비,"과학, ","교양과학, 과학이야기, ",622,9.38,4.0,9791189680091
화학의 미스터리,김성근 외,"과학, ","교양과학, 교양화학, ",623,10.0,7.0,9791196765897
내 몸 안의 지식여행 인체생리학,다나카 에츠로,"과학, ","교양과학, 교양생물, ",624,10.0,4.0,9791188544356
딥스카이 원더스,수 프렌치,"과학, 과학, ","교양과학, 교양우주, 교양과학, 별자리, ",625,10.0,8.0,9788962623031
선형대수학,David C. Lay 외,"과학, 과학, 대학교재, ","수학, 선형대수학, 대학교재, 수학, 자연과학, 수학, ",417,9.38,7.0,9791195444991
공감각,리처드 사이토윅,"과학, ","교양과학, 뇌과학, ",627,9.75,11.0,9788934997894
우주날씨 이야기,황정아,"과학, ","교양과학, 교양우주, ",628,10.0,2.0,9791188569113
진공이란 무엇인가,히로세 타치시게 외,"과학, ","교양과학, 교양우주, ",629,10.0,2.0,9788970448961
만화로 쉽게 배우는 푸리에 해석,시부야 미치오,"과학, ","수학, 해석학, ",630,10.0,3.0,9788931588217
스트랭 미분방정식과 선형대수학,Gilbert Strang,"과학, 과학, 과학, 대학교재, ","수학, 미분적분학, 수학, 선형대수학, 대학교재, 수학, 자연과학, 수학, ",631,9.72,9.0,9791156644422
모든 것의 수다,고계원 외,"과학, ","교양과학, 교양수학/수학이야기, ",632,0.0,,9791189653286
대멸종 연대기,피터 브래넌,"과학, ","교양과학, 과학이야기, ",633,9.0,30.0,9788965963240
신경미학,마르틴 스코프 외,"과학, ","교양과학, 뇌과학, ",634,8.75,2.0,9788963246413
나우: 시간의 물리학,리처드 뮬러,"과학, ","물리학, 물리학일반, ",635,9.88,24.0,9791189932176
옥스퍼드 과학사,이완 라이스 모루스 외,"과학, ","과학이론, 과학의역사, ",636,9.76,12.0,9791189653163
위대한 세포,금동호,"과학, ","교양과학, 교양생명과학, ",637,9.17,7.0,9791164050130
풀꽃도감,이동혁,"과학, ","도감, 식물도감, ",638,10.0,4.0,9788997429301
생물심리학,James W. Kalat 외,"과학, 과학, 대학교재, ","생물학, 생물철학, 대학교재, 생명과학, 자연과학, 생명과학, ",640,9.38,9.0,9788998521707
먹을 수 있는 31가지 과학실험,오지마 요시미,"과학, ","교양과학, 과학이야기, ",641,9.38,4.0,9791158710958
현대기초통계학 이해와 적용,성태제,"과학, 과학, 대학교재, ","수학, 통계, 대학교재, 수학, 자연과학, 수학, ",643,9.5,5.0,9788999719240
생화학,Yaro Kiku,"과학, ","생물학, 생화학, ",644,10.0,6.0,9788931587661
원리로배우는 수학: 수의 원리편,아이뉴턴 편집부,"과학, ","교양과학, 교양수학/수학이야기, ",645,10.0,10.0,9791161960456
단백질의 일생,나가노 히로유키,"과학, ","교양과학, 과학이야기, ",646,10.0,6.0,9788985901871
머리를 비우는 뇌과학,닐스 비르바우머 외,"과학, ","교양과학, 뇌과학, ",647,9.17,17.0,9791157061419
크로마토그래피 및 질량 분석학의 이해,명승운,"과학, 과학, 대학교재, ","화학, 분석화학, 대학교재, 화학, 자연과학, 화학, ",648,10.0,1.0,9791158082055
곤충의 진화,김도윤,"과학, ","교양과학, 교양곤충, ",649,9.62,114.0,9791157842940
오해의 동물원,루시 쿡,"과학, ","교양과학, 교양동물, ",650,9.52,28.0,9791189327019
향의 과학,히라야마 노리아키,"과학, ","교양과학, 과학이야기, ",551,9.23,14.0,9791191290042
1분 물리학,중국과학원 물리연구소,"과학, ","교양과학, 교양물리, ",552,9.23,12.0,9791190641531
꿀벌의 민주주의,토머스 D. 실리,"과학, ","교양과학, 교양곤충, ",553,10.0,1.0,9788962632262
스케일이 전복된 세계,제이머 헌트,"과학, 인문, ","교양과학, 과학이야기, 인문학일반, 인문교양, ",554,7.5,1.0,9791167740007
풀꽃 이야기 도감,이영득,"과학, ","도감, 식물도감, ",555,10.0,6.0,9791186821572
약은 우리 몸에 어떤 작용을 하는가,야자와 사이언스오피스,"과학, 건강, ","교양과학, 교양생물, 건강일반, 건강이야기, ",556,10.0,8.0,9791188544714
달팽이는 왜?,권오길 외,"과학, ","교양과학, 교양곤충, ",557,9.77,12.0,9788978894692
미술관에 간 해부학자,이재호,"과학, ","교양과학, 교양생물, ",558,9.57,23.0,9791187150916
잠 못들 정도로 재미있는 이야기: 사회심리학,박남범 외,"과학, 정치/사회, ","교양과학, 과학이야기, 사회학, 사회학이론, ",559,10.0,7.0,9788931589610
쉬운 식물책,윤주복,"과학, ","도감, 식물도감, ",560,9.76,14.0,9791190779357
향의 언어,최낙언,"과학, 기술/공학, ","교양과학, 교양화학, 생활과학, 식품학, ",561,10.0,4.0,9788970016177
물리: 빛 소리 파동,김진미,"과학, ","교양과학, 교양물리, ",562,10.0,7.0,9788931579635
원소의 이름,피터 워더스,"과학, ","교양과학, 교양화학, ",563,9.68,38.0,9791155813744
기초 선형대수학,이광연 외,"과학, 과학, 대학교재, ","수학, 선형대수학, 대학교재, 수학, 자연과학, 수학, ",564,8.33,5.0,9791156645399
기본 일반화학,Steven S. Zumdahl 외,"과학, 과학, 대학교재, ","화학, 일반화학, 대학교재, 화학, 자연과학, 화학, ",376,0.0,,9788962184822
화학 연대기,장홍제,"과학, ","교양과학, 교양화학, ",566,9.64,19.0,9788954758239
방사능 팩트 체크,조건우 외,"과학, ","물리학, 원자력/핵/방사선, ",567,10.0,6.0,9791159713224
시간과 공간에 관하여,스티븐 호킹 외,"과학, ","교양과학, 교양물리, ",568,10.0,6.0,9788972917366
숲은 고요하지 않다,마들렌 치게,"과학, ","교양과학, 교양자연, ",569,9.76,30.0,9788965964377
기계학습을 위한 선형대수 및 최적화,Charu C. Aggarwal,"과학, 기술/공학, 과학, 대학교재, ","수학, 선형대수학, 기계/역학/항공, 기계공학이론, 대학교재, 수학, 자연과학, 수학, ",570,10.0,1.0,9791189057275
재미있는 수산물 이야기,김지민,"과학, ","교양과학, 교양생물, ",571,10.0,4.0,9791196387525
현대수학입문,김명환 외,"과학, 과학, 대학교재, ","수학, 수학일반, 대학교재, 수학, 자연과학, 수학, ",572,0.0,,9791160734645
세상에서 가장 재미있는 물리학,아트 후프만,"과학, ","교양과학, 교양물리, ",573,10.0,1.0,9788958206958
캠벨 생명과학,Urry,"과학, 과학, 대학교재, ","생물학, 생물과학, 대학교재, 생명과학, 자연과학, 생명과학, ",250,10.0,26.0,9788968241260
일반물리학,일반물리학 교재집필위원회,"과학, 과학, 대학교재, ","물리학, 물리학일반, 대학교재, 물리학, 자연과학, 물리학, ",575,0.0,,9791159713293
처음부터 화학이 이렇게 쉬웠다면,사마키 다케오,"과학, ","교양과학, 교양화학, ",577,10.0,23.0,9788947546935
열물리학,"Schroeder, Daniel V.","과학, 과학, 대학교재, ","물리학, 물리학일반, 대학교재, 물리학, 자연과학, 물리학, ",578,10.0,5.0,9788936320782
Harris 분석화학,Daniel C. Harris,"과학, 과학, 대학교재, ","화학, 분석화학, 대학교재, 화학, 자연과학, 화학, ",579,8.75,7.0,9791158082932
열과 엔트로피는 처음이지?,곽영직,"과학, ","교양과학, 교양물리, ",580,9.52,19.0,9788963193984
Kreyszig 공업수학 문제풀이 해설,텍스트북스 편집부,"과학, 과학, 대학교재, ","수학, 공업수학/대학수학, 대학교재, 수학, 자연과학, 수학, ",581,10.0,2.0,9791197305467
기후변화 과학,Teruyuki Nakajima 외,"과학, 과학, 대학교재, ","지구과학, 기상학/기후학, 대학교재, 지학/광물학, 자연과학, 지학/광물학, ",582,0.0,,9791156109082
사계절 꽃도감 엄선 327종,후카노 도시유키,"과학, ","도감, 식물도감, ",583,9.72,6.0,9788967541026
노벨화학상 요시노 박사의 리튬이온전지 발명 이야기,요시노 아키라,"과학, 기술/공학, ","교양과학, 발견/발명, 공학일반, 자원/에너지, ",584,9.38,3.0,9788931590364
상대성 이론,일본 뉴턴프레스,"과학, ","교양과학, 교양물리, ",419,9.71,22.0,9791195755684
"식물, 세계를 모험하다",스테파노 만쿠소,"과학, ","교양과학, 교양식물, ",586,10.0,14.0,9791190357517
내가 처음 뇌를 열었을 때,라훌 잔디얼,"과학, ","교양과학, 뇌과학, ",587,9.5,16.0,9791155813164
우리 땅 돌 이야기,이승배,"과학, 과학, ","교양과학, 교양우주, 지구과학, 암석학, ",588,10.0,4.0,9788998529253
논리의 기술,유지니아 쳉,"과학, ","교양과학, 교양수학/수학이야기, ",589,9.88,13.0,9788932920467
내 몸 안의 질병 원리 병리학,하야카와 긴야,"과학, 기술/공학, ","교양과학, 교양생물, 의학, 기초의학, ",590,10.0,8.0,9791188544554
법정에 선 수학,레일라 슈넵스 외,"과학, 과학, ","교양과학, 교양수학/수학이야기, 수학, 확률, ",591,9.64,26.0,9791187147589
1분 과학,이재범,"과학, ","교양과학, 과학이야기, ",592,9.76,63.0,9791190908771
제주도 지질여행(2020),김용제 외,"과학, 과학, 대학교재, ","지구과학, 구조지질학, 대학교재, 지학/광물학, 자연과학, 지학/광물학, ",593,10.0,2.0,9791190505086
세포,남궁석,"과학, 과학, ","교양과학, 교양생물, 생물학, 면역,세포, ",594,8.33,6.0,9791190254045
이기적 감정,랜돌프 M. 네스,"과학, ","교양과학, 교양생명과학, ",595,9.71,45.0,9791165212506
Cartoon College 생화학 1,신인철,"과학, 과학, 대학교재, ","생물학, 생화학, 대학교재, 생명과학, 자연과학, 생명과학, ",596,10.0,3.0,9791195476039
신도 주사위 놀이를 한다,이언 스튜어트,"과학, 과학, ","교양과학, 교양수학/수학이야기, 수학, 확률, ",597,9.4,15.0,9791188850969
잠 못들 정도로 재미있는 이야기: 수와 수식,"김지애 , 기승현","과학, ","교양과학, 교양수학/수학이야기, ",598,8.33,4.0,9788931588866
보이지 않는 무지개(상),아서 퍼스텐버그,"과학, 기술/공학, ","교양과학, 과학이야기, 환경/소방/도시/조경, 환경, ",599,10.0,1.0,9788961849555
보이지 않는 무지개(하),아서 퍼스텐버그,"과학, 기술/공학, ","교양과학, 교양생명과학, 환경/소방/도시/조경, 환경, ",600,10.0,1.0,9788961849562
화석맨,커밋 패티슨,"과학, ","교양과학, 과학이야기, ",501,9.88,18.0,9788934942481
우주의 바다로 간다면,케빈 피터 핸드,"과학, ","교양과학, 교양우주, ",502,10.0,8.0,9791164051694
고래의 모든 것,켈시 오세이드,"과학, ","교양과학, 교양동물, ",503,10.0,7.0,9791189895051
비행기 조종 기술 교과서,나카무라 간지,"과학, 기술/공학, ","교양과학, 과학이야기, 기계/역학/항공, 항공/우주공학, ",504,10.0,2.0,9788964945766
후성유전학,리처드 C. 프랜시스,"과학, ","교양과학, 교양유전, ",432,9.11,21.0,9788952770691
브레이킹 바운더리스,요한 록스트룀 외,"과학, ","지구과학, 기상학/기후학, ",506,2.5,2.0,9791192107141
그림과 함께 읽는 바디,빌 브라이슨,"과학, ","교양과학, 교양생물, ",507,0.0,,9788972917625
리 스몰린의 시간의 물리학,리 스몰린,"과학, ","물리학, 물리학일반, ",508,9.64,15.0,9788934942474
그림으로 지구과학의 개념을 배운다 중고등학교 지구과학,뉴턴프레스,"과학, ","교양과학, 교양우주, ",509,10.0,4.0,9791161961200
알수록 재미있는 미적분,히사시 요코타,"과학, ","교양과학, 교양수학/수학이야기, ",510,10.0,6.0,9788959797394
정석근 교수의 되짚어보는 수산학,정석근,"과학, ","지구과학, 해양학, ",511,9.75,6.0,9791196696641
내 몸이 궁금해서 내 맘이 궁금해서,나흥식,"과학, ","교양과학, 과학이야기, ",512,10.0,1.0,9788998933449
생명을 묻다,정우현,"과학, ","생물학, 생물과학, ",513,9.74,11.0,9791197014871
우리는 모두 조금은 이상한 것을 믿는다,한국 스켑틱 편집부,"과학, ","교양과학, 과학이야기, ",514,9.77,12.0,9791166890987
기하학 세상을 설명하다,조던 엘렌버그,"과학, ","수학, 기하학, ",515,9.06,20.0,9791135474545
눈으로 보는 수학 3,로저 넬센,"과학, 과학, 대학교재, ","수학, 기초수학, 대학교재, 수학, 자연과학, 수학, ",516,0.0,,9791185408354
스파이크,마크 험프리스,"과학, ","교양과학, 뇌과학, ",517,9.76,33.0,9791164051625
중력에 대한 거의 모든 것,마커스 초운,"과학, 과학, ","교양과학, 교양우주, 교양과학, 교양물리, ",518,10.0,10.0,9788932322278
아리스토텔레스주의 실재론적 수학철학,제임스 프랭클린,"과학, ","수학, 수학일반, ",519,10.0,4.0,9791160735376
오래된 기억들의 방,베로니카 오킨,"과학, ","교양과학, 뇌과학, ",520,9.82,29.0,9788925578132
유전자 클로닝과 DNA분석,T.A.Brown,"과학, 과학, 대학교재, ","생물학, 유전학, 대학교재, 생명과학, 자연과학, 생명과학, ",521,0.0,,9788958813125
최소한의 수학,John Bird,"과학, 과학, 대학교재, ","수학, 공업수학/대학수학, 대학교재, 수학, 자연과학, 수학, ",522,10.0,1.0,9791156646044
지오지브라 바이블,최경식,"과학, ","수학, 수학일반, ",523,10.0,1.0,9791191346381
수면과 기억의 과학,뉴턴프레스,"과학, ","교양과학, 뇌과학, ",524,10.0,4.0,9791161961163
"색, 빛의 언어",악셀 뷔터,"과학, 인문, ","교양과학, 과학이야기, 심리학, 발달단계별심리, ",525,10.0,6.0,9791189722531
왼손잡이 우주,최강신,"과학, ","교양과학, 과학이야기, ",526,9.5,9.0,9788962624304
모두를 위한 테크노사이언스 강의,김명진,"과학, ","교양과학, 과학이야기, ",527,0.0,,9788958207689
야생조류 필드 가이드,박종길,"과학, ","도감, 동물/곤충/어류도감, ",337,10.0,1.0,9791164500444
위험한 숫자들,사너 블라우,"과학, ","교양과학, 교양수학/수학이야기, ",529,9.5,33.0,9791165218935
기기분석,대학화학교재연구회,"과학, 과학, 대학교재, ","화학, 기기분석, 대학교재, 화학, 자연과학, 화학, ",530,0.0,,9788942593569
공학수학 1,Dennis G. Zill,"과학, 과학, 대학교재, ","수학, 공업수학/대학수학, 대학교재, 수학, 자연과학, 수학, ",531,10.0,11.0,9791191679076
정수론,임근빈 외,"과학, 과학, 대학교재, ","수학, 집합/정수/함수, 대학교재, 수학, 자연과학, 수학, ",532,10.0,1.0,9791160735185
"뇌과학자의 엄마, 치매에 걸리다",온조 아야코,"과학, 건강, ","교양과학, 뇌과학, 건강일반, 노년건강, ",533,10.0,5.0,9788959090754
"뭉크씨, 도파민 과잉입니다",안철우,"과학, ","교양과학, 교양생물, ",534,9.75,35.0,9788934951346
STEIN 복소해석학,Elias M. Stein 외,"과학, 과학, 대학교재, ","수학, 해석학, 대학교재, 수학, 자연과학, 수학, ",535,10.0,1.0,9791156645894
동네에서 만난 새,이치니치 잇슈,"과학, 과학, 청소년, ","교양과학, 교양동물, 청소년 교양과학, 청소년 과학/컴퓨터, ",536,9.89,13.0,9791186440742
비모수통계학 with R,정성규,"과학, 과학, 대학교재, ","수학, 통계, 대학교재, 수학, 자연과학, 수학, ",537,10.0,1.0,9791158083441
수학은 우주로 흐른다,송용진,"과학, ","교양과학, 교양수학/수학이야기, ",538,8.77,39.0,9791130679068
그림으로 읽는 친절한 기후위기 이야기,인포비주얼 연구소,"과학, 정치/사회, ","교양과학, 과학이야기, 사회문제/복지, 사회문제, ",539,10.0,2.0,9791197404306
그림으로 읽는 친절한 플라스틱 이야기,인포비주얼 연구소,"과학, 정치/사회, ","교양과학, 과학이야기, 사회문제/복지, 사회문제, ",540,10.0,3.0,9791197404313
오늘의 천체관측,심재철 외,"과학, ","교양과학, 별자리, ",541,9.84,36.0,9788932321738
공식의 아름다움,양자학파,"과학, ","교양과학, 과학이야기, ",542,9.54,197.0,9791158741297
문명의 자연사,마크 버트니스,"과학, ","교양과학, 교양생명과학, ",543,10.0,11.0,9788972917557
데이터 과학자의 일,손승우 외,"과학, 과학, ","교양과학, 과학이야기, 수학, 통계, ",544,10.0,10.0,9791160807172
곽재식의 아파트 생물학,곽재식,"과학, ","교양과학, 과학이야기, ",545,9.9,23.0,9791189799540
과학은 논쟁이다,이강영 외,"과학, ","과학이론, 과학철학, ",546,10.0,3.0,9791167960924
벡터해석학,안영준,"과학, 과학, 대학교재, ","수학, 해석학, 대학교재, 수학, 자연과학, 수학, ",547,0.0,,9791160734843
왜 다윈이 중요한가,마이클 셔머,"과학, ","교양과학, 교양유전, ",548,10.0,1.0,9791166890390
도란도란 화학 이야기,윤용진,"과학, ","교양과학, 교양화학, ",549,0.0,,9791158083120
수학 언어로 문화재를 읽다,오혜정,"과학, ","교양과학, 교양수학/수학이야기, ",550,10.0,3.0,9788959796670
그림으로 읽는 잠 못들 정도로 재미있는 이야기 스트레스,유키 유,"과학, 건강, ","교양과학, 과학이야기, 건강일반, 스트레스, ",451,9.83,15.0,9788931558296
효소,폴 엥겔,"과학, ","교양과학, 교양화학, ",452,10.0,2.0,9788934963226
수학 아이디어 퍼즐,후지무라 고자부로 외,"과학, ","교양과학, 교양수학/수학이야기, ",453,0.0,,9788970445991
휘어진 시대 세트,남영,"과학, 시/에세이, 과학, ","과학이론, 과학의역사, 인물/자전적에세이, 과학자, 교양과학, 과학자, ",454,0.0,,9788958208266
미래의 자연사,롭 던,"과학, ","생물학, 생물학이론, ",455,9.38,9.0,9788972917960
세상의 나무,육상수 외,"과학, ","교양과학, 교양식물, ",456,10.0,6.0,9791195728992
불확정성 원리,쓰즈키 다쿠지,"과학, ","물리학, 물리학일반, ",457,10.0,3.0,9788970445960
"하천과 습지, 식물의 역동적인 적응과 생태",이율경 외,"과학, ","생물학, 생태학, ",458,0.0,,9791198245908
지구 온난화 교과서,뉴턴프레스,"과학, ","지구과학, 기상학/기후학, ",459,10.0,2.0,9791161961255
나의 첫 뇌과학 수업,앨리슨 콜드웰 외,"과학, ","교양과학, 뇌과학, ",460,10.0,3.0,9791191311211
트랜스휴머니즘의 역사와 철학,로베르토 만조코,"과학, 과학, ","과학이론, 과학철학, 과학이론, 과학의역사, ",461,0.0,,9791163721932
우주탐사의 물리학,윤복원,"과학, 과학, ","교양과학, 교양우주, 교양과학, 교양물리, ",462,9.0,4.0,9788962624861
물질의 재발견,정세영 외,"과학, ","교양과학, 교양물리, ",463,10.0,3.0,9788934950929
나무의 자리,에마뉘엘 케시르-르프티,"과학, ","교양과학, 교양식물, ",464,0.0,,9791190282673
꽃의 계절,에마뉘엘 케시르-르프티,"과학, ","교양과학, 교양식물, ",465,0.0,,9791190282666
천재지변에서 살아남는 법,남성현,"과학, 과학, 청소년, ","지구과학, 기상학/기후학, 청소년 교양과학, 청소년 과학/컴퓨터, ",466,10.0,1.0,9791188569434
괴테의 식물변형론,요한 볼프강 폰 괴테,"과학, ","교양과학, 교양식물, ",467,0.0,,9791189534387
마음은 어떻게 기계가 되었나,장피에르 뒤피,"과학, ","과학이론, 과학의역사, ",468,10.0,1.0,9791128894763
수학 독습법,도미시마 유스케,"과학, ","수학, 수학일반, ",469,10.0,12.0,9788965020059
디딤돌 기초생물학,유민 외,"과학, 과학, 대학교재, ","생물학, 생물학이론, 대학교재, 생명과학, 자연과학, 생명과학, ",470,0.0,,9791162602607
레이먼드 창의 일반화학,Jason Overby 외,"과학, 과학, 대학교재, ","화학, 일반화학, 대학교재, 화학, 자연과학, 화학, ",471,0.0,,9791188731343
발생생물학,전상학 외,"과학, 과학, 대학교재, ","생물학, 발생생물학, 대학교재, 생명과학, 자연과학, 생명과학, ",472,10.0,2.0,9788961544030
레이먼드 창의 기본 일반화학,Jason Overby 외,"과학, 과학, 대학교재, ","화학, 일반화학, 대학교재, 화학, 자연과학, 화학, ",473,0.0,,9791188731350
암석역학,강성승 외,"과학, 과학, 대학교재, ","지구과학, 암석학, 대학교재, 지학/광물학, 자연과학, 지학/광물학, ",474,10.0,1.0,9791168561342
극단 모형을 이용한 기후변화 통계론,박정수,"과학, 과학, ","지구과학, 기상학/기후학, 수학, 통계, ",475,0.0,,9788968499678
합성 유기화학,하현준,"과학, 과학, 대학교재, ","화학, 유기화학, 대학교재, 화학, 자연과학, 화학, ",476,0.0,,9791158084318
친절한 공학수학 문제풀이,노태완,"과학, 과학, 대학교재, ","수학, 공업수학/대학수학, 대학교재, 수학, 자연과학, 수학, ",477,0.0,,9791191791167
즐기면서 익히는 논리적 사고,뉴턴프레스,"과학, ","교양과학, 과학이야기, ",478,10.0,3.0,9791161961231
"우주에서 전합니다, 당신의 동료로부터",노구치 소이치,"과학, ","교양과학, 교양우주, ",479,10.0,12.0,9788925577012
잠 못들 정도로 재미있는 이야기: 해부학,사카이 다쓰오,"과학, ","교양과학, 교양생물, ",480,9.75,10.0,9788931558302
파인먼 평전,제임스 글릭,"과학, 시/에세이, 과학, ","교양과학, 과학자, 인물/자전적에세이, 과학자, 물리학, 물리학일반, ",481,9.71,9.0,9788962624809
캐런 바라드,박신현,"과학, 인문, 과학, ","물리학, 양자역학, 철학, 철학이론, 과학이론, 과학철학, ",482,6.25,2.0,9791128896507
잠 못들 정도로 재미있는 이야기: 면역력,이시하라 니나,"과학, ","교양과학, 교양생물, ",483,9.17,4.0,9788931558180
헨리에타 랙스의 불멸의 삶,리베카 스클루트,"과학, 시/에세이, ","교양과학, 교양생명과학, 나라별 에세이, 영미에세이, ",484,10.0,1.0,9791187313618
알지오매스 따라하며 배우기,최중오,"과학, 과학, 대학교재, ","수학, 수학일반, 대학교재, 수학, 자연과학, 수학, ",485,0.0,,9791191346503
누구나 읽을 수 있는 유클리드 기하학원론 2,정완상,"과학, ","수학, 기하학, ",486,0.0,,9791191346541
우리에게 보통의 용기가 있다면,탄소 연감 네트워크,"과학, 정치/사회, 과학, ","교양과학, 교양우주, 사회문제/복지, 사회문제, 지구과학, 기상학/기후학, ",487,10.0,3.0,9791159318719
과학혁명과 세계관의 전환 2: 지동설의 제창과 상극적인 우주론들,야마모토 요시타카,"과학, ","교양과학, 과학이야기, ",488,10.0,3.0,9788962624731
한 권으로 끝내는 중학 수학(2023),박구연,"과학, 중/고등참고서, 청소년, ","교양과학, 교양수학/수학이야기, 영어/수학일반/한자, 수학관련, 청소년 과학/컴퓨터, ",489,0.0,,9788959795000
요즘 과학,이민환,"과학, ","교양과학, 과학이야기, ",490,10.0,5.0,9791190955768
이토록 재밌는 화학 이야기,사마키 다케오,"과학, ","교양과학, 교양화학, ",491,10.0,15.0,9791167961099
초연결 과학기술 혁명의 구조,김홍기,"과학, 과학, ","교양과학, 과학이야기, 과학이론, 과학철학, ",492,10.0,1.0,9788952131416
맛의 과학,밥 홈즈,"과학, ","교양과학, 과학이야기, ",493,0.0,,9791170222521
유클리드 원론 1,유클리드,"과학, 과학, 대학교재, ","수학, 수학일반, 대학교재, 수학, 자연과학, 수학, ",494,8.64,8.0,9788957338216
생명과학을 쉽게 쓰려고 노력했습니다,박종현,"과학, ","생물학, 생물과학, ",495,10.0,1.0,9791196960940
곽재식의 유령 잡는 화학자,곽재식,"과학, ",,496,9.77,11.0,9788934943402
상대성 이론이란 무엇인가,제프리 베네트,"과학, 과학, 대학교재, ","물리학, 물리학일반, 대학교재, 물리학, 자연과학, 물리학, ",497,10.0,4.0,9791170222507
생물은 왜 죽는가,고바야시 다케히코,"과학, ","교양과학, 교양생물, ",498,10.0,6.0,9791190933193
꽃식물의 이해,엔 베빙턴,"과학, ","교양과학, 교양식물, ",499,10.0,1.0,9791197055553
인체 해부 도감,미즈시마 아키히코,"과학, ","교양과학, 교양생물, ",500,10.0,4.0,9791168620681
수리물리학,Mary L. Boas,"과학, 과학, 대학교재, ","물리학, 수리물리학, 대학교재, 물리학, 자연과학, 물리학, ",401,9.82,14.0,9791196461782
비행기 역학 교과서,고바야시 아키오,"과학, 기술/공학, ","교양과학, 과학이야기, 기계/역학/항공, 항공/우주공학, ",402,9.29,12.0,9788964943618
중고등학교 화학,뉴턴프레스,"과학, ","교양과학, 교양화학, ",404,9.44,40.0,9791161960395
물의 과학,제럴드 폴락,"과학, ","교양과학, 과학이야기, ",405,8.75,4.0,9788962622393
침팬지 폴리틱스,프란스 드 발,"과학, ","교양과학, 교양동물, ",406,9.74,26.0,9788955617085
저도 과학은 어렵습니다만,이정모,"과학, ","교양과학, 과학이야기, ",407,8.32,55.0,9791196250515
스핀,이강영,"과학, ","물리학, 양자역학, ",408,9.84,10.0,9788998243081
미술관에 간 의학자,박광혁,"과학, 기술/공학, ","교양과학, 교양생물, 의학, 의학이야기, ",409,9.62,50.0,9791187150329
모든 것의 기원,데이비드 버코비치,"과학, ","과학이론, 과학의역사, ",410,9.53,38.0,9791159311314
재미있는 물리여행,루이스 캐럴 엡스타인,"과학, ","교양과학, 교양물리, ",411,9.64,68.0,9791188260164
더 브레인,데이비드 이글먼,"과학, ","교양과학, 뇌과학, ",412,9.41,93.0,9788956057293
야밤의 공대생 만화,맹기완,"과학, 만화, ","교양과학, 과학이야기, 교양만화, 교양, ",413,9.54,263.0,9788964620878
최신 태양계 대도감,편집부,"과학, ","교양과학, 교양우주, ",414,9.51,28.0,9791187879046
공학수학,김상목 외,"과학, 과학, 대학교재, ","수학, 공업수학/대학수학, 대학교재, 수학, 자연과학, 수학, ",415,9.0,3.0,9791160730012
인간 본성에 대하여,에드워드 윌슨,"과학, 과학, ","교양과학, 과학이야기, 과학이론, 과학철학, ",416,9.39,30.0,9788983712509
개미와 공작,헬레나 크로닌,"과학, 과학, ","교양과학, 교양생물, 교양과학, 교양유전, ",418,9.44,15.0,9788983718143
곤충 나들이도감,권혁도,"과학, ","도감, 동물/곤충/어류도감, ",420,9.66,15.0,9788984289277
신은 주사위 놀이를 하지 않는다,데이비드 핸드,"과학, 인문, ","교양과학, 과학이야기, 인문학일반, 미스테리, ",421,9.13,48.0,9791186978801
전자정복,데릭 청 외,"과학, ","교양과학, 과학이야기, ",422,10.0,7.0,9788920930720
집합과 수의 체계,계승혁,"과학, 과학, 대학교재, ","수학, 수학일반, 대학교재, 수학, 자연과학, 수학, ",423,9.75,14.0,9788961059244
"과학, 철학을 만나다",장하석,"과학, 인문, ","과학이론, 과학철학, 인문학일반, 인문교양, ",424,9.85,38.0,9791186082324
과학의 열쇠,로버트 M. 헤이즌 외,"과학, ","교양과학, 과학이야기, ",425,9.77,6.0,9788991799059
원소의 왕국,피터 앳킨스,"과학, ","과학문고, 사이언스 마스터스, ",426,9.55,7.0,9788983719423
우주의 68가지 비밀,일본 뉴턴프레스,"과학, ","교양과학, 교양우주, ",427,10.0,5.0,9788955378900
원자 폭탄 만들기 2,리처드 로즈,"과학, 과학, ","물리학, 카오스/빛/양자, 물리학, 원자력/핵/방사선, ",428,10.0,2.0,9788983719188
"1.4킬로그램의 우주, 뇌",정재승 외,"과학, ","교양과학, 뇌과학, ",429,9.92,20.0,9788983718839
자동차 정비 교과서,와키모리 히로시,"과학, 기술/공학, ","교양과학, 과학이야기, 자동차/운전, 자동차정비/수리, ",430,9.42,35.0,9788964941386
모양: 무질서가 스스로 만드는 규칙,필립 볼,"과학, ","교양과학, 과학이야기, ",431,9.64,4.0,9788983716514
제2의 뇌,마이클 D. 거숀,"과학, ","교양과학, 뇌과학, ",433,10.0,1.0,9791130411729
미술관에 간 화학자,전창림,"과학, 예술/대중문화, ","교양과학, 교양화학, 미술, 교양미술, ",434,9.34,55.0,9788997382163
파인만의 물리학 강의 3,리처드 파인만,"과학, 과학, 대학교재, ","물리학, 물리학일반, 대학교재, 물리학, 자연과학, 물리학, ",435,10.0,22.0,9788961390248
협력의 진화,로버트 액설로드,"과학, ","교양과학, 교양유전, ",436,9.38,23.0,9788956633008
양자역학,"Griffiths, David J. 외","과학, 과학, 대학교재, ","물리학, 양자역학, 대학교재, 물리학, 자연과학, 물리학, ",124,9.36,27.0,9788993543810
미토콘드리아,닉 레인,"과학, ","생물학, 미생물학, ",438,9.44,34.0,9788990024886
통계의 미학,최제호,"과학, ","수학, 통계, ",439,9.41,32.0,9788988165911
화학으로 이루어진 세상,K. 메데페셀헤르만 외,"과학, 과학, 대학교재, ","교양과학, 교양화학, 대학교재, 화학, 자연과학, 화학, ",440,9.55,24.0,9788990048820
인간은 왜 병에 걸리는가,R. 네스 외,"과학, ","교양과학, 교양생명과학, ",441,9.29,9.0,9788983710321
원자 폭탄 만들기 1,리처드 로즈,"과학, 과학, ","물리학, 카오스/빛/양자, 물리학, 원자력/핵/방사선, ",442,9.09,7.0,9788983719171
누구나 수학,위르겐 브릭,"과학, ","교양과학, 교양수학/수학이야기, ",443,0.0,,9788959797820
벌레가 지키는 세계,비키 허드,"과학, ","교양과학, 교양곤충, ",444,0.0,,9791192519708
모터사이클 구조 원리 교과서,이치카와 가쓰히코,"과학, 취미/실용/스포츠, ","교양과학, 과학이야기, 스포츠, 카레이싱/자전거, ",445,7.5,1.0,9788964946329
통계계산 이론 및 응용,정윤식,"과학, 과학, 대학교재, ","수학, 통계, 대학교재, 수학, 자연과학, 수학, ",446,0.0,,9791198061980
교사가 알아야 할 통계와 데이터과학,Anna Bargagliotti 외,"과학, 인문, 과학, 대학교재, ","수학, 통계, 교육학, 교육학이론, 대학교재, 수학, 자연과학, 수학, ",447,0.0,,9791160736397
희귀 핵에 담긴 우주,문창범,"과학, ","교양과학, 교양우주, ",448,0.0,,9791159715099
수학 평전,김정희,"과학, ","교양과학, 교양수학/수학이야기, ",449,0.0,,9791169257534
신경 이야기-인생을 좌우하는 신경계,아르민 그라우,"과학, ","교양과학, 뇌과학, ",450,10.0,4.0,9791185653976
물리지 않는 물리학,이노키 마사후미,"과학, ","교양과학, 교양물리, ",351,10.0,3.0,9791188469857
뇌 과학의 모든 역사,매튜 코브,"과학, ","교양과학, 뇌과학, ",352,9.87,41.0,9791156758969
누구나 따라 할 수 있는 돈이 되는 발명·특허,김상준,"과학, ","교양과학, 발견/발명, ",353,9.25,13.0,9791158772673
지금 다시 계몽,스티븐 핑커,"과학, ","교양과학, 과학이야기, ",354,9.6,85.0,9791191187298
인공지능은 무엇이 되려 하는가,스티븐 핑커 외,"과학, 컴퓨터/IT, ","교양과학, 과학이야기, 컴퓨터공학, 인공지능, ",355,8.5,5.0,9791189336417
실험설계와 분석,Douglas C. Montgomery,"과학, 과학, 대학교재, ","수학, 통계, 대학교재, 수학, 자연과학, 수학, ",356,10.0,1.0,9791158083151
원병묵 교수의 과학 논문 쓰는 법,원병묵,"과학, 인문, ","과학이론, 과학이론일반, 독서/글쓰기, 글쓰기, ",357,10.0,7.0,9791197020049
생명과학 사전,오이시 마사미치,"과학, ","교양과학, 교양생명과학, ",358,9.25,14.0,9788955889703
나무 이야기 도감,이영득,"과학, ","교양과학, 교양식물, ",359,10.0,9.0,9791186821565
문과 출신도 웃으면서 보는 양자물리학 만화,뤄진하이,"과학, 과학, ","교양과학, 교양물리, 물리학, 양자역학, ",360,8.93,7.0,9788965136408
새의 언어,데이비드 앨런 시블리,"과학, ","교양과학, 교양동물, ",361,9.83,34.0,9791155813454
세상에서 가장 재미있는 대수학,래리 고닉,"과학, 과학, ","교양과학, 교양수학/수학이야기, 수학, 현대대수학, ",362,10.0,6.0,9788958206934
더 이상한 수학책,벤 올린,"과학, ","교양과학, 교양수학/수학이야기, ",363,9.75,60.0,9791191013122
세상을 바꾼 생명과학,원정현,"과학, ","교양과학, 교양생명과학, ",364,9.71,9.0,9788965822905
핵심 미분적분학,James Stewart 외,"과학, 과학, 대학교재, ","수학, 미분적분학, 대학교재, 수학, 자연과학, 수학, ",365,9.0,8.0,9791160734126
생명과학을 위한 수학 1,강혜정,"과학, 과학, 과학, 과학, 대학교재, 대학교재, ","수학, 수학일반, 생물학, 생물과학, 대학교재, 수학, 대학교재, 생명과학, 자연과학, 수학, 자연과학, 생명과학, ",366,10.0,1.0,9791160734140
데이터과학자의 사고법,김용대,"과학, 과학, ","교양과학, 과학이야기, 수학, 통계, ",367,9.61,37.0,9788934986829
일반물리학 1,David Halliday 외,"과학, 과학, 대학교재, ","물리학, 물리학일반, 대학교재, 물리학, 자연과학, 물리학, ",368,9.87,20.0,9791197305429
"생명과학, 바이오테크로 날개 달다",김응빈,"과학, ","교양과학, 교양생명과학, ",370,9.85,14.0,9788987527857
날마다 구름 한점,개빈 프레터피니,"과학, 과학, ","교양과학, 교양우주, 지구과학, 기상학/기후학, ",371,9.58,36.0,9788934991786
미분적분학,James Stewart 외,"과학, 과학, 대학교재, ","수학, 미분적분학, 대학교재, 수학, 자연과학, 수학, ",152,8.75,18.0,9791160733853
궁궐의 우리 나무 1(큰글자책),박상진,"과학, ","교양과학, 교양식물, ",373,10.0,1.0,9791189074296
수학대백과사전,구라모토 다카후미,"과학, ","교양과학, 교양수학/수학이야기, ",374,9.53,22.0,9791157686773
곽재식의 미래를 파는 상점,곽재식,"과학, ","교양과학, 과학이야기, ",375,10.0,13.0,9791156333074
인간 없는 세상,앨런 와이즈먼,"과학, 정치/사회, ","교양과학, 과학이야기, 사회문제/복지, 사회문제, ",377,10.0,6.0,9788925589794
나무 이야기,케빈 홉스 외,"과학, ","교양과학, 교양식물, ",378,9.09,22.0,9791160074970
아인슈타인이 괴델과 함께 걸을 때,짐 홀트,"과학, ","교양과학, 과학이야기, ",379,9.75,62.0,9791188941445
피부는 인생이다,몬티 라이먼,"과학, ","교양과학, 교양생물, ",380,9.27,46.0,9791135462146
코스모스: 가능한 세계들,앤 드루얀,"과학, ","천문학, 교양천문학, ",381,9.79,101.0,9791190403283
고체물리학 기초,스티븐 사이먼,"과학, 과학, 대학교재, ","물리학, 물리학일반, 대학교재, 물리학, 자연과학, 물리학, ",382,10.0,3.0,9791159712609
물리화학,Peter Atkins 외,"과학, 과학, 대학교재, ","화학, 물리화학, 대학교재, 화학, 자연과학, 화학, ",383,9.55,43.0,9791159095788
미술관에 간 물리학자,서민아,"과학, ","교양과학, 교양물리, ",384,9.45,25.0,9791187150640
수학의 골든타임,최중오,"과학, ","교양과학, 교양수학/수학이야기, ",385,10.0,5.0,9791187541752
식물(Flora),DK 식물 편집 위원회,"과학, ","교양과학, 교양식물, ",386,9.88,23.0,9791189198817
때를 알다 해를 살다,유종반,"과학, ","교양과학, 교양자연, ",388,9.77,8.0,9788996360087
물리수학,김제완,"과학, 과학, 대학교재, ","수학, 수학일반, 대학교재, 수학, 자연과학, 수학, ",389,10.0,1.0,9788931588620
"앨런 튜링, 지능에 관하여",곽재식,"과학, 컴퓨터/IT, ","교양과학, 과학이야기, 컴퓨터공학, 컴퓨터공학/과학개론, ",390,9.71,9.0,9791190314008
세상은 온통 화학이야,마이 티 응우옌 킴,"과학, ","교양과학, 교양화학, ",391,9.84,110.0,9788947545150
무기화학,사이토 가츠히로,"과학, ","화학, 무기화학, ",392,9.9,14.0,9791159712197
기초화학,사마키 다케오 외,"과학, 과학, 대학교재, ","화학, 화학이론, 대학교재, 화학, 자연과학, 화학, ",393,9.66,15.0,9791159712173
체육관으로 간 뇌과학자,웬디 스즈키,"과학, ","교양과학, 뇌과학, ",394,9.63,27.0,9791188850600
공룡의 생태,김도윤,"과학, ","도감, 동물/곤충/어류도감, ",395,9.76,80.0,9791157843404
중고등학교 물리,뉴턴프레스,"과학, ","교양과학, 과학이야기, ",396,9.74,27.0,9791161960760
느낌의 진화,안토니오 다마지오,"과학, ","교양과학, 뇌과학, ",397,9.73,17.0,9788950981174
파란하늘 빨간지구,조천호,"과학, 정치/사회, ","지구과학, 기상학/기후학, 사회문제/복지, 사회문제, ",398,9.57,66.0,9788962622713
저도 과학은 어렵습니다만 2,이정모,"과학, ","교양과학, 과학이야기, ",399,9.3,15.0,9791196486945
물리[역학],Hideo Nitta,"과학, ","교양과학, 교양물리, ",400,9.58,6.0,9788931587784
"하루 한 권, 미적분",곤노 노리오,"과학, ","교양과학, 교양수학/수학이야기, ",301,0.0,,9791169832670
"안녕, 지구의 과학",소영무,"과학, ","교양과학, 교양우주, ",302,10.0,5.0,9791185415543
지렁이 생태 도감,홍용,"과학, ","도감, 동물/곤충/어류도감, ",303,0.0,,9791164500543
날마다 꽃 한 송이,미란다 자낫카,"과학, ","교양과학, 교양식물, ",304,9.82,13.0,9788934978404
가장 큰 걱정,류형돈,"과학, 건강, ","교양과학, 교양생물, 건강일반, 노년건강, ",305,8.75,2.0,9791190944939
화학의 역사,윌리엄 H. 브록,"과학, 과학, ","화학, 화학이론, 과학이론, 과학의역사, ",306,10.0,4.0,9791192968025
만일 물리학으로 세상을 볼 수 있다면,정창욱,"과학, ","교양과학, 교양물리, ",307,10.0,12.0,9791130642161
사마귀 생태 도감,변영호,"과학, ","도감, 동물/곤충/어류도감, ",308,10.0,1.0,9791164500529
"누리호, 우주로 가는 길을 열다",오승협,"과학, ","교양과학, 교양우주, ",309,10.0,28.0,9788925576916
아는 만큼 보이는 세상: 물리편,가와무라 야스후미,"과학, ","교양과학, 교양물리, ",311,9.62,12.0,9791192300504
편견 없는 뇌,지나 리폰,"과학, ","교양과학, 뇌과학, ",312,10.0,3.0,9791130696331
맥스웰의 전자기학 2,제임스 클러크 맥스웰,"과학, 기술/공학, 과학, 과학, 대학교재, ","물리학, 물리학일반, 전기/전자, 전기전자공학, 물리학, 전자기학/전기자기학, 대학교재, 물리학, 자연과학, 물리학, ",313,10.0,1.0,9788957338421
화학의 눈으로 보면 녹색지구가 펼쳐진다,원정현,"과학, ","화학, 일반화학, ",314,10.0,7.0,9791197637957
누구나 읽을 수 있는 유클리드 기하학원론 1,정완상,"과학, ","수학, 기하학, ",315,10.0,1.0,9791191346534
양적 추론,에릭 재슬로,"과학, ","수학, 수학일반, ",316,10.0,9.0,9788936812201
혼자 몰래 보는 화학 노트,라파엘라 크레셴치 외,"과학, ","교양과학, 교양화학, ",317,10.0,1.0,9791159714559
곽재식의 도시 탐구,곽재식,"과학, ","교양과학, 과학이야기, ",318,10.0,5.0,9791157747306
수학보다 데이터 문해력,정성규,"과학, 과학, ","교양과학, 교양수학/수학이야기, 수학, 통계, ",319,10.0,10.0,9788954799621
범죄 사건을 수학으로 해결하라 추리 수학,김주은 외,"과학, ","교양과학, 교양수학/수학이야기, ",320,9.69,6.0,9788959797493
그림으로 읽는 잠 못들 정도로 재미있는 이야기: 뇌,모기 겐이치로,"과학, ","교양과학, 뇌과학, ",321,10.0,6.0,9788931558210
감정의 뇌과학,레오나르드 믈로디노프,"과학, ","교양과학, 뇌과학, ",322,10.0,6.0,9788972917823
우리가 사랑에 빠질 수밖에 없는 이유,스테파니 카치오포,"과학, ","교양과학, 뇌과학, ",323,9.84,12.0,9791190955669
세상을 읽는 수학책,사이토 다카시,"과학, ","교양과학, 교양수학/수학이야기, ",324,10.0,5.0,9791191013450
딜리셔스,롭 던 외,"과학, 요리, ","교양과학, 교양유전, 요리일반, 요리일반, ",325,10.0,2.0,9788972917786
마음의 발달,Daniel J. Siegel,"과학, 기술/공학, ","교양과학, 뇌과학, 의학, 내과, ",326,0.0,,9791191658132
모기가 우리한테 해 준 게 뭔데?,프라우케 피셔 외,"과학, ","교양과학, 교양생물, ",327,10.0,9.0,9791189799762
페르마의 마지막 정리,사이먼 싱,"과학, ","교양과학, 교양수학/수학이야기, ",328,9.71,28.0,9788984012554
미치도록 기발한 수학 천재들,송명진,"과학, ","교양과학, 교양수학/수학이야기, ",329,9.91,24.0,9788968333866
운동의 역설,허먼 폰처,"과학, 건강, ","교양과학, 교양생물, 다이어트, 다이어트일반, ",330,9.43,14.0,9788990247834
"기억하는 뇌, 망각하는 뇌",이인아,"과학, ","교양과학, 뇌과학, ",331,9.81,32.0,9788950911799
원소 이야기,팀 제임스,"과학, ","교양과학, 과학이야기, ",332,9.72,15.0,9791157845903
수학으로 생각하기,스즈키 간타로,"과학, ","교양과학, 교양수학/수학이야기, ",333,9.32,19.0,9791191347906
신약개발 전쟁,이성규,"과학, ","생물학, 생물과학, ",334,8.85,7.0,9791188569366
신비롭지 않은 여자들,임소연,"과학, 인문, ","교양과학, 과학이야기, 인문학일반, 인문교양, ",335,9.5,15.0,9788937492075
정원을 가꾸고 있습니다,시몽 위로,"과학, ","교양과학, 교양식물, ",336,9.78,39.0,9788934961758
통계학대백과 사전,이시이 도시아키,"과학, ","교양과학, 교양수학/수학이야기, ",338,9.88,20.0,9791157687947
미분적분학: 기초부터 응용까지,수학교재편찬위원회,"과학, 과학, 대학교재, ","수학, 미분적분학, 대학교재, 수학, 자연과학, 수학, ",339,0.0,,9791156645955
비전공자도 이해할 수 있는 AI 지식,박상길,"과학, 컴퓨터/IT, ","교양과학, 과학이야기, 컴퓨터공학, 인공지능, ",340,9.63,88.0,9791167960221
감각 착각 환각,최낙언,"과학, ","교양과학, 뇌과학, ",341,10.0,2.0,9788970016238
호모 심비우스(리커버),최재천,"과학, ","교양과학, 교양유전, ",342,7.5,1.0,9791190944595
"새빨간 거짓말, 통계",대럴 허프,"과학, ","수학, 통계, ",343,10.0,11.0,9788958612131
배터리의 미래,M. 스탠리 위팅엄 외,"과학, 기술/공학, ","교양과학, 과학이야기, 공학일반, 기술공학일반, ",344,7.86,8.0,9791190944571
"뇌를 읽다, 마음을 읽다",권준수,"과학, ","교양과학, 뇌과학, ",345,9.61,40.0,9788950998608
수학을 읽어드립니다,남호성,"과학, ","교양과학, 교양수학/수학이야기, ",346,7.81,19.0,9788947547765
원소,필립 볼,"과학, ","교양과학, 교양화학, ",347,10.0,12.0,9791160807103
만화로 쉽게 배우는 물리수학,밤바 아야,"과학, ","교양과학, 교양수학/수학이야기, ",348,10.0,3.0,9788931557824
동물과의 대화,템플 그랜딘 외,"과학, 인문, ","교양과학, 교양동물, 인문학일반, 인문교양, ",349,9.89,18.0,9791197072949
기후의 힘,박정재,"과학, ","지구과학, 기상학/기후학, ",350,9.67,25.0,9791166890499
우연과 필연,자크 모노,"과학, ","교양과학, 교양생물, ",251,10.0,6.0,9788958207450
코드 브레이커,월터 아이작슨,"과학, ","교양과학, 교양생명과학, ",252,9.73,41.0,9788901256603
비주얼 수학,Newton Press,"과학, ","교양과학, 교양수학/수학이야기, ",253,10.0,12.0,9791168012066
통계학: with R,김태수,"과학, 과학, 대학교재, ","수학, 통계, 대학교재, 수학, 자연과학, 수학, ",254,10.0,1.0,9791158083298
지구의 짧은 역사,앤드루 H. 놀,"과학, ","교양과학, 과학이야기, ",255,9.49,38.0,9791130641423
수학비타민 플러스 UP,박경미,"과학, ","교양과학, 교양수학/수학이야기, ",256,10.0,24.0,9788934988397
Understanding Analysis 해석학 첫걸음,스티븐 애벗,"과학, 과학, 대학교재, ","수학, 해석학, 대학교재, 수학, 자연과학, 수학, ",257,10.0,15.0,9791156645542
"음식의 영혼, 발효의 모든 것",샌더 엘릭스 카츠,"과학, 기술/공학, ","교양과학, 과학이야기, 생활과학, 식품학, ",258,10.0,1.0,9788967359003
"매스매틱스 2: 유휘, 히파티아 편",이상엽,"과학, ","교양과학, 교양수학/수학이야기, ",259,9.62,9.0,9791165215613
작은 것들이 만든 거대한 세계,멀린 셀드레이크,"과학, ","생물학, 미생물학, ",260,9.53,22.0,9791187147725
"전략가, 잡초",이나가키 히데히로,"과학, ","교양과학, 교양식물, ",261,9.71,26.0,9791190357593
잠 못들 정도로 재미있는 이야기: 병리학,시가 미쓰구,"과학, 기술/공학, ","교양과학, 교양생물, 의학, 기초의학, ",262,10.0,5.0,9788931589634
캠벨 생명과학 포커스,Urry 외,"과학, 과학, 대학교재, ","생물학, 생물과학, 대학교재, 생명과학, 자연과학, 생명과학, ",263,10.0,7.0,9788968241154
수리통계학 개론,Rovert V. Hogg,"과학, 과학, 대학교재, ","수학, 통계, 대학교재, 수학, 자연과학, 수학, ",264,10.0,2.0,9789813137271
"매스매틱스 1: 피타고라스, 유클리드 편",이상엽,"과학, ","교양과학, 교양수학/수학이야기, ",265,9.48,20.0,9791165213732
부분과 전체,베르너 하이젠베르크,"과학, ","교양과학, 교양물리, ",40,10.0,2.0,9791187295686
"다시, 수학이 필요한 순간",김민형,"과학, ","교양과학, 교양수학/수학이야기, ",267,9.44,73.0,9791189995997
김상욱의 과학공부,김상욱,"과학, ","교양과학, 과학이야기, ",268,9.27,95.0,9788962621488
오늘도 약을 먹었습니다,박한슬,"과학, 기술/공학, ","교양과학, 과학이야기, 의학, 약학, ",269,9.68,30.0,9791189799229
운명의 과학,한나 크리츨로우,"과학, ","교양과학, 뇌과학, ",270,9.15,105.0,9791135462252
생물과 무생물 사이,후쿠오카 신이치,"과학, ","교양과학, 교양생물, ",271,9.16,113.0,9788956602189
나무도감,이광만 외,"과학, ","도감, 식물도감, ",272,9.4,13.0,9791196425425
나무 해설 도감,윤주복,"과학, ","도감, 식물도감, ",273,9.81,15.0,9788972215967
기본 천문학,Hannu Karttunen 외,"과학, 과학, 대학교재, ","천문학, 이론천문학, 대학교재, 천문학, 자연과학, 천문학, ",274,10.0,7.0,9791162262146
최무영 교수의 물리학 강의,최무영,"과학, 과학, ","교양과학, 교양물리, 물리학, 물리학일반, ",276,9.81,29.0,9788979661583
천문학 사전,전영범,"과학, ","천문학, 교양천문학, ",277,9.8,69.0,9788955883558
한국의 들꽃,김진석 외,"과학, ","도감, 식물도감, ",278,9.76,11.0,9788971999066
스케일,제프리 웨스트,"과학, ","교양과학, 과학이야기, ",279,9.38,113.0,9788934981763
"통계학, 빅데이터를 잡다",조재근,"과학, ","수학, 통계, ",280,9.86,52.0,9788987527598
"생명과학, 신에게 도전하다",송기원,"과학, ","교양과학, 교양생명과학, ",281,9.83,20.0,9788962621778
랩 걸,호프 자런,"과학, 시/에세이, 과학, ","교양과학, 교양식물, 인물/자전적에세이, 과학자, 교양과학, 과학자, ",282,9.45,360.0,9791159920967
이일하 교수의 생물학 산책,이일하,"과학, 과학, ","교양과학, 교양생물, 교양과학, 교양생명과학, ",283,9.13,16.0,9788958202837
일렉트릭 유니버스,데이비드 보더니스,"과학, 기술/공학, ","교양과학, 발견/발명, 공학일반, 기술공학일반, ",284,9.29,21.0,9791185628066
과학혁명의 구조,토머스 S. 쿤,"과학, ","과학이론, 과학이론일반, ",285,9.42,71.0,9788972915546
진화심리학,데이비드 버스,"과학, 과학, 과학, 대학교재, ","과학이론, 과학이론일반, 교양과학, 교양유전, 대학교재, 생명과학, 자연과학, 생명과학, ",286,9.57,71.0,9788901147093
물은 답을 알고 있다,에모토 마사루,"과학, ","교양과학, 과학이야기, ",287,8.42,62.0,9788984054356
숨겨진 우주,리사 랜들,"과학, ","교양과학, 교양우주, ",288,10.0,7.0,9788983712141
평행우주,미치오 카쿠,"과학, ","교양과학, 교양우주, ",289,9.42,37.0,9788934921073
시냅스와 자아,조지프 르두,"과학, 기술/공학, ","교양과학, 뇌과학, 의학, 내과, ",290,10.0,8.0,9788990247230
엘러건트 유니버스,브라이언 그린,"과학, ","교양과학, 교양물리, ",291,9.48,91.0,9788988907283
인류의 진화,이상희,"과학, ","교양과학, 교양유전, ",292,0.0,,9788962625684
허리케인 도마뱀과 플라스틱 오징어,소어 핸슨,"과학, 과학, ","교양과학, 교양생물, 지구과학, 기상학/기후학, ",293,10.0,1.0,9791168126473
수학은 어떻게 세상을 디자인하는가,마이클 슈나이더,"과학, 과학, 대학교재, ","교양과학, 교양수학/수학이야기, 대학교재, 수학, 자연과학, 수학, ",294,0.0,,9791160735451
르네상스의 두 사람,박은정,"과학, 과학, 청소년, ","교양과학, 과학이야기, 청소년 교양과학, 청소년 과학/컴퓨터, ",295,10.0,1.0,9791188569465
고양이와 물리학,블라트코 베드럴,"과학, ","교양과학, 교양물리, ",296,9.79,11.0,9788925576534
위기에서 살아남는 현명한 방법 자연기반해법,이우균 외,"과학, ","지구과학, 기상학/기후학, ",297,10.0,4.0,9791197643347
전의찬의 탄소중립 특강,전의찬,"과학, ","지구과학, 기상학/기후학, ",298,0.0,,9788994242866
날개 위의 세계,스콧 와이덴솔,"과학, ","교양과학, 교양동물, ",299,10.0,2.0,9788932923345
"20세기, 그너머의 과학사",존 에이거,"과학, ","교양과학, 과학이야기, ",300,0.0,,9788964621899
수학사 강의,이언 스튜어트,"과학, ","수학, 수학일반, ",201,9.71,20.0,9791185435602
생명의 수학,이언 스튜어트,"과학, ","교양과학, 교양수학/수학이야기, ",203,9.83,18.0,9788983717412
미적분으로 바라본 하루,오스카 E. 페르난데스,"과학, 과학, 대학교재, ","수학, 미분적분학, 대학교재, 수학, 자연과학, 수학, ",204,9.42,70.0,9788965400912
우발과 패턴,마크 뷰캐넌,"과학, ","교양과학, 교양물리, ",205,9.8,23.0,9788952771902
선태식물 관찰도감,국립생물자원관,"과학, ","도감, 식물도감, ",206,10.0,10.0,9788994242293
주머니 속 곤충 도감,손상봉,"과학, ","도감, 동물/곤충/어류도감, ",207,9.5,5.0,9788989370857
해석개론,김성기 외,"과학, 과학, 대학교재, ","수학, 해석학, 대학교재, 수학, 자연과학, 수학, ",208,9.7,15.0,9788952112415
뇌 생각의 출현,박문호,"과학, 인문, ","교양과학, 뇌과학, 인문학일반, 인문교양, ",209,9.14,27.0,9788958622598
리만 가설,존 더비셔,"과학, ","교양과학, 교양수학/수학이야기, ",210,9.73,19.0,9788988907887
파인만 씨 농담도 잘하시네 2,리처드 파인만,"과학, 시/에세이, ","교양과학, 과학자, 인물/자전적에세이, 과학자, ",211,9.73,36.0,9788983710451
곽재식과 힘의 용사들,곽재식,"과학, ","교양과학, 과학이야기, ",212,10.0,1.0,9791156335429
잠 못들 정도로 재미있는 이야기: 내장 지방,구리하라 다케시,"과학, 건강, ","교양과학, 교양생물, 건강식사, 식생활과건강, ",213,0.0,,9788931558272
작물보다 귀한 유산이 어디 있겠는가,한상기,"과학, 시/에세이, 과학, ","교양과학, 과학자, 인물/자전적에세이, 과학자, 생물학, 식물학, ",214,0.0,,9788920046834
마린 걸스,장수진 외,"과학, ","교양과학, 교양동물, ",215,0.0,,9791190254250
쉬운 곤충책,한영식,"과학, ","교양과학, 교양곤충, ",216,10.0,7.0,9791193003046
모래 군의 열두 달,알도 레오폴드,"과학, ","교양과학, 교양자연, ",217,0.0,,9791197941429
한국 파충류 생태 도감,이정현 외,"과학, ","도감, 동물/곤충/어류도감, ",218,10.0,1.0,9791164500550
별 너머에 존재하는 것들,아메데오 발비,"과학, ","교양과학, 교양우주, ",219,10.0,4.0,9791197617065
통계의 거짓말,게르트 보스바흐 외,"과학, ","수학, 통계, ",220,10.0,1.0,9788959797776
혼돈의 물리학,유상균,"과학, 과학, 청소년, ","교양과학, 과학이야기, 청소년 교양과학, 청소년 과학/컴퓨터, ",221,10.0,1.0,9791188569441
통계가 빨라지는 수학력,나가노 히로유키,"과학, ","수학, 수학일반, ",222,0.0,,9788963222073
꽃 책,윤주복,"과학, ","도감, 식물도감, ",223,10.0,6.0,9791198171818
"역사를 품은 수학, 수학을 품은 역사",김민형,"과학, ","교양과학, 교양수학/수학이야기, ",224,9.5,45.0,9788950998189
친절한 공학수학,노태완,"과학, 과학, 대학교재, ","수학, 공업수학/대학수학, 대학교재, 수학, 자연과학, 수학, ",225,0.0,,9791191791150
모든 것에 화학이 있다,케이트 비버도프,"과학, ","교양과학, 교양화학, ",226,10.0,7.0,9791192776361
왜곡하는 뇌,다이애나 도이치,"과학, ","교양과학, 뇌과학, ",227,10.0,10.0,9791185415536
맥스웰의 전자기학 1,제임스 클러크 맥스웰,"과학, 기술/공학, 과학, 과학, 대학교재, ","물리학, 물리학일반, 전기/전자, 전기전자공학, 물리학, 전자기학/전기자기학, 대학교재, 물리학, 자연과학, 물리학, ",228,0.0,,9788957338414
레닌저 생화학(하),David L. Nelson 외,"과학, 과학, 대학교재, ","생물학, 생화학, 대학교재, 생명과학, 자연과학, 생명과학, ",229,10.0,3.0,9788958813149
"뇌를 바꾼 공학, 공학을 바꾼 뇌",임창환,"과학, ","교양과학, 뇌과학, ",230,10.0,9.0,9791190116787
Brown 일반화학 세트,Theodore L. Brown 외,"과학, 과학, 대학교재, ","화학, 일반화학, 대학교재, 화학, 자연과학, 화학, ",231,10.0,5.0,9791158084196
"수학, 생각의 기술 UP",박종하,"과학, ","교양과학, 교양수학/수학이야기, ",232,9.44,13.0,9788934966159
이야기로 만나는 제주의 나무,이성권,"과학, ","교양과학, 교양식물, ",233,10.0,3.0,9791188806362
과학이 사랑에 대해 말해줄 수 있는 모든 것,애나 마친,"과학, 인문, ","교양과학, 과학이야기, 심리학, 교양심리, ",234,9.5,36.0,9791167740793
맛의 원리,최낙언,"과학, ","교양과학, 뇌과학, ",235,10.0,1.0,9788970016290
여섯 번째 대멸종,엘리자베스 콜버트,"과학, 정치/사회, ","교양과학, 과학이야기, 사회문제/복지, 사회문제, ",236,10.0,19.0,9791165346003
날로 먹는 분자세포생물학,신인철,"과학, 과학, 대학교재, ","생물학, 분자생물학, 대학교재, 생명과학, 자연과학, 생명과학, ",237,10.0,2.0,9788931558982
마이크로바이옴 건강와 노화의 비밀,브렛 핀레이 외,"과학, ","생물학, 미생물학, ",238,0.0,,9791188509621
정수론 첫걸음,Kuldeep Singh,"과학, 과학, 대학교재, ","수학, 집합/정수/함수, 대학교재, 수학, 자연과학, 수학, ",239,10.0,1.0,9791156646280
마지막 지평선,아메데오 발비,"과학, 과학, ","교양과학, 교양물리, 교양과학, 교양우주, ",240,10.0,8.0,9791197617041
"박테리아에서 바흐까지, 그리고 다시 박테리아로",대니얼 C. 데닛,"과학, ","교양과학, 과학이야기, ",241,9.83,10.0,9791166891137
인공지능과 뇌는 어떻게 생각하는가,이상완,"과학, 컴퓨터/IT, ","교양과학, 뇌과학, 컴퓨터공학, 인공지능, ",242,10.0,21.0,9791160201758
최리노의 한 권으로 끝내는 반도체 이야기,최리노,"과학, 기술/공학, 기술/공학, ","교양과학, 과학이야기, 공학일반, 기술공학일반, 전기/전자, 디지털/제어공학, ",243,9.74,10.0,9788994025896
식물분류학자 허태임의 나의 초록목록,허태임,"과학, ","교양과학, 교양식물, ",244,9.53,16.0,9788934943440
사라진 중성미자를 찾아서,박인규,"과학, ","물리학, 물리학일반, ",245,10.0,12.0,9788998243180
과학드림의 이상하게 빠져드는 과학책,김정훈(과학드림),"과학, ","교양과학, 과학이야기, ",246,9.77,33.0,9791165219734
어떻게 물리학을 사랑하지 않을 수 있을까?,짐 알칼릴리,"과학, ","교양과학, 교양물리, ",247,9.63,49.0,9791155814673
2022 Win-Q 기상기사·감정기사 필기 단기완성,이규태 외,"과학, ","지구과학, 기상학/기후학, ",248,10.0,7.0,9791138317559
물리의 정석: 특수 상대성 이론과 고전 장론 편,레너드 서스킨드 외,"과학, ","교양과학, 교양물리, ",249,10.0,16.0,9791191187311
시간의 역사(결정판),스티븐 호킹,"과학, ","교양과학, 교양우주, ",151,9.82,34.0,9788972917359
선형대수,Howard Anton 외,"과학, 과학, 대학교재, ","수학, 선형대수학, 대학교재, 수학, 자연과학, 수학, ",153,9.5,12.0,9791190017114
수리통계학,송성주 외,"과학, 과학, 대학교재, ","수학, 통계, 대학교재, 수학, 자연과학, 수학, ",155,10.0,9.0,9791158082406
기초 화학 사전,다케다 준이치로,"과학, ","교양과학, 과학이야기, ",156,9.92,40.0,9788955889369
나는 내가 죽었다고 생각했습니다,질 볼트 테일러,"과학, ","교양과학, 뇌과학, ",157,9.47,104.0,9791155811887
한국의 나무,김태영 외,"과학, ","도감, 식물도감, ",158,10.0,20.0,9788971999059
미술관에 간 수학자,이광연,"과학, ","교양과학, 교양수학/수학이야기, ",159,9.55,58.0,9791187150350
물리의 정석: 고전 역학 편,레너드 서스킨드 외,"과학, ","교양과학, 교양물리, ",160,9.61,124.0,9788983718372
진화하는 물,제럴드 폴락,"과학, ","생물학, 생물학이론, ",161,0.0,,9791128820045
어느 수학자의 변명,G.H.하디,"과학, ","교양과학, 교양수학/수학이야기, ",162,9.62,23.0,9788998853297
틀리지 않는 법,조던 엘렌버그,"과학, ","교양과학, 교양수학/수학이야기, ",163,9.27,73.0,9788932917658
제3의 침팬지,재레드 다이아몬드,"과학, ","교양과학, 교양유전, ",164,9.34,35.0,9788970129341
우리 본성의 선한 천사,스티븐 핑커,"과학, 인문, ","교양과학, 과학이야기, 심리학, 교양심리, ",165,9.85,102.0,9788983716897
뇌과학의 모든 것,박문호,"과학, ","교양과학, 뇌과학, ",166,9.94,29.0,9788958625957
기적을 부르는 뇌,노먼 도이지,"과학, ","교양과학, 뇌과학, ",167,9.13,15.0,9788959090419
특이점이 온다,레이 커즈와일,"과학, ","교양과학, 과학이야기, ",168,9.4,59.0,9788934924067
유클리드의 창: 기하학 이야기,레오나르드 믈로디노프,"과학, ","교양과학, 교양수학/수학이야기, ",169,8.86,14.0,9788972913344
고급회귀분석,박성현 외,"과학, 과학, 대학교재, ","수학, 통계, 대학교재, 수학, 자연과학, 수학, ",170,0.0,,9791186378465
프린키피아,아이작 뉴턴,"과학, 과학, 과학, ","물리학, 물리학일반, 과학이론, 과학의역사, 과학이론, 과학철학, ",35,9.23,10.0,9791160809862
저 바다에 고래가 있어,다지마 유코,"과학, ","교양과학, 교양자연, ",172,0.0,,9791189799946
삼국유사가 품은 식물 이야기,안진흥,"과학, ","교양과학, 교양식물, ",173,0.0,,9788994242873
그림으로 읽는 잠 못들 정도로 재미있는 이야기: 수면,니시노 세이지,"과학, 건강, ","교양과학, 교양생물, 질병치료/예방, 수면, ",174,0.0,,9788931558265
수식 없이 술술 양자물리,쥘리앙 보브로프,"과학, 과학, ","교양과학, 교양물리, 물리학, 양자역학, ",175,10.0,3.0,9791159715013
태양을 먹다,올리버 몰턴,"과학, 과학, ","생물학, 식물학, 지구과학, 기상학/기후학, ",176,9.38,4.0,9788962624922
우주에서 기다릴게,이소연,"과학, 과학, ","교양과학, 교양우주, 교양과학, 과학이야기, ",177,8.13,4.0,9791168126107
챗GPT 세상을 만드는 기본 수학 공식 100,박구연,"과학, ","교양과학, 교양수학/수학이야기, ",178,0.0,,9788959797752
"식물, 국가를 선언하다",스테파노 만쿠소,"과학, ","교양과학, 교양식물, ",179,10.0,1.0,9791192444420
천문학 이야기,팀 제임스,"과학, ","천문학, 교양천문학, ",181,9.77,9.0,9791157846467
원리로 이해하는 기후학,이광률,"과학, 과학, 대학교재, ","지구과학, 기상학/기후학, 대학교재, 지학/광물학, 자연과학, 지학/광물학, ",182,10.0,1.0,9791187021124
포에버 도그,로드니 하비브 외,"과학, 취미/실용/스포츠, ","생물학, 동물학, 반려동물, 강아지/개, ",183,10.0,9.0,9791197831713
뛰는 사람,베른트 하인리히,"과학, ","교양과학, 과학이야기, ",184,9.58,32.0,9791155814826
처음 읽는 양자컴퓨터 이야기,다케다 순타로,"과학, 과학, 컴퓨터/IT, 대학교재, ","물리학, 양자역학, 대학교재, 물리학, 컴퓨터공학, 컴퓨터공학/과학개론, 자연과학, 물리학, ",185,10.0,7.0,9791188569281
미적분의 힘,스티븐 스트로가츠,"과학, ","교양과학, 교양수학/수학이야기, ",186,9.77,96.0,9791164051335
한국의 야생화 도감,자연과 함께하는 사람들,"과학, ","도감, 식물도감, ",187,10.0,1.0,9788964091050
만약 시간이 존재하지 않는다면,카를로 로벨리,"과학, 과학, 과학, ","교양과학, 교양우주, 교양과학, 교양물리, 물리학, 양자역학, ",188,9.77,80.0,9791165343422
식물학자의 노트,신혜우,"과학, ","교양과학, 교양식물, ",189,9.73,70.0,9788934986942
꽃도감,한즈미디어 편집부,"과학, ","도감, 식물도감, ",190,9.66,26.0,9791160075755
"나는 풍요로웠고, 지구는 달라졌다",호프 자런,"과학, 정치/사회, 과학, ","교양과학, 교양자연, 사회문제/복지, 사회문제, 지구과학, 기상학/기후학, ",192,9.61,144.0,9788934990307
구름을 사랑하는 기술,아라키 켄타로,"과학, ","지구과학, 기상학/기후학, ",193,9.55,36.0,9788965709077
이중나선,제임스 왓슨,"과학, 과학, ","교양과학, 교양유전, 생물학, 생물과학, ",194,9.76,35.0,9788958206033
미술관에 간 화학자: 두번째 이야기,전창림,"과학, ","교양과학, 교양화학, ",195,9.81,30.0,9791187150565
테슬라 자서전,니콜라 테슬라,"과학, 시/에세이, ","교양과학, 과학자, 인물/자전적에세이, 과학자, ",196,7.5,4.0,9788994025773
미분적분,Hiroyuki Kojima,"과학, ","수학, 미분적분학, ",197,6.25,2.0,9788931582383
클래식 파인만,리처드 파인만 외,"과학, 시/에세이, ","교양과학, 과학자, 인물/자전적에세이, 과학자, ",198,9.81,34.0,9788983718945
슈퍼인텔리전스,닉 보스트롬,"과학, 컴퓨터/IT, ","교양과학, 과학이야기, 컴퓨터공학, 인공지능, ",199,9.64,38.0,9788972916321
당신의 주인은 DNA가 아니다,브루스 H. 립턴,"과학, 과학, ","교양과학, 교양생명과학, 생물학, 유전학, ",200,9.17,15.0,9788974431013
수학은 어떻게 문명을 만들었는가,마이클 브룩스,"과학, ","교양과학, 교양수학/수학이야기, ",101,9.45,143.0,9791140800285
마법에서 과학으로: 자석과 스핀트로닉스,김갑진,"과학, ","교양과학, 교양물리, ",102,10.0,10.0,9791190944311
호흡의 기술,제임스 네스터,"과학, 건강, ","교양과학, 과학이야기, 건강일반, 건강이야기, ",103,9.74,66.0,9791189799366
읽어야 풀리는 수학,나가노 히로유키,"과학, ","교양과학, 교양수학/수학이야기, ",104,9.88,12.0,9791187150718
이상한 수학책,벤 올린,"과학, ","교양과학, 교양수학/수학이야기, ",105,9.38,182.0,9791188850808
보이는 세상은 실재가 아니다,카를로 로벨리,"과학, 과학, 과학, ","교양과학, 교양물리, 교양과학, 교양우주, 물리학, 양자역학, ",106,9.65,150.0,9788965706205
물리 화학 사전,와쿠이 사다미,"과학, 과학, ","교양과학, 교양물리, 교양과학, 교양화학, ",107,9.63,150.0,9788955883398
모든 순간의 물리학,카를로 로벨리,"과학, 과학, ","교양과학, 교양물리, 교양과학, 교양우주, ",108,8.92,170.0,9788965703112
E=mc2,데이비드 보더니스,"과학, ","교양과학, 교양물리, ",109,9.9,18.0,9788901165851
수학의 역사,지즈강,"과학, ","교양과학, 교양수학/수학이야기, ",110,9.62,15.0,9788994418322
눈먼 시계공,리처드 도킨스,"과학, ","생물학, 생물학이론, ",111,9.37,41.0,9788983711533
파인만 씨 농담도 잘하시네 1,리처드 파인만,"과학, 시/에세이, ","교양과학, 과학자, 인물/자전적에세이, 과학자, ",112,9.32,75.0,9788983710444
미분기하학 바이블,Manfredo P. do Carmo,"과학, 과학, 대학교재, ","수학, 기하학, 대학교재, 수학, 자연과학, 수학, ",113,10.0,1.0,9791156646563
과학잡지 에피(24호),김연수 외,"과학, ","교양과학, 과학이야기, ",114,7.5,1.0,9772586200242
날마다 과학 생각,임두원,"과학, ","교양과학, 과학이야기, ",115,10.0,2.0,9791191360653
이토록 재밌는 면역 이야기,김은중,"과학, 과학, ","교양과학, 교양생물, 생물학, 면역,세포, ",116,10.0,13.0,9791167961129
AI 지도책,케이트 크로퍼드,"과학, ","교양과학, 과학이야기, ",117,9.92,25.0,9791188941896
생명이 있는 것은 다 아름답다(리커버),최재천,"과학, ","교양과학, 과학이야기, ",118,9.72,12.0,9788958722007
나를 알고 싶을 때 뇌과학을 공부합니다,질 볼트 테일러,"과학, ","교양과학, 뇌과학, ",119,9.58,76.0,9791155814512
Kreyszig 공업수학(하),Erwin Kreyszig,"과학, 과학, 대학교재, ","수학, 공업수학/대학수학, 대학교재, 수학, 자연과학, 수학, ",120,8.85,9.0,9791191679052
"지구는 괜찮아, 우리가 문제지",곽재식,"과학, 정치/사회, 과학, ","교양과학, 과학이야기, 사회문제/복지, 사회문제, 지구과학, 기상학/기후학, ",121,9.65,42.0,9791167740342
일어날 일은 일어난다,박권,"과학, 과학, ","물리학, 양자역학, 교양과학, 교양물리, ",122,9.27,51.0,9788962623925
인간과 동물의 감정 표현,찰스 다윈,"과학, ","교양과학, 교양유전, ",123,9.95,77.0,9791189198879
우리는 왜 잠을 자야 할까,매슈 워커,"과학, 건강, ","교양과학, 과학이야기, 질병치료/예방, 수면, ",125,9.62,179.0,9788932919584
생명은 어떻게 작동하는가,박문호,"과학, ","생물학, 생물과학, ",126,9.26,71.0,9788934984689
수학 사전,와쿠이 요시유키,"과학, 중/고등참고서, 청소년, ","교양과학, 교양수학/수학이야기, 영어/수학일반/한자, 수학관련, 청소년 과학/컴퓨터, ",127,9.6,141.0,9788955883404
내 속엔 미생물이 너무도 많아,에드 용,"과학, 과학, ","교양과학, 교양생물, 생물학, 미생물학, ",128,9.57,18.0,9791160560251
동물의 생각에 관한 생각,프란스 드 발,"과학, ","교양과학, 교양동물, ",129,9.65,31.0,9788984076334
건강한 장이 사람을 살린다,저스틴 소넨버그 외,"과학, 과학, ","교양과학, 교양생물, 생물학, 미생물학, ",130,7.5,2.0,9788993212785
에덴의 용,칼 세이건,"과학, ","교양과학, 교양생명과학, ",131,9.67,55.0,9788983711830
파인만의 여섯가지 물리 이야기,리처드 파인만,"과학, ","교양과학, 교양물리, ",132,9.33,67.0,9788988907412
뉴턴의 무정한 세계,정인경,"과학, ","교양과학, 과학이야기, ",133,0.0,,9791189680442
미분과 적분,뉴턴프레스 외,"과학, ","수학, 미분적분학, ",134,0.0,,9791161961279
웃음이 닮았다,칼 짐머,"과학, ","교양과학, 교양유전, ",135,9.86,17.0,9791192107301
숨은 시스템,댄 놋,"과학, ","교양과학, 과학이야기, ",136,10.0,3.0,9791192444437
소리의 마음들,니나 크라우스,"과학, ","교양과학, 뇌과학, ",137,10.0,12.0,9791168123823
과학잡학사전 통조림: 일반과학편,사마키 다케오,"과학, ","교양과학, 과학이야기, ",138,9.84,27.0,9791188635788
한 번 읽으면 절대 잊을 수 없는 물리 교과서,이케스에 쇼타,"과학, ","교양과학, 교양물리, ",139,9.5,5.0,9791168621213
심장에 관한 거의 모든 이야기,빌 슈트,"과학, 과학, ","교양과학, 과학이야기, 생물학, 생물학이론, ",140,9.77,9.0,9791192706054
데이비드 윌콕의 동시성,데이비드 윌콕,"과학, ","교양과학, 과학이야기, ",141,9.17,5.0,9791192151540
다윈의 사도들,최재천,"과학, ","교양과학, 교양유전, ",142,9.89,35.0,9791192107325
미적분학 2,김홍종,"과학, 과학, 대학교재, ","수학, 미분적분학, 대학교재, 수학, 자연과학, 수학, ",143,0.0,,9788952131867
레닌저 생화학(상),David L. Nelson 외,"과학, 과학, 대학교재, ","생물학, 생화학, 대학교재, 생명과학, 자연과학, 생명과학, ",144,10.0,5.0,9788958813132
2023 미래 과학 트렌드,국립과천과학관 외,"과학, ","교양과학, 과학이야기, ",145,10.0,17.0,9791168125377
"매스매틱스 3: 알콰리즈미, 피보나치 편",이상엽,"과학, ","교양과학, 교양수학/수학이야기, ",146,10.0,6.0,9791165219451
사소해서 물어보지 못했지만 궁금했던 이야기 2,사물궁이 잡학지식,"과학, ","교양과학, 과학이야기, ",147,9.76,69.0,9788950900151
Kreyszig 공업수학(상),Erwin Kreyszig,"과학, 과학, 대학교재, ","수학, 공업수학/대학수학, 대학교재, 수학, 자연과학, 수학, ",148,9.71,20.0,9791191679045
생각은 어떻게 행동이 되는가,데이비드 바드르,"과학, ","교양과학, 뇌과학, ",149,9.56,52.0,9791164051519
퀀텀의 세계,이순칠,"과학, ","물리학, 양자역학, ",150,9.57,35.0,9791164051403
분자 조각가들,백승만,"과학, 기술/공학, ","교양과학, 교양화학, 의학, 약학, ",51,9.77,38.0,9791164052059
형태의 기원,크리스토퍼 윌리엄스,"과학, 기술/공학, 과학, ","교양과학, 과학이야기, 건축/인테리어, 건축디자인, 생물학, 생태학, ",52,10.0,6.0,9791189143428
구름 관찰자를 위한 가이드,개빈 프레터피니,"과학, ","지구과학, 기상학/기후학, ",53,9.5,22.0,9788934943419
사소해서 물어보지 못했지만 궁금했던 이야기,사물궁이 잡학지식,"과학, ","교양과학, 과학이야기, ",54,9.58,107.0,9788950991913
공감의 반경,장대익,"과학, ","교양과학, 뇌과학, ",55,9.46,11.0,9791166891182
나를 나답게 만드는 것들,빌 설리번,"과학, 과학, 과학, ","교양과학, 교양생물, 생물학, 미생물학, 생물학, 유전학, ",56,9.46,110.0,9791135492402
박문호 박사의 뇌과학 공부,박문호,"과학, ","교양과학, 뇌과학, ",57,9.65,74.0,9788934979517
차이에 관한 생각,프란스 드 발,"과학, ","교양과학, 과학이야기, ",58,9.68,55.0,9788984079946
거의 모든 것의 역사(개역판),빌 브라이슨,"과학, ","과학이론, 과학이론일반, ",59,9.47,93.0,9788972917113
시간은 흐르지 않는다,카를로 로벨리,"과학, 과학, ","교양과학, 교양물리, 교양과학, 교양우주, ",60,9.6,382.0,9788965708063
수상한 생선의 진짜로 해부하는 과학책 1: 바다 생물,김준연,"과학, ","교양과학, 교양생물, ",61,9.67,12.0,9788950945015
나를 잃어버린 사람들,아닐 아난타스와미,"과학, ","교양과학, 뇌과학, ",62,10.0,14.0,9791140703418
우리가 운명이라고 불렀던 것들,슈테판 클라인,"과학, ","교양과학, 과학이야기, ",63,9.85,66.0,9791192625270
정재승의 과학 콘서트,정재승,"과학, ","교양과학, 과학이야기, ",64,9.67,169.0,9791190030540
아내를 모자로 착각한 남자,올리버 색스,"과학, ","교양과학, 과학이야기, ",65,9.55,486.0,9791159920257
더 위험한 과학책,랜들 먼로,"과학, ","교양과학, 과학이야기, ",66,9.6,236.0,9788952751546
나노 화학,장홍제,"과학, ","교양과학, 교양화학, ",67,10.0,1.0,9791160806984
세상에서 수학이 사라진다면,매트 파커,"과학, ","교양과학, 교양수학/수학이야기, ",68,9.64,5.0,9791130642437
불확실성의 시대,토비아스 휘터,"과학, 과학, ","과학이론, 과학의역사, 교양과학, 교양물리, ",69,9.72,23.0,9788965965695
수학 인문으로 수를 읽다,이광연,"과학, ","교양과학, 교양수학/수학이야기, ",70,9.24,58.0,9788987527376
사계절 기억책,최원형,"과학, 과학, 과학, 과학, 청소년, ","교양과학, 교양생물, 교양과학, 교양자연, 생물학, 생물과학, 청소년 교양과학, 청소년 과학/컴퓨터, ",71,9.91,26.0,9788968334320
피타고라스 생각 수업,이광연,"과학, 과학, 청소년, ","교양과학, 교양수학/수학이야기, 청소년 교양과학, 청소년 과학/컴퓨터, ",72,10.0,21.0,9791191104578
과학의 역사,윌리엄 바이넘,"과학, ","과학이론, 과학의역사, ",73,9.9,25.0,9791188941957
사소해서 물어보지 못했지만 궁금했던 이야기 3,김경민 외,"과학, ","교양과학, 과학이야기, ",74,10.0,5.0,9788950967055
기초 물리 사전,오가와 신지로,"과학, ","교양과학, 교양물리, ",75,10.0,2.0,9788955884371
90일 밤의 우주,김명진 외,"과학, ","교양과학, 교양우주, ",76,10.0,19.0,9791157689200
다윈의 미완성 교향곡,케빈 랠런드,"과학, 과학, ","교양과학, 교양유전, 교양과학, 교양생물, ",77,10.0,9.0,9788962624908
인체 해부학 대백과,켄 에슈웰,"과학, 건강, 기술/공학, ","교양과학, 교양생물, 건강일반, 건강상식, 의학, 기초의학, ",78,10.0,3.0,9788964946008
과학이 필요한 시간,궤도,"과학, ","교양과학, 과학이야기, ",79,10.0,28.0,9788962624670
일반물리학 2,David Halliday 외,"과학, 과학, 대학교재, ","물리학, 물리학일반, 대학교재, 물리학, 자연과학, 물리학, ",80,10.0,14.0,9791197305436
창백한 푸른점,칼 세이건,"과학, ","천문학, 교양천문학, ",81,9.82,128.0,9788983719201
줌달의 일반화학,Steven S. Zumdahl,"과학, 과학, 대학교재, ","화학, 일반화학, 대학교재, 화학, 자연과학, 화학, ",82,9.8,98.0,9788962184358
수학이 필요한 순간,김민형,"과학, ","교양과학, 교양수학/수학이야기, ",83,9.34,330.0,9791186560785
환각,올리버 색스,"과학, ","교양과학, 과학이야기, ",84,9.43,16.0,9788994963884
사소해서 물어보지 못했지만 궁금했던 이야기 4,김경민 외,"과학, ","교양과학, 과학이야기, ",85,10.0,1.0,9788950935924
노화의 역행,베스 베넷,"과학, ","교양과학, 교양생물, ",86,9.7,26.0,9791197781186
생명과 약의 연결고리,김성훈,"과학, 기술/공학, ","교양과학, 과학이야기, 의학, 약학, ",87,10.0,18.0,9788901269306
양자역학 이야기,팀 제임스,"과학, ","물리학, 양자역학, ",88,8.75,16.0,9791157846313
면역,필리프 데트머,"과학, ","생물학, 면역,세포, ",89,10.0,30.0,9791192107271
내가 된다는 것,아닐 세스,"과학, ","교양과학, 과학이야기, ",90,9.63,47.0,9788965965169
궤도의 과학 허세(리커버),궤도,"과학, ","교양과학, 과학이야기, ",91,9.95,34.0,9788962624366
이해하는 미적분 수업,데이비드 애치슨,"과학, 과학, 대학교재, ","수학, 미분적분학, 대학교재, 수학, 자연과학, 수학, ",92,9.29,121.0,9791189932473
나는 농담으로 과학을 말한다,오후,"과학, ","교양과학, 과학이야기, ",93,9.43,116.0,9791188248926
식물의 도시,헬레나 도브 외,"과학, ","교양과학, 교양식물, ",94,0.0,,9791187936541
느낌의 발견,안토니오 다마지오,"과학, ","교양과학, 뇌과학, ",95,10.0,3.0,9788950906214
수상한 생선의 진짜로 해부하는 과학책 2: 육상 생물,김준연,"과학, ","교양과학, 교양생물, ",96,9.5,5.0,9788950945527
무엇이 우리를 다정하게 만드는가,스테퍼니 프레스턴,"과학, 인문, 과학, ","교양과학, 뇌과학, 심리학, 교양심리, 교양과학, 과학이야기, ",97,9.22,25.0,9791141104245
미적분학 1,김홍종,"과학, 과학, 대학교재, ","수학, 미분적분학, 대학교재, 수학, 자연과학, 수학, ",98,10.0,2.0,9788952131850
잠 못들 정도로 재미있는 이야기: 자율신경계,고바야시 히로유키,"과학, ","교양과학, 교양생물, ",99,9.79,8.0,9788931558227
확장된 표현형(40주년 기념 리커버),리처드 도킨스,"과학, ","생물학, 유전학, ",100,8.97,12.0,9788932474793
하늘과 바람과 별과 인간,김상욱,"과학, ","교양과학, 교양물리, ",1,9.63,134.0,9791166891496
물고기는 존재하지 않는다,룰루 밀러,"과학, 시/에세이, 과학, 과학, ","교양과학, 과학이야기, 인물/자전적에세이, 과학자, 교양과학, 교양생물, 교양과학, 과학자, ",2,9.45,803.0,9791189327156
코스모스,칼 세이건,"과학, ","천문학, 교양천문학, ",29,9.7,323.0,9788983711540
이기적 유전자,리처드 도킨스,"과학, ","교양과학, 교양유전, ",4,9.57,1163.0,9788932473901
생물학의 쓸모,김응빈,"과학, ","교양과학, 교양생물, ",5,10.0,15.0,9791140704705
다정한 것이 살아남는다(10만 부 기념 스페셜 에디션),브라이언 헤어 외,"과학, 인문, ","교양과학, 교양유전, 인문학일반, 인문교양, ",6,9.63,307.0,9791197413025
기후 책,그레타 툰베리,"과학, 기술/공학, ","지구과학, 기상학/기후학, 환경/소방/도시/조경, 환경문제, ",7,0.0,,9788934964100
비전공자도 이해할 수 있는 AI 지식(챗GPT 수록 개정판),박상길,"과학, 컴퓨터/IT, ","교양과학, 과학이야기, 컴퓨터공학, 인공지능, ",8,10.0,11.0,9791167960917
아주 위험한 과학책,랜들 먼로,"과학, ","교양과학, 과학이야기, ",9,9.86,91.0,9791169257176
죽음의 죽음,호세 코르데이로 외,"과학, 교보오리지널, ","교양과학, 교양생명과학, 일반, 인문/사회/경제, ",10,9.69,8.0,9791170610076
또! 까면서 보는 해부학 만화,압듈라,"과학, ","교양과학, 교양생물, ",11,10.0,9.0,9791157846733
와일드후드,바버라 내터슨 호로위츠 외,"과학, ","교양과학, 교양생물, ",12,9.69,65.0,9791165347314
자신의 존재에 대해 사과하지 말 것,카밀라 팡,"과학, 인문, ","교양과학, 과학이야기, 심리학, 심리이론, ",13,9.82,61.0,9791156754107
생명이란 무엇인가,에르빈 슈뢰딩거,"과학, 과학, 대학교재, ","생물학, 생물과학, 대학교재, 생명과학, 자연과학, 생명과학, ",14,9.3,15.0,9788946080867
암컷들,루시 쿡,"과학, 과학, ","교양과학, 교양생물, 교양과학, 교양유전, ",15,9.54,28.0,9788901271514
이토록 뜻밖의 뇌과학,리사 팰트먼 배럿,"과학, ","교양과학, 뇌과학, ",16,9.48,133.0,9791165215842
떨림과 울림,김상욱,"과학, 과학, 과학, ","교양과학, 과학이야기, 교양과학, 교양물리, 물리학, 양자역학, ",17,9.6,405.0,9788962622508
아메리칸 프로메테우스(특별판),카이 버드 외,"과학, 시/에세이, ","교양과학, 과학자, 인물/자전적에세이, 과학자, ",18,10.0,1.0,9791192908236
박문호 박사의 빅히스토리 공부,박문호,"과학, ","교양과학, 과학이야기, ",19,9.65,199.0,9788934961789
종의 기원,찰스 다윈 외,"과학, ","교양과학, 교양유전, ",20,9.77,231.0,9791189198862
"숨겨진 뼈, 드러난 뼈",로이 밀스,"과학, ","교양과학, 교양생물, ",21,10.0,41.0,9791164052066
과학으로 보는 문화와 미래 사회,이원하,"과학, ","교양과학, 과학이야기, ",22,10.0,1.0,9788971805916
원더풀 사이언스,나탈리 앤지어,"과학, ","과학이론, 과학이론일반, ",23,9.53,84.0,9788959090532
인간의 자리,박한선,"과학, ","교양과학, 과학이야기, ",24,10.0,2.0,9791166891557
수학의 쓸모,닉 폴슨 외,"과학, ","교양과학, 교양수학/수학이야기, ",25,9.63,142.0,9791165210991
판타 레이,민태기,"과학, ","교양과학, 과학이야기, ",26,9.64,31.0,9791191187328
이토록 굉장한 세계,에드 용,"과학, 정치/사회, 과학, 과학, ","교양과학, 과학이야기, 사회문제/복지, 사회문제, 교양과학, 교양동물, 생물학, 동물학, ",27,9.71,68.0,9791167740946
프리드버그 선형대수학,스티븐 H. 프리드버그 외,"과학, 과학, 컴퓨터/IT, 대학교재, ","수학, 선형대수학, 대학교재, 수학, 컴퓨터공학, 자료구조/알고리즘, 자연과학, 수학, ",28,9.86,39.0,9791156644910
통계 101×데이터 분석,아베 마사토,"과학, 컴퓨터/IT, ","수학, 통계, 데이터베이스, 데이터베이스일반, ",30,9.68,20.0,9788965403388
미적분의 쓸모,한화택,"과학, 과학, ","교양과학, 교양수학/수학이야기, 수학, 미분적분학, ",31,9.68,37.0,9791165219550
사이코패스 뇌과학자,제임스 팰런,"과학, 인문, ","교양과학, 뇌과학, 심리학, 교양심리, ",32,9.44,47.0,9791165212773
천 개의 뇌,제프 호킨스,"과학, ","교양과학, 뇌과학, ",33,8.97,20.0,9791189143282
지구의 마지막 숲을 걷다,벤 롤런스,"과학, 정치/사회, 과학, ","교양과학, 교양자연, 사회문제/복지, 사회문제, 지구과학, 기상학/기후학, ",34,8.75,2.0,9791191247350
다윈 지능,최재천,"과학, ","교양과학, 교양유전, ",36,9.84,23.0,9791192107318
최종 경고: 6도의 멸종,마크 라이너스,"과학, 정치/사회, ","지구과학, 기상학/기후학, 사회문제/복지, 사회문제, ",37,9.63,56.0,9788984079717
까면서 보는 해부학 만화,압듈라,"과학, 기술/공학, ","교양과학, 교양생물, 의학, 기초의학, ",38,9.78,158.0,9791157844241
사과 향은 없다,최낙언,"과학, 기술/공학, ","교양과학, 교양화학, 생활과학, 식품학, ",39,0.0,,9788970016344
명상하는 뇌,대니얼 골먼 외,"과학, ","교양과학, 뇌과학, ",41,9.81,25.0,9788934943600
엔드 오브 타임,브라이언 그린,"과학, 과학, ","교양과학, 교양우주, 교양과학, 교양물리, ",42,9.72,190.0,9791164137411
위험한 과학책,랜들 먼로,"과학, ","교양과학, 과학이야기, ",43,9.58,364.0,9788952773326
엔트로피,제레미 리프킨,"과학, ","교양과학, 과학이야기, ",44,9.3,123.0,9788986698824
외계인 인터뷰,유리타,"과학, ","교양과학, 교양우주, ",45,9.32,91.0,9788996671022
당신이 우주다,디팩 초프라 외,"과학, ","교양과학, 과학이야기, ",46,9.84,25.0,9788934942412
이과형의 만만한 과학책,이과형(유우종),"과학, ","교양과학, 과학이야기, ",47,9.46,42.0,9791158512569
우리는 각자의 세계가 된다,데이비드 이글먼,"과학, ","교양과학, 뇌과학, ",48,9.54,55.0,9788925577227
건강의 뇌과학,제임스 굿윈,"과학, 인문, 건강, 자기계발, ","교양과학, 뇌과학, 심리학, 교양심리, 뇌건강, 뇌혁명, 자기능력계발, 마인드콘트롤/감정, ",49,9.66,34.0,9791139706673
